source,held_out,triple_id,dominant_donor,method,budget,level,mae_penalty_pp,rmse_penalty_pp,absolute_error_0_penalty_pp,absolute_error_1_penalty_pp,absolute_error_2_penalty_pp,absolute_error_3_penalty_pp,absolute_error_4_penalty_pp,absolute_error_5_penalty_pp,source_csv_line,source_csv,source_csv_sha256,source_review,source_review_sha256,unit,contrast,targets_averaged,reference_draws_averaged,plot_y,panel
original_grouping,HC-014,0,IGTB1921,music_weighted,60,ratio10,-0.5271611203723253,-0.3823402616190702,-0.2144127324088792,-0.2078823748325192,-0.7330177661249242,0.7286086768078486,-1.0910589406566364,-1.6452035850188231,11,results/music_external_review/20260917T133518483857Z/reference_arrangement_penalties.csv,67d11393f1ae62361838d60f4aeba6a374e9854a6ea36d10606df46bd45989a9,results/music_external_review/20260917T133518483857Z/review.json,f8bbd3cd9256b33aeb731d98a280a49da00f052fd0d181dcf29d6cb4bc00143d,percentage points,MAE(ratio10) - MAE(balanced),60,3,-0.28,a
original_grouping,HC-014,0,IGTB1966,music_weighted,60,ratio10,-0.1597698725283398,0.0468247094612057,0.0203199831662198,0.0223551426372764,-0.8644622542020275,0.4640141447728774,0.04869160655023,-0.6495378580946002,29,results/music_external_review/20260917T133518483857Z/reference_arrangement_penalties.csv,67d11393f1ae62361838d60f4aeba6a374e9854a6ea36d10606df46bd45989a9,results/music_external_review/20260917T133518483857Z/review.json,f8bbd3cd9256b33aeb731d98a280a49da00f052fd0d181dcf29d6cb4bc00143d,percentage points,MAE(ratio10) - MAE(balanced),60,3,-0.22909090909090912,a
original_grouping,HC-014,0,IGTB826,music_weighted,60,ratio10,-0.5925854951978622,-0.6235555419891476,0.1686273299001477,-0.0878817077407365,-0.9466703318858656,-0.1485790190592869,-0.0668878262930386,-2.4741214161083924,47,results/music_external_review/20260917T133518483857Z/reference_arrangement_penalties.csv,67d11393f1ae62361838d60f4aeba6a374e9854a6ea36d10606df46bd45989a9,results/music_external_review/20260917T133518483857Z/review.json,f8bbd3cd9256b33aeb731d98a280a49da00f052fd0d181dcf29d6cb4bc00143d,percentage points,MAE(ratio10) - MAE(balanced),60,3,-0.17818181818181822,a
original_grouping,HC-014,1,HC-502,music_weighted,60,ratio10,0.1625675030642241,0.1781617628596252,1.724727578661877,0.8229355349003104,0.116621655045887,-0.2353643314914602,-0.950767755508697,-0.5027476632225599,65,results/music_external_review/20260917T133518483857Z/reference_arrangement_penalties.csv,67d11393f1ae62361838d60f4aeba6a374e9854a6ea36d10606df46bd45989a9,results/music_external_review/20260917T133518483857Z/review.json,f8bbd3cd9256b33aeb731d98a280a49da00f052fd0d181dcf29d6cb4bc00143d,percentage points,MAE(ratio10) - MAE(balanced),60,3,-0.1272727272727273,a
original_grouping,HC-014,1,IGTB256,music_weighted,60,ratio10,0.0569577656897735,0.0081309837790766,1.1342302632122512,0.5826202395421477,-0.6370905041796455,0.0399998021457826,-0.5908381246030762,-0.1871750819788029,83,results/music_external_review/20260917T133518483857Z/reference_arrangement_penalties.csv,67d11393f1ae62361838d60f4aeba6a374e9854a6ea36d10606df46bd45989a9,results/music_external_review/20260917T133518483857Z/review.json,f8bbd3cd9256b33aeb731d98a280a49da00f052fd0d181dcf29d6cb4bc00143d,percentage points,MAE(ratio10) - MAE(balanced),60,3,-0.07636363636363638,a
original_grouping,HC-014,1,IGTB498,music_weighted,60,ratio10,-0.1127474417927363,-0.1992324713386287,0.7107734139898617,0.558430482689214,-0.4239821740209127,0.1014987988165011,-0.1549992884086493,-1.4682058838224237,101,results/music_external_review/20260917T133518483857Z/reference_arrangement_penalties.csv,67d11393f1ae62361838d60f4aeba6a374e9854a6ea36d10606df46bd45989a9,results/music_external_review/20260917T133518483857Z/review.json,f8bbd3cd9256b33aeb731d98a280a49da00f052fd0d181dcf29d6cb4bc00143d,percentage points,MAE(ratio10) - MAE(balanced),60,3,-0.025454545454545452,a
original_grouping,HC-014,2,IGTB1506,music_weighted,60,ratio10,-1.0175896310789578,-0.9830905202351096,-0.5724005021672312,-0.0522453172310733,-2.6620504474069904,0.1017158284692386,-1.7142850975382748,-1.2062722505994043,119,results/music_external_review/20260917T133518483857Z/reference_arrangement_penalties.csv,67d11393f1ae62361838d60f4aeba6a374e9854a6ea36d10606df46bd45989a9,results/music_external_review/20260917T133518483857Z/review.json,f8bbd3cd9256b33aeb731d98a280a49da00f052fd0d181dcf29d6cb4bc00143d,percentage points,MAE(ratio10) - MAE(balanced),60,3,0.025454545454545452,a
original_grouping,HC-014,2,IGTB508,music_weighted,60,ratio10,-0.8381966515200903,-0.7924907511361501,-0.1858988996978361,0.1775773649984973,-2.0045770401386664,0.7869815666806987,-1.7901075571197584,-2.0131553438434726,137,results/music_external_review/20260917T133518483857Z/reference_arrangement_penalties.csv,67d11393f1ae62361838d60f4aeba6a374e9854a6ea36d10606df46bd45989a9,results/music_external_review/20260917T133518483857Z/review.json,f8bbd3cd9256b33aeb731d98a280a49da00f052fd0d181dcf29d6cb4bc00143d,percentage points,MAE(ratio10) - MAE(balanced),60,3,0.07636363636363636,a
original_grouping,HC-014,2,IGTB514,music_weighted,60,ratio10,-0.8180903082999177,-0.8401401464892024,0.0443223298367678,-0.1303860733908768,-2.7689628352634283,0.1006815799899777,-1.1315850018605376,-1.0226118491114116,155,results/music_external_review/20260917T133518483857Z/reference_arrangement_penalties.csv,67d11393f1ae62361838d60f4aeba6a374e9854a6ea36d10606df46bd45989a9,results/music_external_review/20260917T133518483857Z/review.json,f8bbd3cd9256b33aeb731d98a280a49da00f052fd0d181dcf29d6cb4bc00143d,percentage points,MAE(ratio10) - MAE(balanced),60,3,0.12727272727272726,a
original_grouping,HC-014,3,IGTB1650,music_weighted,60,ratio10,-0.4964557576091271,-0.4514509826080221,-0.0545719749763694,-0.1427743510270041,-0.5304467392867735,0.4769044063944265,-0.1974240537157974,-2.5304218330432566,173,results/music_external_review/20260917T133518483857Z/reference_arrangement_penalties.csv,67d11393f1ae62361838d60f4aeba6a374e9854a6ea36d10606df46bd45989a9,results/music_external_review/20260917T133518483857Z/review.json,f8bbd3cd9256b33aeb731d98a280a49da00f052fd0d181dcf29d6cb4bc00143d,percentage points,MAE(ratio10) - MAE(balanced),60,3,0.17818181818181816,a
original_grouping,HC-014,3,IGTB1913,music_weighted,60,ratio10,-0.5099920558485591,-0.4244005656432071,-0.2374711221352536,-0.2178857954007258,0.419068807911272,0.2420472256759389,-0.4495110760885699,-2.816200375054028,191,results/music_external_review/20260917T133518483857Z/reference_arrangement_penalties.csv,67d11393f1ae62361838d60f4aeba6a374e9854a6ea36d10606df46bd45989a9,results/music_external_review/20260917T133518483857Z/review.json,f8bbd3cd9256b33aeb731d98a280a49da00f052fd0d181dcf29d6cb4bc00143d,percentage points,MAE(ratio10) - MAE(balanced),60,3,0.22909090909090912,a
original_grouping,HC-014,3,IGTB195,music_weighted,60,ratio10,-0.3494386497542273,-0.1388147994079827,-0.0964236545495531,-0.4431556597849175,0.0816012394074005,0.7495316298440787,-1.820453563504272,-0.5677318899380949,209,results/music_external_review/20260917T133518483857Z/reference_arrangement_penalties.csv,67d11393f1ae62361838d60f4aeba6a374e9854a6ea36d10606df46bd45989a9,results/music_external_review/20260917T133518483857Z/review.json,f8bbd3cd9256b33aeb731d98a280a49da00f052fd0d181dcf29d6cb4bc00143d,percentage points,MAE(ratio10) - MAE(balanced),60,3,0.28,a
original_grouping,HC-502,0,IGTB1506,music_weighted,60,ratio10,1.1518622841189343,1.2025356567848764,1.6946859207698366,1.2446463658360252,0.7023450599129313,1.1836823705932764,1.4515849167938408,0.6342290708076886,227,results/music_external_review/20260917T133518483857Z/reference_arrangement_penalties.csv,67d11393f1ae62361838d60f4aeba6a374e9854a6ea36d10606df46bd45989a9,results/music_external_review/20260917T133518483857Z/review.json,f8bbd3cd9256b33aeb731d98a280a49da00f052fd0d181dcf29d6cb4bc00143d,percentage points,MAE(ratio10) - MAE(balanced),60,3,0.72,a
original_grouping,HC-502,0,IGTB256,music_weighted,60,ratio10,1.0405653306034086,1.0122976773415615,1.8249298813074937,1.0589841834784943,0.4682447630336961,0.93810435419824,1.4475414218156653,0.5055873797868544,245,results/music_external_review/20260917T133518483857Z/reference_arrangement_penalties.csv,67d11393f1ae62361838d60f4aeba6a374e9854a6ea36d10606df46bd45989a9,results/music_external_review/20260917T133518483857Z/review.json,f8bbd3cd9256b33aeb731d98a280a49da00f052fd0d181dcf29d6cb4bc00143d,percentage points,MAE(ratio10) - MAE(balanced),60,3,0.7709090909090909,a
original_grouping,HC-502,0,IGTB514,music_weighted,60,ratio10,1.0401576298741504,1.0162381055973837,1.5273157519031395,1.2453538917420834,0.566136922084921,0.99780827287275,1.2575500001935072,0.6467809404484937,263,results/music_external_review/20260917T133518483857Z/reference_arrangement_penalties.csv,67d11393f1ae62361838d60f4aeba6a374e9854a6ea36d10606df46bd45989a9,results/music_external_review/20260917T133518483857Z/review.json,f8bbd3cd9256b33aeb731d98a280a49da00f052fd0d181dcf29d6cb4bc00143d,percentage points,MAE(ratio10) - MAE(balanced),60,3,0.8218181818181818,a
original_grouping,HC-502,1,IGTB1650,music_weighted,60,ratio10,1.1069897878887835,1.330985010068085,2.171625490116797,0.5605724703762947,1.6243805345599127,1.1029043493138582,0.8101836632849252,0.3722722196809039,281,results/music_external_review/20260917T133518483857Z/reference_arrangement_penalties.csv,67d11393f1ae62361838d60f4aeba6a374e9854a6ea36d10606df46bd45989a9,results/music_external_review/20260917T133518483857Z/review.json,f8bbd3cd9256b33aeb731d98a280a49da00f052fd0d181dcf29d6cb4bc00143d,percentage points,MAE(ratio10) - MAE(balanced),60,3,0.8727272727272727,a
original_grouping,HC-502,1,IGTB195,music_weighted,60,ratio10,1.2374529585745648,1.4663015901820575,1.845212989788332,0.3397457072303435,1.4741331434864862,1.4562476265094426,0.991804129270914,1.3175741551618687,299,results/music_external_review/20260917T133518483857Z/reference_arrangement_penalties.csv,67d11393f1ae62361838d60f4aeba6a374e9854a6ea36d10606df46bd45989a9,results/music_external_review/20260917T133518483857Z/review.json,f8bbd3cd9256b33aeb731d98a280a49da00f052fd0d181dcf29d6cb4bc00143d,percentage points,MAE(ratio10) - MAE(balanced),60,3,0.9236363636363636,a
original_grouping,HC-502,1,IGTB508,music_weighted,60,ratio10,1.0177937913485833,1.230106812166463,1.8662103220069488,0.5687168186416525,1.3992754236748328,1.1654191167500882,0.666792926338364,0.4403481406796121,317,results/music_external_review/20260917T133518483857Z/reference_arrangement_penalties.csv,67d11393f1ae62361838d60f4aeba6a374e9854a6ea36d10606df46bd45989a9,results/music_external_review/20260917T133518483857Z/review.json,f8bbd3cd9256b33aeb731d98a280a49da00f052fd0d181dcf29d6cb4bc00143d,percentage points,MAE(ratio10) - MAE(balanced),60,3,0.9745454545454546,a
original_grouping,HC-502,2,HC-014,music_weighted,60,ratio10,0.950138021003403,1.3432790554982237,0.1491359285330121,0.765651974903808,2.114251230940787,1.7183824498424536,-0.0616850582520267,1.0150916000523875,335,results/music_external_review/20260917T133518483857Z/reference_arrangement_penalties.csv,67d11393f1ae62361838d60f4aeba6a374e9854a6ea36d10606df46bd45989a9,results/music_external_review/20260917T133518483857Z/review.json,f8bbd3cd9256b33aeb731d98a280a49da00f052fd0d181dcf29d6cb4bc00143d,percentage points,MAE(ratio10) - MAE(balanced),60,3,1.0254545454545454,a
original_grouping,HC-502,2,HC-572,music_weighted,60,ratio10,1.1661650057177038,1.4815399813026362,0.3080866198855002,1.4258168442079715,1.5721355838968791,2.1642557554637034,0.5940276920634264,0.932667538788742,353,results/music_external_review/20260917T133518483857Z/reference_arrangement_penalties.csv,67d11393f1ae62361838d60f4aeba6a374e9854a6ea36d10606df46bd45989a9,results/music_external_review/20260917T133518483857Z/review.json,f8bbd3cd9256b33aeb731d98a280a49da00f052fd0d181dcf29d6cb4bc00143d,percentage points,MAE(ratio10) - MAE(balanced),60,3,1.0763636363636364,a
original_grouping,HC-502,2,IGTB1913,music_weighted,60,ratio10,1.1223840969784482,1.5117508075919777,0.6723658405974494,1.206409527341349,1.4578893358592384,2.236368005683088,0.0323223276513611,1.1289495447382043,371,results/music_external_review/20260917T133518483857Z/reference_arrangement_penalties.csv,67d11393f1ae62361838d60f4aeba6a374e9854a6ea36d10606df46bd45989a9,results/music_external_review/20260917T133518483857Z/review.json,f8bbd3cd9256b33aeb731d98a280a49da00f052fd0d181dcf29d6cb4bc00143d,percentage points,MAE(ratio10) - MAE(balanced),60,3,1.1272727272727272,a
original_grouping,HC-502,3,IGTB1921,music_weighted,60,ratio10,0.5438631677947652,0.6012132292204941,0.434975711990904,1.2665992709501903,-0.255368318436278,0.8115446812387366,-0.2000735256888917,1.2055011867139267,389,results/music_external_review/20260917T133518483857Z/reference_arrangement_penalties.csv,67d11393f1ae62361838d60f4aeba6a374e9854a6ea36d10606df46bd45989a9,results/music_external_review/20260917T133518483857Z/review.json,f8bbd3cd9256b33aeb731d98a280a49da00f052fd0d181dcf29d6cb4bc00143d,percentage points,MAE(ratio10) - MAE(balanced),60,3,1.1781818181818182,a
original_grouping,HC-502,3,IGTB1966,music_weighted,60,ratio10,0.7389352432596072,0.8154631003032244,1.105194112008923,0.8062300045337231,-0.3587766599902362,0.2836721922940854,0.8730042705201005,1.724287540191051,407,results/music_external_review/20260917T133518483857Z/reference_arrangement_penalties.csv,67d11393f1ae62361838d60f4aeba6a374e9854a6ea36d10606df46bd45989a9,results/music_external_review/20260917T133518483857Z/review.json,f8bbd3cd9256b33aeb731d98a280a49da00f052fd0d181dcf29d6cb4bc00143d,percentage points,MAE(ratio10) - MAE(balanced),60,3,1.229090909090909,a
original_grouping,HC-502,3,IGTB826,music_weighted,60,ratio10,0.4226585837333717,0.3106100023740995,0.8451593340770622,1.3024695347975308,-0.8731805932324375,0.7117555804064439,0.525573486808,0.0241741595436322,425,results/music_external_review/20260917T133518483857Z/reference_arrangement_penalties.csv,67d11393f1ae62361838d60f4aeba6a374e9854a6ea36d10606df46bd45989a9,results/music_external_review/20260917T133518483857Z/review.json,f8bbd3cd9256b33aeb731d98a280a49da00f052fd0d181dcf29d6cb4bc00143d,percentage points,MAE(ratio10) - MAE(balanced),60,3,1.28,a
original_grouping,HC-572,0,HC-014,music_weighted,60,ratio10,0.3346355984199626,0.4613888084539325,-0.1107049427727741,0.4317559208724394,0.5410366063488942,0.2490068187894058,-0.0880637812758679,0.9847829685576718,443,results/music_external_review/20260917T133518483857Z/reference_arrangement_penalties.csv,67d11393f1ae62361838d60f4aeba6a374e9854a6ea36d10606df46bd45989a9,results/music_external_review/20260917T133518483857Z/review.json,f8bbd3cd9256b33aeb731d98a280a49da00f052fd0d181dcf29d6cb4bc00143d,percentage points,MAE(ratio10) - MAE(balanced),60,3,1.72,a
original_grouping,HC-572,0,IGTB1921,music_weighted,60,ratio10,0.1223973442373929,0.0847102839838353,-1.3377970751648371,0.9416399680000092,0.288638361523451,-0.5589660542961512,-0.1351198531616846,1.535988718523569,461,results/music_external_review/20260917T133518483857Z/reference_arrangement_penalties.csv,67d11393f1ae62361838d60f4aeba6a374e9854a6ea36d10606df46bd45989a9,results/music_external_review/20260917T133518483857Z/review.json,f8bbd3cd9256b33aeb731d98a280a49da00f052fd0d181dcf29d6cb4bc00143d,percentage points,MAE(ratio10) - MAE(balanced),60,3,1.770909090909091,a
original_grouping,HC-572,0,IGTB826,music_weighted,60,ratio10,0.2966495580448111,0.314927864256088,-1.0710018452134544,1.0786978855194722,0.1310768074618252,-0.6461820266533701,0.9678118424413554,1.319494684713033,479,results/music_external_review/20260917T133518483857Z/reference_arrangement_penalties.csv,67d11393f1ae62361838d60f4aeba6a374e9854a6ea36d10606df46bd45989a9,results/music_external_review/20260917T133518483857Z/review.json,f8bbd3cd9256b33aeb731d98a280a49da00f052fd0d181dcf29d6cb4bc00143d,percentage points,MAE(ratio10) - MAE(balanced),60,3,1.8218181818181818,a
original_grouping,HC-572,1,HC-502,music_weighted,60,ratio10,0.1759113099962945,0.299704921569722,-0.3054289899496271,0.4587566911224666,0.6253091206682329,1.1305397557319614,-1.1876480935060516,0.3339393759107848,497,results/music_external_review/20260917T133518483857Z/reference_arrangement_penalties.csv,67d11393f1ae62361838d60f4aeba6a374e9854a6ea36d10606df46bd45989a9,results/music_external_review/20260917T133518483857Z/review.json,f8bbd3cd9256b33aeb731d98a280a49da00f052fd0d181dcf29d6cb4bc00143d,percentage points,MAE(ratio10) - MAE(balanced),60,3,1.8727272727272728,a
original_grouping,HC-572,1,IGTB1966,music_weighted,60,ratio10,-0.0371200086233622,0.0878895764472367,-0.3792492708375,0.0348812126238136,0.4272064148147139,-0.116678003340354,-1.0677204402875335,0.8788400352866949,515,results/music_external_review/20260917T133518483857Z/reference_arrangement_penalties.csv,67d11393f1ae62361838d60f4aeba6a374e9854a6ea36d10606df46bd45989a9,results/music_external_review/20260917T133518483857Z/review.json,f8bbd3cd9256b33aeb731d98a280a49da00f052fd0d181dcf29d6cb4bc00143d,percentage points,MAE(ratio10) - MAE(balanced),60,3,1.9236363636363636,a
original_grouping,HC-572,1,IGTB498,music_weighted,60,ratio10,-0.2335505370042102,-0.102790361066154,-1.1172841929573982,-0.1671395423921002,0.4266907375141,0.1117908592850672,-1.0333223292797078,0.3779612458047817,533,results/music_external_review/20260917T133518483857Z/reference_arrangement_penalties.csv,67d11393f1ae62361838d60f4aeba6a374e9854a6ea36d10606df46bd45989a9,results/music_external_review/20260917T133518483857Z/review.json,f8bbd3cd9256b33aeb731d98a280a49da00f052fd0d181dcf29d6cb4bc00143d,percentage points,MAE(ratio10) - MAE(balanced),60,3,1.9745454545454546,a
original_grouping,HC-572,2,IGTB1506,music_weighted,60,ratio10,0.158347306544883,0.3306319567456368,-0.1831254529563226,0.1597780784812132,1.1886143622727203,0.7622215919798748,-1.7046108644695257,0.7272061239613337,551,results/music_external_review/20260917T133518483857Z/reference_arrangement_penalties.csv,67d11393f1ae62361838d60f4aeba6a374e9854a6ea36d10606df46bd45989a9,results/music_external_review/20260917T133518483857Z/review.json,f8bbd3cd9256b33aeb731d98a280a49da00f052fd0d181dcf29d6cb4bc00143d,percentage points,MAE(ratio10) - MAE(balanced),60,3,2.0254545454545454,a
original_grouping,HC-572,2,IGTB256,music_weighted,60,ratio10,-0.1402845321840045,-0.1544314153636408,-1.5675918135269802,0.6497613880783455,0.6403044875415778,0.5496423679070119,-1.9980061804400029,0.8841825573360198,569,results/music_external_review/20260917T133518483857Z/reference_arrangement_penalties.csv,67d11393f1ae62361838d60f4aeba6a374e9854a6ea36d10606df46bd45989a9,results/music_external_review/20260917T133518483857Z/review.json,f8bbd3cd9256b33aeb731d98a280a49da00f052fd0d181dcf29d6cb4bc00143d,percentage points,MAE(ratio10) - MAE(balanced),60,3,2.076363636363636,a
original_grouping,HC-572,2,IGTB514,music_weighted,60,ratio10,-0.03405885459861,0.0763166272077644,-0.5546445168256008,0.1076810024154636,0.5988648381120746,0.5729526923271396,-1.6973525326900964,0.7681453890693454,587,results/music_external_review/20260917T133518483857Z/reference_arrangement_penalties.csv,67d11393f1ae62361838d60f4aeba6a374e9854a6ea36d10606df46bd45989a9,results/music_external_review/20260917T133518483857Z/review.json,f8bbd3cd9256b33aeb731d98a280a49da00f052fd0d181dcf29d6cb4bc00143d,percentage points,MAE(ratio10) - MAE(balanced),60,3,2.1272727272727274,a
original_grouping,HC-572,3,IGTB1650,music_weighted,60,ratio10,0.1967517056724692,0.3059771472813866,-0.947587947947908,0.4434749435139392,0.9138994239986208,1.5270273836054753,-0.8342426826407815,0.0779391135054659,605,results/music_external_review/20260917T133518483857Z/reference_arrangement_penalties.csv,67d11393f1ae62361838d60f4aeba6a374e9854a6ea36d10606df46bd45989a9,results/music_external_review/20260917T133518483857Z/review.json,f8bbd3cd9256b33aeb731d98a280a49da00f052fd0d181dcf29d6cb4bc00143d,percentage points,MAE(ratio10) - MAE(balanced),60,3,2.178181818181818,a
original_grouping,HC-572,3,IGTB195,music_weighted,60,ratio10,-0.2067089577551325,-0.2146348968877222,-1.7566659949135224,0.0461279949402003,0.6926030716751846,1.2064529864612168,-2.556715184197228,1.1279433795033516,623,results/music_external_review/20260917T133518483857Z/reference_arrangement_penalties.csv,67d11393f1ae62361838d60f4aeba6a374e9854a6ea36d10606df46bd45989a9,results/music_external_review/20260917T133518483857Z/review.json,f8bbd3cd9256b33aeb731d98a280a49da00f052fd0d181dcf29d6cb4bc00143d,percentage points,MAE(ratio10) - MAE(balanced),60,3,2.229090909090909,a
original_grouping,HC-572,3,IGTB508,music_weighted,60,ratio10,0.0730581909334699,0.1706594089616406,-0.486484790767196,0.1698433132643959,0.637392066071305,1.4392290584960914,-1.3066837068354178,-0.0149467946283621,641,results/music_external_review/20260917T133518483857Z/reference_arrangement_penalties.csv,67d11393f1ae62361838d60f4aeba6a374e9854a6ea36d10606df46bd45989a9,results/music_external_review/20260917T133518483857Z/review.json,f8bbd3cd9256b33aeb731d98a280a49da00f052fd0d181dcf29d6cb4bc00143d,percentage points,MAE(ratio10) - MAE(balanced),60,3,2.2800000000000002,a
original_grouping,IGTB1506,0,IGTB1650,music_weighted,60,ratio10,0.7625130552944654,0.7025249624962289,1.3305191073687437,0.8908873383448134,-0.0075784988861342,0.5243122578829037,1.0937418002803505,0.7431963267761239,659,results/music_external_review/20260917T133518483857Z/reference_arrangement_penalties.csv,67d11393f1ae62361838d60f4aeba6a374e9854a6ea36d10606df46bd45989a9,results/music_external_review/20260917T133518483857Z/review.json,f8bbd3cd9256b33aeb731d98a280a49da00f052fd0d181dcf29d6cb4bc00143d,percentage points,MAE(ratio10) - MAE(balanced),60,3,2.7199999999999998,a
original_grouping,IGTB1506,0,IGTB195,music_weighted,60,ratio10,0.8523779958636628,0.8159172916328951,1.138722549225636,0.7604498514047241,0.2245408858938855,0.43515227031553,1.3077331475043017,1.247669270837918,677,results/music_external_review/20260917T133518483857Z/reference_arrangement_penalties.csv,67d11393f1ae62361838d60f4aeba6a374e9854a6ea36d10606df46bd45989a9,results/music_external_review/20260917T133518483857Z/review.json,f8bbd3cd9256b33aeb731d98a280a49da00f052fd0d181dcf29d6cb4bc00143d,percentage points,MAE(ratio10) - MAE(balanced),60,3,2.770909090909091,a
original_grouping,IGTB1506,0,IGTB508,music_weighted,60,ratio10,0.684292744286747,0.6018651021544617,1.519018457848017,1.0515822798389074,-0.590439255718691,0.4716932799756533,1.1017229455960318,0.5521787581805805,695,results/music_external_review/20260917T133518483857Z/reference_arrangement_penalties.csv,67d11393f1ae62361838d60f4aeba6a374e9854a6ea36d10606df46bd45989a9,results/music_external_review/20260917T133518483857Z/review.json,f8bbd3cd9256b33aeb731d98a280a49da00f052fd0d181dcf29d6cb4bc00143d,percentage points,MAE(ratio10) - MAE(balanced),60,3,2.821818181818182,a
original_grouping,IGTB1506,1,HC-014,music_weighted,60,ratio10,-0.0565150705400049,-0.4280959134334509,1.0722404589497505,1.0332040351983345,-1.931577745013448,-2.5652045479859438,0.2869187639784998,1.7653286116327829,713,results/music_external_review/20260917T133518483857Z/reference_arrangement_penalties.csv,67d11393f1ae62361838d60f4aeba6a374e9854a6ea36d10606df46bd45989a9,results/music_external_review/20260917T133518483857Z/review.json,f8bbd3cd9256b33aeb731d98a280a49da00f052fd0d181dcf29d6cb4bc00143d,percentage points,MAE(ratio10) - MAE(balanced),60,3,2.8727272727272726,a
original_grouping,IGTB1506,1,HC-572,music_weighted,60,ratio10,-0.012013116060974,-0.3699738565775745,-0.2548198776331631,1.4932685075506005,-1.2871962980543377,-2.426874270620109,0.4832871309914198,1.9202561113997587,731,results/music_external_review/20260917T133518483857Z/reference_arrangement_penalties.csv,67d11393f1ae62361838d60f4aeba6a374e9854a6ea36d10606df46bd45989a9,results/music_external_review/20260917T133518483857Z/review.json,f8bbd3cd9256b33aeb731d98a280a49da00f052fd0d181dcf29d6cb4bc00143d,percentage points,MAE(ratio10) - MAE(balanced),60,3,2.923636363636364,a
original_grouping,IGTB1506,1,IGTB1913,music_weighted,60,ratio10,0.0385608792384615,-0.3037320043421242,0.5404719946771575,1.2946164354947312,-2.012247657421657,-2.3394126237234314,0.1408607854178799,2.607076340986106,749,results/music_external_review/20260917T133518483857Z/reference_arrangement_penalties.csv,67d11393f1ae62361838d60f4aeba6a374e9854a6ea36d10606df46bd45989a9,results/music_external_review/20260917T133518483857Z/review.json,f8bbd3cd9256b33aeb731d98a280a49da00f052fd0d181dcf29d6cb4bc00143d,percentage points,MAE(ratio10) - MAE(balanced),60,3,2.9745454545454546,a
original_grouping,IGTB1506,2,IGTB1921,music_weighted,60,ratio10,0.6816983237095655,0.9195540801005898,1.136928118533716,0.6682690517896452,0.4679543405547053,0.9070287254284972,-0.2429788623735326,1.152988568324363,767,results/music_external_review/20260917T133518483857Z/reference_arrangement_penalties.csv,67d11393f1ae62361838d60f4aeba6a374e9854a6ea36d10606df46bd45989a9,results/music_external_review/20260917T133518483857Z/review.json,f8bbd3cd9256b33aeb731d98a280a49da00f052fd0d181dcf29d6cb4bc00143d,percentage points,MAE(ratio10) - MAE(balanced),60,3,3.0254545454545454,a
original_grouping,IGTB1506,2,IGTB1966,music_weighted,60,ratio10,0.8585960501598819,1.083044697069225,1.4056131120808566,0.7641579335366718,0.5702946263815545,0.7722823274100962,0.5295424346398019,1.10968586691031,785,results/music_external_review/20260917T133518483857Z/reference_arrangement_penalties.csv,67d11393f1ae62361838d60f4aeba6a374e9854a6ea36d10606df46bd45989a9,results/music_external_review/20260917T133518483857Z/review.json,f8bbd3cd9256b33aeb731d98a280a49da00f052fd0d181dcf29d6cb4bc00143d,percentage points,MAE(ratio10) - MAE(balanced),60,3,3.076363636363636,a
original_grouping,IGTB1506,2,IGTB826,music_weighted,60,ratio10,0.6879204502494405,0.8453721928512613,1.0700154277342278,0.8158855056280419,0.5938560404597013,0.8929149306625229,0.4836223800534063,0.2712284169587408,803,results/music_external_review/20260917T133518483857Z/reference_arrangement_penalties.csv,67d11393f1ae62361838d60f4aeba6a374e9854a6ea36d10606df46bd45989a9,results/music_external_review/20260917T133518483857Z/review.json,f8bbd3cd9256b33aeb731d98a280a49da00f052fd0d181dcf29d6cb4bc00143d,percentage points,MAE(ratio10) - MAE(balanced),60,3,3.1272727272727274,a
original_grouping,IGTB1506,3,HC-502,music_weighted,60,ratio10,0.9891393898711734,1.0239090543741651,1.5483762853453789,1.3009495943680054,-0.4243750950600454,1.379223982234823,0.8990483686491327,1.2316132036897374,821,results/music_external_review/20260917T133518483857Z/reference_arrangement_penalties.csv,67d11393f1ae62361838d60f4aeba6a374e9854a6ea36d10606df46bd45989a9,results/music_external_review/20260917T133518483857Z/review.json,f8bbd3cd9256b33aeb731d98a280a49da00f052fd0d181dcf29d6cb4bc00143d,percentage points,MAE(ratio10) - MAE(balanced),60,3,3.178181818181818,a
original_grouping,IGTB1506,3,IGTB256,music_weighted,60,ratio10,1.189314083444138,1.3039436883294298,1.803433944674362,1.2263959316605604,0.8412520935094485,1.4353604768560575,0.7727075553024316,1.0567344986619598,839,results/music_external_review/20260917T133518483857Z/reference_arrangement_penalties.csv,67d11393f1ae62361838d60f4aeba6a374e9854a6ea36d10606df46bd45989a9,results/music_external_review/20260917T133518483857Z/review.json,f8bbd3cd9256b33aeb731d98a280a49da00f052fd0d181dcf29d6cb4bc00143d,percentage points,MAE(ratio10) - MAE(balanced),60,3,3.229090909090909,a
original_grouping,IGTB1506,3,IGTB498,music_weighted,60,ratio10,1.1785342821383862,1.2669517661996046,1.959181363833559,1.399682633222973,0.5058510331609032,1.1876827786849633,0.8677998327365046,1.1510080511914074,857,results/music_external_review/20260917T133518483857Z/reference_arrangement_penalties.csv,67d11393f1ae62361838d60f4aeba6a374e9854a6ea36d10606df46bd45989a9,results/music_external_review/20260917T133518483857Z/review.json,f8bbd3cd9256b33aeb731d98a280a49da00f052fd0d181dcf29d6cb4bc00143d,percentage points,MAE(ratio10) - MAE(balanced),60,3,3.2800000000000002,a
original_grouping,IGTB1650,0,HC-572,music_weighted,60,ratio10,0.5835087003253838,0.6207257076150666,0.5492621817683643,0.9462963856436626,0.8109562822572455,-0.0608135295176531,0.7911848197504708,0.4641660620502215,875,results/music_external_review/20260917T133518483857Z/reference_arrangement_penalties.csv,67d11393f1ae62361838d60f4aeba6a374e9854a6ea36d10606df46bd45989a9,results/music_external_review/20260917T133518483857Z/review.json,f8bbd3cd9256b33aeb731d98a280a49da00f052fd0d181dcf29d6cb4bc00143d,percentage points,MAE(ratio10) - MAE(balanced),60,3,3.7199999999999998,a
original_grouping,IGTB1650,0,IGTB1913,music_weighted,60,ratio10,0.7744639189935764,0.7529200034864393,1.3687244439251205,1.0042952973346528,0.3677463486268775,-0.2667116652907376,0.7942234544636078,1.3785056349019376,893,results/music_external_review/20260917T133518483857Z/reference_arrangement_penalties.csv,67d11393f1ae62361838d60f4aeba6a374e9854a6ea36d10606df46bd45989a9,results/music_external_review/20260917T133518483857Z/review.json,f8bbd3cd9256b33aeb731d98a280a49da00f052fd0d181dcf29d6cb4bc00143d,percentage points,MAE(ratio10) - MAE(balanced),60,3,3.770909090909091,a
original_grouping,IGTB1650,0,IGTB195,music_weighted,60,ratio10,0.5764012735594295,0.4901818736379874,0.3261193385673086,1.5662127376853874,0.243307833018837,-0.8441362723530051,0.9296422232462672,1.237261781191778,911,results/music_external_review/20260917T133518483857Z/reference_arrangement_penalties.csv,67d11393f1ae62361838d60f4aeba6a374e9854a6ea36d10606df46bd45989a9,results/music_external_review/20260917T133518483857Z/review.json,f8bbd3cd9256b33aeb731d98a280a49da00f052fd0d181dcf29d6cb4bc00143d,percentage points,MAE(ratio10) - MAE(balanced),60,3,3.821818181818182,a
original_grouping,IGTB1650,1,HC-014,music_weighted,60,ratio10,0.5931591611314775,0.6876127361040711,1.056354281305176,0.7774214629326909,0.3103458474243473,0.7611846051863831,0.6665576431431787,-0.0129088732029017,929,results/music_external_review/20260917T133518483857Z/reference_arrangement_penalties.csv,67d11393f1ae62361838d60f4aeba6a374e9854a6ea36d10606df46bd45989a9,results/music_external_review/20260917T133518483857Z/review.json,f8bbd3cd9256b33aeb731d98a280a49da00f052fd0d181dcf29d6cb4bc00143d,percentage points,MAE(ratio10) - MAE(balanced),60,3,3.8727272727272726,a
original_grouping,IGTB1650,1,IGTB1921,music_weighted,60,ratio10,0.6535475077545619,0.7826713854681895,0.6942511766166941,1.0394050730630933,0.546600987017247,1.0821717132948807,0.5675768878598931,-0.0087207913244324,947,results/music_external_review/20260917T133518483857Z/reference_arrangement_penalties.csv,67d11393f1ae62361838d60f4aeba6a374e9854a6ea36d10606df46bd45989a9,results/music_external_review/20260917T133518483857Z/review.json,f8bbd3cd9256b33aeb731d98a280a49da00f052fd0d181dcf29d6cb4bc00143d,percentage points,MAE(ratio10) - MAE(balanced),60,3,3.923636363636364,a
original_grouping,IGTB1650,1,IGTB826,music_weighted,60,ratio10,0.8091834014535455,0.935387959544976,0.8203691281197223,1.0339207755112014,0.3529668589701612,1.2222276320769347,1.1646250503918163,0.2609909636514403,965,results/music_external_review/20260917T133518483857Z/reference_arrangement_penalties.csv,67d11393f1ae62361838d60f4aeba6a374e9854a6ea36d10606df46bd45989a9,results/music_external_review/20260917T133518483857Z/review.json,f8bbd3cd9256b33aeb731d98a280a49da00f052fd0d181dcf29d6cb4bc00143d,percentage points,MAE(ratio10) - MAE(balanced),60,3,3.9745454545454546,a
original_grouping,IGTB1650,2,HC-502,music_weighted,60,ratio10,1.0378363396254682,1.1613078740399072,1.7890254039173812,2.020819249709182,0.6919800823815827,0.1024366888608958,0.2393063430382214,1.3834502698455522,983,results/music_external_review/20260917T133518483857Z/reference_arrangement_penalties.csv,67d11393f1ae62361838d60f4aeba6a374e9854a6ea36d10606df46bd45989a9,results/music_external_review/20260917T133518483857Z/review.json,f8bbd3cd9256b33aeb731d98a280a49da00f052fd0d181dcf29d6cb4bc00143d,percentage points,MAE(ratio10) - MAE(balanced),60,3,4.025454545454545,a
original_grouping,IGTB1650,2,IGTB1966,music_weighted,60,ratio10,1.1713253910138364,1.241387241137478,1.8853690182654892,1.9686222039124703,0.7637835469653049,0.3146715185539702,0.2547944257421926,1.8407116326435933,1001,results/music_external_review/20260917T133518483857Z/reference_arrangement_penalties.csv,67d11393f1ae62361838d60f4aeba6a374e9854a6ea36d10606df46bd45989a9,results/music_external_review/20260917T133518483857Z/review.json,f8bbd3cd9256b33aeb731d98a280a49da00f052fd0d181dcf29d6cb4bc00143d,percentage points,MAE(ratio10) - MAE(balanced),60,3,4.076363636363636,a
original_grouping,IGTB1650,2,IGTB498,music_weighted,60,ratio10,1.2517230948541649,1.380188357421615,1.84390084622015,2.152126031785067,0.5914841192586417,0.6747961730854198,0.8162895306182092,1.4317418681574976,1019,results/music_external_review/20260917T133518483857Z/reference_arrangement_penalties.csv,67d11393f1ae62361838d60f4aeba6a374e9854a6ea36d10606df46bd45989a9,results/music_external_review/20260917T133518483857Z/review.json,f8bbd3cd9256b33aeb731d98a280a49da00f052fd0d181dcf29d6cb4bc00143d,percentage points,MAE(ratio10) - MAE(balanced),60,3,4.127272727272727,a
original_grouping,IGTB1650,3,IGTB1506,music_weighted,60,ratio10,1.4104936811459283,1.6650308440556292,1.8096035559379533,1.5156770576346514,1.544664843780374,1.3975774533411445,0.7655472955987155,1.429891880582732,1037,results/music_external_review/20260917T133518483857Z/reference_arrangement_penalties.csv,67d11393f1ae62361838d60f4aeba6a374e9854a6ea36d10606df46bd45989a9,results/music_external_review/20260917T133518483857Z/review.json,f8bbd3cd9256b33aeb731d98a280a49da00f052fd0d181dcf29d6cb4bc00143d,percentage points,MAE(ratio10) - MAE(balanced),60,3,4.178181818181818,a
original_grouping,IGTB1650,3,IGTB256,music_weighted,60,ratio10,1.4296186846595,1.79461832632287,2.023622470415678,1.3592346418864285,2.073625887850388,1.731358778952195,0.5181618453656561,0.8717084834866393,1055,results/music_external_review/20260917T133518483857Z/reference_arrangement_penalties.csv,67d11393f1ae62361838d60f4aeba6a374e9854a6ea36d10606df46bd45989a9,results/music_external_review/20260917T133518483857Z/review.json,f8bbd3cd9256b33aeb731d98a280a49da00f052fd0d181dcf29d6cb4bc00143d,percentage points,MAE(ratio10) - MAE(balanced),60,3,4.2290909090909095,a
original_grouping,IGTB1650,3,IGTB514,music_weighted,60,ratio10,1.3680952368101418,1.6227676135565343,1.6850940148829263,1.540469555553289,1.591926409686596,1.549273072525159,0.8656923100398297,0.9761160581730446,1073,results/music_external_review/20260917T133518483857Z/reference_arrangement_penalties.csv,67d11393f1ae62361838d60f4aeba6a374e9854a6ea36d10606df46bd45989a9,results/music_external_review/20260917T133518483857Z/review.json,f8bbd3cd9256b33aeb731d98a280a49da00f052fd0d181dcf29d6cb4bc00143d,percentage points,MAE(ratio10) - MAE(balanced),60,3,4.28,a
original_grouping,IGTB1913,0,HC-014,music_weighted,60,ratio10,0.4911223944213084,0.6834602257756368,0.4285438980261717,0.8441543272689036,1.0272802495204791,0.4366018535839609,-0.997278323052012,1.2074323611803326,1091,results/music_external_review/20260917T133518483857Z/reference_arrangement_penalties.csv,67d11393f1ae62361838d60f4aeba6a374e9854a6ea36d10606df46bd45989a9,results/music_external_review/20260917T133518483857Z/review.json,f8bbd3cd9256b33aeb731d98a280a49da00f052fd0d181dcf29d6cb4bc00143d,percentage points,MAE(ratio10) - MAE(balanced),60,3,4.72,a
original_grouping,IGTB1913,0,HC-572,music_weighted,60,ratio10,0.6340668773827756,0.7763623311072089,-0.6294520247511849,1.416800289393425,1.271056800365411,0.5911805776395511,-0.1983725930197883,1.3531882146692429,1109,results/music_external_review/20260917T133518483857Z/reference_arrangement_penalties.csv,67d11393f1ae62361838d60f4aeba6a374e9854a6ea36d10606df46bd45989a9,results/music_external_review/20260917T133518483857Z/review.json,f8bbd3cd9256b33aeb731d98a280a49da00f052fd0d181dcf29d6cb4bc00143d,percentage points,MAE(ratio10) - MAE(balanced),60,3,4.7709090909090905,a
original_grouping,IGTB1913,0,IGTB1921,music_weighted,60,ratio10,0.8355071822760681,1.0434878305404314,0.1664194359023836,1.3235297186812949,1.1950656237739117,0.7520033442336808,0.1726977639285946,1.403327207136542,1127,results/music_external_review/20260917T133518483857Z/reference_arrangement_penalties.csv,67d11393f1ae62361838d60f4aeba6a374e9854a6ea36d10606df46bd45989a9,results/music_external_review/20260917T133518483857Z/review.json,f8bbd3cd9256b33aeb731d98a280a49da00f052fd0d181dcf29d6cb4bc00143d,percentage points,MAE(ratio10) - MAE(balanced),60,3,4.821818181818182,a
original_grouping,IGTB1913,1,IGTB1966,music_weighted,60,ratio10,0.8438350995330759,1.0645713229635458,0.9639710012409686,0.6917057375155232,1.0781127687161445,0.8738858880718142,0.4143624381370116,1.0409727635169828,1145,results/music_external_review/20260917T133518483857Z/reference_arrangement_penalties.csv,67d11393f1ae62361838d60f4aeba6a374e9854a6ea36d10606df46bd45989a9,results/music_external_review/20260917T133518483857Z/review.json,f8bbd3cd9256b33aeb731d98a280a49da00f052fd0d181dcf29d6cb4bc00143d,percentage points,MAE(ratio10) - MAE(balanced),60,3,4.872727272727273,a
original_grouping,IGTB1913,1,IGTB498,music_weighted,60,ratio10,0.8765179642994636,1.0450391286714822,0.9079779012204272,1.4246623515905557,0.9951778003937116,0.8338418800625261,0.5885489042217393,0.508898948307817,1163,results/music_external_review/20260917T133518483857Z/reference_arrangement_penalties.csv,67d11393f1ae62361838d60f4aeba6a374e9854a6ea36d10606df46bd45989a9,results/music_external_review/20260917T133518483857Z/review.json,f8bbd3cd9256b33aeb731d98a280a49da00f052fd0d181dcf29d6cb4bc00143d,percentage points,MAE(ratio10) - MAE(balanced),60,3,4.923636363636364,a
original_grouping,IGTB1913,1,IGTB826,music_weighted,60,ratio10,0.7720267314334712,0.9421162042917154,0.8304453613761137,1.1942085487758682,0.8878732928163153,0.6959129759770645,0.7957280003227546,0.2279922093327047,1181,results/music_external_review/20260917T133518483857Z/reference_arrangement_penalties.csv,67d11393f1ae62361838d60f4aeba6a374e9854a6ea36d10606df46bd45989a9,results/music_external_review/20260917T133518483857Z/review.json,f8bbd3cd9256b33aeb731d98a280a49da00f052fd0d181dcf29d6cb4bc00143d,percentage points,MAE(ratio10) - MAE(balanced),60,3,4.974545454545455,a
original_grouping,IGTB1913,2,HC-502,music_weighted,60,ratio10,1.45205595518245,1.7551624314504684,1.9422939264991637,1.2718469284854463,1.4437925789930337,1.455177662986394,1.6340145326329918,0.9652101014976748,1199,results/music_external_review/20260917T133518483857Z/reference_arrangement_penalties.csv,67d11393f1ae62361838d60f4aeba6a374e9854a6ea36d10606df46bd45989a9,results/music_external_review/20260917T133518483857Z/review.json,f8bbd3cd9256b33aeb731d98a280a49da00f052fd0d181dcf29d6cb4bc00143d,percentage points,MAE(ratio10) - MAE(balanced),60,3,5.025454545454545,a
original_grouping,IGTB1913,2,IGTB256,music_weighted,60,ratio10,1.474672948644819,1.7696030552252184,1.9224605235175347,1.1634334656527494,1.641556781717599,1.3476981387492617,1.671716917374586,1.1011718648571795,1217,results/music_external_review/20260917T133518483857Z/reference_arrangement_penalties.csv,67d11393f1ae62361838d60f4aeba6a374e9854a6ea36d10606df46bd45989a9,results/music_external_review/20260917T133518483857Z/review.json,f8bbd3cd9256b33aeb731d98a280a49da00f052fd0d181dcf29d6cb4bc00143d,percentage points,MAE(ratio10) - MAE(balanced),60,3,5.076363636363636,a
original_grouping,IGTB1913,2,IGTB514,music_weighted,60,ratio10,1.3237670086028692,1.5709648652789354,1.78885997729286,1.283472971650775,1.2634631843635316,1.3184669514703455,1.2365886597468998,1.0517503070927945,1235,results/music_external_review/20260917T133518483857Z/reference_arrangement_penalties.csv,67d11393f1ae62361838d60f4aeba6a374e9854a6ea36d10606df46bd45989a9,results/music_external_review/20260917T133518483857Z/review.json,f8bbd3cd9256b33aeb731d98a280a49da00f052fd0d181dcf29d6cb4bc00143d,percentage points,MAE(ratio10) - MAE(balanced),60,3,5.127272727272727,a
original_grouping,IGTB1913,3,IGTB1506,music_weighted,60,ratio10,0.7588374216651044,0.9893122545141244,0.6281582131999992,0.9123989308287884,0.7882656641297272,0.7461689823598221,0.7538693816328802,0.7241633578394086,1253,results/music_external_review/20260917T133518483857Z/reference_arrangement_penalties.csv,67d11393f1ae62361838d60f4aeba6a374e9854a6ea36d10606df46bd45989a9,results/music_external_review/20260917T133518483857Z/review.json,f8bbd3cd9256b33aeb731d98a280a49da00f052fd0d181dcf29d6cb4bc00143d,percentage points,MAE(ratio10) - MAE(balanced),60,3,5.178181818181818,a
original_grouping,IGTB1913,3,IGTB1650,music_weighted,60,ratio10,1.1300477599900989,1.4093467970570028,1.1098261466317192,1.223956849473293,1.4392720807736294,1.0035977535625598,1.099439682718412,0.904194046780968,1271,results/music_external_review/20260917T133518483857Z/reference_arrangement_penalties.csv,67d11393f1ae62361838d60f4aeba6a374e9854a6ea36d10606df46bd45989a9,results/music_external_review/20260917T133518483857Z/review.json,f8bbd3cd9256b33aeb731d98a280a49da00f052fd0d181dcf29d6cb4bc00143d,percentage points,MAE(ratio10) - MAE(balanced),60,3,5.2290909090909095,a
original_grouping,IGTB1913,3,IGTB508,music_weighted,60,ratio10,0.8633705037278951,1.0805858825314212,0.779574384119683,1.366529654477524,1.1989317899040572,0.4701932192758585,0.8381880629866444,0.5268059116036009,1289,results/music_external_review/20260917T133518483857Z/reference_arrangement_penalties.csv,67d11393f1ae62361838d60f4aeba6a374e9854a6ea36d10606df46bd45989a9,results/music_external_review/20260917T133518483857Z/review.json,f8bbd3cd9256b33aeb731d98a280a49da00f052fd0d181dcf29d6cb4bc00143d,percentage points,MAE(ratio10) - MAE(balanced),60,3,5.28,a
original_grouping,IGTB1921,0,IGTB1966,music_weighted,60,ratio10,1.1115489829574832,1.3028792577242538,1.6590701369154734,0.972207244790448,1.4231311791240655,0.958385176114568,0.4503352322126578,1.2061649285876774,1307,results/music_external_review/20260917T133518483857Z/reference_arrangement_penalties.csv,67d11393f1ae62361838d60f4aeba6a374e9854a6ea36d10606df46bd45989a9,results/music_external_review/20260917T133518483857Z/review.json,f8bbd3cd9256b33aeb731d98a280a49da00f052fd0d181dcf29d6cb4bc00143d,percentage points,MAE(ratio10) - MAE(balanced),60,3,5.72,a
original_grouping,IGTB1921,0,IGTB498,music_weighted,60,ratio10,1.0108671009098391,1.2264298924378458,1.31504143151874,1.0147556718656736,1.0580100587642374,1.321148440004873,0.4234253865426991,0.9328216167628028,1325,results/music_external_review/20260917T133518483857Z/reference_arrangement_penalties.csv,67d11393f1ae62361838d60f4aeba6a374e9854a6ea36d10606df46bd45989a9,results/music_external_review/20260917T133518483857Z/review.json,f8bbd3cd9256b33aeb731d98a280a49da00f052fd0d181dcf29d6cb4bc00143d,percentage points,MAE(ratio10) - MAE(balanced),60,3,5.7709090909090905,a
original_grouping,IGTB1921,0,IGTB826,music_weighted,60,ratio10,1.0393495265088923,1.2530332648461306,1.501697189083687,1.030526091907504,1.0075381746144938,1.1892400954247588,0.5804865422728523,0.9266090657500574,1343,results/music_external_review/20260917T133518483857Z/reference_arrangement_penalties.csv,67d11393f1ae62361838d60f4aeba6a374e9854a6ea36d10606df46bd45989a9,results/music_external_review/20260917T133518483857Z/review.json,f8bbd3cd9256b33aeb731d98a280a49da00f052fd0d181dcf29d6cb4bc00143d,percentage points,MAE(ratio10) - MAE(balanced),60,3,5.821818181818182,a
original_grouping,IGTB1921,1,HC-502,music_weighted,60,ratio10,0.9110542380514902,0.7511655382840047,1.870973913432568,1.560880227060001,-0.8208563438766109,-0.0839065958732762,1.5229819982314392,1.4162522293348154,1361,results/music_external_review/20260917T133518483857Z/reference_arrangement_penalties.csv,67d11393f1ae62361838d60f4aeba6a374e9854a6ea36d10606df46bd45989a9,results/music_external_review/20260917T133518483857Z/review.json,f8bbd3cd9256b33aeb731d98a280a49da00f052fd0d181dcf29d6cb4bc00143d,percentage points,MAE(ratio10) - MAE(balanced),60,3,5.872727272727273,a
original_grouping,IGTB1921,1,IGTB256,music_weighted,60,ratio10,1.1331604406286369,1.164160824954031,1.927730487264366,1.4232625497058933,0.5208373482009182,0.6652449628093767,1.3866744130234596,0.8752128827678283,1379,results/music_external_review/20260917T133518483857Z/reference_arrangement_penalties.csv,67d11393f1ae62361838d60f4aeba6a374e9854a6ea36d10606df46bd45989a9,results/music_external_review/20260917T133518483857Z/review.json,f8bbd3cd9256b33aeb731d98a280a49da00f052fd0d181dcf29d6cb4bc00143d,percentage points,MAE(ratio10) - MAE(balanced),60,3,5.923636363636364,a
original_grouping,IGTB1921,1,IGTB514,music_weighted,60,ratio10,0.8091675828909995,0.6854583515505557,1.928757471727593,1.327895844068733,-0.6531529665712353,0.0340276198944694,1.1548514287208584,1.0626260995055852,1397,results/music_external_review/20260917T133518483857Z/reference_arrangement_penalties.csv,67d11393f1ae62361838d60f4aeba6a374e9854a6ea36d10606df46bd45989a9,results/music_external_review/20260917T133518483857Z/review.json,f8bbd3cd9256b33aeb731d98a280a49da00f052fd0d181dcf29d6cb4bc00143d,percentage points,MAE(ratio10) - MAE(balanced),60,3,5.974545454545455,a
original_grouping,IGTB1921,2,IGTB1506,music_weighted,60,ratio10,1.2309179987282417,1.4354607127002168,1.8345738081382228,0.738827197827953,1.303759003300837,1.5402400996936207,0.7378285637611139,1.230279319647712,1415,results/music_external_review/20260917T133518483857Z/reference_arrangement_penalties.csv,67d11393f1ae62361838d60f4aeba6a374e9854a6ea36d10606df46bd45989a9,results/music_external_review/20260917T133518483857Z/review.json,f8bbd3cd9256b33aeb731d98a280a49da00f052fd0d181dcf29d6cb4bc00143d,percentage points,MAE(ratio10) - MAE(balanced),60,3,6.025454545454545,a
original_grouping,IGTB1921,2,IGTB1650,music_weighted,60,ratio10,1.469328955260688,1.7150258732872734,2.5673693398272817,0.7930692654281682,1.3922736784644532,1.659677800676995,0.9627436847389458,1.4408399624282917,1433,results/music_external_review/20260917T133518483857Z/reference_arrangement_penalties.csv,67d11393f1ae62361838d60f4aeba6a374e9854a6ea36d10606df46bd45989a9,results/music_external_review/20260917T133518483857Z/review.json,f8bbd3cd9256b33aeb731d98a280a49da00f052fd0d181dcf29d6cb4bc00143d,percentage points,MAE(ratio10) - MAE(balanced),60,3,6.076363636363636,a
original_grouping,IGTB1921,2,IGTB508,music_weighted,60,ratio10,1.2388665049440828,1.4399740045865967,2.080348013525396,0.8512277179962408,1.1570352020921522,1.3368924641694266,0.9392556871256712,1.0684399447556112,1451,results/music_external_review/20260917T133518483857Z/reference_arrangement_penalties.csv,67d11393f1ae62361838d60f4aeba6a374e9854a6ea36d10606df46bd45989a9,results/music_external_review/20260917T133518483857Z/review.json,f8bbd3cd9256b33aeb731d98a280a49da00f052fd0d181dcf29d6cb4bc00143d,percentage points,MAE(ratio10) - MAE(balanced),60,3,6.127272727272727,a
original_grouping,IGTB1921,3,HC-572,music_weighted,60,ratio10,0.1870337270320618,0.1532573828083371,0.7801752974724786,0.5389802360559145,-0.17917956565738,-0.876438578969817,0.4275259624383528,0.4311390108528247,1469,results/music_external_review/20260917T133518483857Z/reference_arrangement_penalties.csv,67d11393f1ae62361838d60f4aeba6a374e9854a6ea36d10606df46bd45989a9,results/music_external_review/20260917T133518483857Z/review.json,f8bbd3cd9256b33aeb731d98a280a49da00f052fd0d181dcf29d6cb4bc00143d,percentage points,MAE(ratio10) - MAE(balanced),60,3,6.178181818181818,a
original_grouping,IGTB1921,3,IGTB1913,music_weighted,60,ratio10,0.130657327203501,0.0610965354307951,1.828890778406827,0.3068003385779537,-1.1381416753688496,-1.2628770657972466,-0.1600511977682351,1.209322785170552,1487,results/music_external_review/20260917T133518483857Z/reference_arrangement_penalties.csv,67d11393f1ae62361838d60f4aeba6a374e9854a6ea36d10606df46bd45989a9,results/music_external_review/20260917T133518483857Z/review.json,f8bbd3cd9256b33aeb731d98a280a49da00f052fd0d181dcf29d6cb4bc00143d,percentage points,MAE(ratio10) - MAE(balanced),60,3,6.2290909090909095,a
original_grouping,IGTB1921,3,IGTB195,music_weighted,60,ratio10,-0.0179404962252994,-0.2556336339930479,0.809419045762839,0.6581255800667942,-1.288770059896035,-1.881599609867416,0.8760824291300977,0.7190996374519228,1505,results/music_external_review/20260917T133518483857Z/reference_arrangement_penalties.csv,67d11393f1ae62361838d60f4aeba6a374e9854a6ea36d10606df46bd45989a9,results/music_external_review/20260917T133518483857Z/review.json,f8bbd3cd9256b33aeb731d98a280a49da00f052fd0d181dcf29d6cb4bc00143d,percentage points,MAE(ratio10) - MAE(balanced),60,3,6.28,a
original_grouping,IGTB195,0,HC-014,music_weighted,60,ratio10,0.6990485826152647,1.0635599553139992,-0.2741752534028003,-0.0721358302926791,1.7525472368758042,1.2553490166437329,0.5387777285010292,0.993928597366501,1523,results/music_external_review/20260917T133518483857Z/reference_arrangement_penalties.csv,67d11393f1ae62361838d60f4aeba6a374e9854a6ea36d10606df46bd45989a9,results/music_external_review/20260917T133518483857Z/review.json,f8bbd3cd9256b33aeb731d98a280a49da00f052fd0d181dcf29d6cb4bc00143d,percentage points,MAE(ratio10) - MAE(balanced),60,3,6.72,a
original_grouping,IGTB195,0,HC-572,music_weighted,60,ratio10,0.8293141616875271,1.1775519784671948,0.28338921078258,-0.0580893442953823,1.3542948634827068,1.6720889858697563,1.1460139146112385,0.5781873396742694,1541,results/music_external_review/20260917T133518483857Z/reference_arrangement_penalties.csv,67d11393f1ae62361838d60f4aeba6a374e9854a6ea36d10606df46bd45989a9,results/music_external_review/20260917T133518483857Z/review.json,f8bbd3cd9256b33aeb731d98a280a49da00f052fd0d181dcf29d6cb4bc00143d,percentage points,MAE(ratio10) - MAE(balanced),60,3,6.7709090909090905,a
original_grouping,IGTB195,0,IGTB1913,music_weighted,60,ratio10,0.8617552520129849,1.2523375067066844,0.4173203804780312,-0.3446744256061342,1.6727493564454028,1.7464083046744443,0.8417109261248806,0.8370169699612889,1559,results/music_external_review/20260917T133518483857Z/reference_arrangement_penalties.csv,67d11393f1ae62361838d60f4aeba6a374e9854a6ea36d10606df46bd45989a9,results/music_external_review/20260917T133518483857Z/review.json,f8bbd3cd9256b33aeb731d98a280a49da00f052fd0d181dcf29d6cb4bc00143d,percentage points,MAE(ratio10) - MAE(balanced),60,3,6.821818181818182,a
original_grouping,IGTB195,1,IGTB1921,music_weighted,60,ratio10,0.3772999888358094,0.6098633670639312,0.7373884953390653,-0.3149066316620346,0.014756753740837,0.6911406285252625,-0.7463275158914008,1.8817482029631147,1577,results/music_external_review/20260917T133518483857Z/reference_arrangement_penalties.csv,67d11393f1ae62361838d60f4aeba6a374e9854a6ea36d10606df46bd45989a9,results/music_external_review/20260917T133518483857Z/review.json,f8bbd3cd9256b33aeb731d98a280a49da00f052fd0d181dcf29d6cb4bc00143d,percentage points,MAE(ratio10) - MAE(balanced),60,3,6.872727272727273,a
original_grouping,IGTB195,1,IGTB1966,music_weighted,60,ratio10,0.7379978655585221,0.9446599405754562,1.563939845062212,-0.0271715729887303,-0.0956149758500839,0.3546676524543237,0.2876364134793511,2.344529831194061,1595,results/music_external_review/20260917T133518483857Z/reference_arrangement_penalties.csv,67d11393f1ae62361838d60f4aeba6a374e9854a6ea36d10606df46bd45989a9,results/music_external_review/20260917T133518483857Z/review.json,f8bbd3cd9256b33aeb731d98a280a49da00f052fd0d181dcf29d6cb4bc00143d,percentage points,MAE(ratio10) - MAE(balanced),60,3,6.923636363636364,a
original_grouping,IGTB195,1,IGTB826,music_weighted,60,ratio10,0.2477187470636509,0.3487437353972965,1.0961296868323605,-0.6089851244039307,-0.5445554930929568,0.5825518569493036,-0.2726084106659597,1.233779966763094,1613,results/music_external_review/20260917T133518483857Z/reference_arrangement_penalties.csv,67d11393f1ae62361838d60f4aeba6a374e9854a6ea36d10606df46bd45989a9,results/music_external_review/20260917T133518483857Z/review.json,f8bbd3cd9256b33aeb731d98a280a49da00f052fd0d181dcf29d6cb4bc00143d,percentage points,MAE(ratio10) - MAE(balanced),60,3,6.974545454545455,a
original_grouping,IGTB195,2,HC-502,music_weighted,60,ratio10,1.1829240200124482,1.5233872924184035,1.2626791477960388,0.7785757258679958,1.5439853913371897,1.8517937617095903,0.7303141211460247,0.9301959722178524,1631,results/music_external_review/20260917T133518483857Z/reference_arrangement_penalties.csv,67d11393f1ae62361838d60f4aeba6a374e9854a6ea36d10606df46bd45989a9,results/music_external_review/20260917T133518483857Z/review.json,f8bbd3cd9256b33aeb731d98a280a49da00f052fd0d181dcf29d6cb4bc00143d,percentage points,MAE(ratio10) - MAE(balanced),60,3,7.025454545454545,a
original_grouping,IGTB195,2,IGTB256,music_weighted,60,ratio10,1.051635627324535,1.291878724382397,1.5938167923144784,0.3364332254524997,1.4804310665937752,1.213227071829272,0.5699472347239348,1.11595837303324,1649,results/music_external_review/20260917T133518483857Z/reference_arrangement_penalties.csv,67d11393f1ae62361838d60f4aeba6a374e9854a6ea36d10606df46bd45989a9,results/music_external_review/20260917T133518483857Z/review.json,f8bbd3cd9256b33aeb731d98a280a49da00f052fd0d181dcf29d6cb4bc00143d,percentage points,MAE(ratio10) - MAE(balanced),60,3,7.076363636363636,a
original_grouping,IGTB195,2,IGTB498,music_weighted,60,ratio10,1.0475255089834867,1.3548307551411982,1.8611856143300451,-0.1620584963686528,1.7305949720397575,1.4761397557487186,0.5648719896029364,0.8144192185481042,1667,results/music_external_review/20260917T133518483857Z/reference_arrangement_penalties.csv,67d11393f1ae62361838d60f4aeba6a374e9854a6ea36d10606df46bd45989a9,results/music_external_review/20260917T133518483857Z/review.json,f8bbd3cd9256b33aeb731d98a280a49da00f052fd0d181dcf29d6cb4bc00143d,percentage points,MAE(ratio10) - MAE(balanced),60,3,7.127272727272727,a
original_grouping,IGTB195,3,IGTB1506,music_weighted,60,ratio10,0.8402794536268574,1.0368420196712385,1.3124460204883128,0.7496888457768928,-0.0280715530018106,1.109444790390642,0.4104574175507339,1.487711200556364,1685,results/music_external_review/20260917T133518483857Z/reference_arrangement_penalties.csv,67d11393f1ae62361838d60f4aeba6a374e9854a6ea36d10606df46bd45989a9,results/music_external_review/20260917T133518483857Z/review.json,f8bbd3cd9256b33aeb731d98a280a49da00f052fd0d181dcf29d6cb4bc00143d,percentage points,MAE(ratio10) - MAE(balanced),60,3,7.178181818181818,a
original_grouping,IGTB195,3,IGTB508,music_weighted,60,ratio10,0.7324911587486761,0.864204426681398,1.7691445354288498,-0.3776077751139181,0.0890115365690459,1.1722951673270032,0.6514726137041928,1.090630874576879,1703,results/music_external_review/20260917T133518483857Z/reference_arrangement_penalties.csv,67d11393f1ae62361838d60f4aeba6a374e9854a6ea36d10606df46bd45989a9,results/music_external_review/20260917T133518483857Z/review.json,f8bbd3cd9256b33aeb731d98a280a49da00f052fd0d181dcf29d6cb4bc00143d,percentage points,MAE(ratio10) - MAE(balanced),60,3,7.2290909090909095,a
original_grouping,IGTB195,3,IGTB514,music_weighted,60,ratio10,0.7536394183836216,0.8718906900969943,1.5435634438092494,-0.0475436030467389,0.1341615485742286,0.8514608011944295,0.4039128628901057,1.6362814568804576,1721,results/music_external_review/20260917T133518483857Z/reference_arrangement_penalties.csv,67d11393f1ae62361838d60f4aeba6a374e9854a6ea36d10606df46bd45989a9,results/music_external_review/20260917T133518483857Z/review.json,f8bbd3cd9256b33aeb731d98a280a49da00f052fd0d181dcf29d6cb4bc00143d,percentage points,MAE(ratio10) - MAE(balanced),60,3,7.28,a
original_grouping,IGTB1966,0,HC-502,music_weighted,60,ratio10,0.003076557682646,0.2107715411474619,1.0369934156918938,-0.934703626789623,0.2163906781466956,0.6028084610634348,-0.6057338233873842,-0.297295758629153,1739,results/music_external_review/20260917T133518483857Z/reference_arrangement_penalties.csv,67d11393f1ae62361838d60f4aeba6a374e9854a6ea36d10606df46bd45989a9,results/music_external_review/20260917T133518483857Z/review.json,f8bbd3cd9256b33aeb731d98a280a49da00f052fd0d181dcf29d6cb4bc00143d,percentage points,MAE(ratio10) - MAE(balanced),60,3,7.72,a
original_grouping,IGTB1966,0,IGTB256,music_weighted,60,ratio10,0.0316591200509893,0.2595136100796608,0.4515469296381887,-0.7019177266052855,1.1003994116200693,0.5934905951232399,-0.5878030689468289,-0.6657614205234601,1757,results/music_external_review/20260917T133518483857Z/reference_arrangement_penalties.csv,67d11393f1ae62361838d60f4aeba6a374e9854a6ea36d10606df46bd45989a9,results/music_external_review/20260917T133518483857Z/review.json,f8bbd3cd9256b33aeb731d98a280a49da00f052fd0d181dcf29d6cb4bc00143d,percentage points,MAE(ratio10) - MAE(balanced),60,3,7.7709090909090905,a
original_grouping,IGTB1966,0,IGTB498,music_weighted,60,ratio10,0.0240059352924664,0.2295584971519446,0.0226013538555509,-0.6910696294228826,1.4629855383979251,0.4077806934522571,-0.6557620278323238,-0.4025003166957402,1775,results/music_external_review/20260917T133518483857Z/reference_arrangement_penalties.csv,67d11393f1ae62361838d60f4aeba6a374e9854a6ea36d10606df46bd45989a9,results/music_external_review/20260917T133518483857Z/review.json,f8bbd3cd9256b33aeb731d98a280a49da00f052fd0d181dcf29d6cb4bc00143d,percentage points,MAE(ratio10) - MAE(balanced),60,3,7.821818181818182,a
original_grouping,IGTB1966,1,IGTB1506,music_weighted,60,ratio10,0.826032160717286,1.069044347992556,-0.9437491680775753,0.954634881147507,2.332468262836471,1.3429632244957672,1.3489390318764554,-0.0790632679749249,1793,results/music_external_review/20260917T133518483857Z/reference_arrangement_penalties.csv,67d11393f1ae62361838d60f4aeba6a374e9854a6ea36d10606df46bd45989a9,results/music_external_review/20260917T133518483857Z/review.json,f8bbd3cd9256b33aeb731d98a280a49da00f052fd0d181dcf29d6cb4bc00143d,percentage points,MAE(ratio10) - MAE(balanced),60,3,7.872727272727273,a
original_grouping,IGTB1966,1,IGTB508,music_weighted,60,ratio10,1.1386513134176006,1.3200067582681323,-0.1236054884395004,1.309098135130755,2.1524963184684647,0.8984471764838143,2.034263084011441,0.5612086548506104,1811,results/music_external_review/20260917T133518483857Z/reference_arrangement_penalties.csv,67d11393f1ae62361838d60f4aeba6a374e9854a6ea36d10606df46bd45989a9,results/music_external_review/20260917T133518483857Z/review.json,f8bbd3cd9256b33aeb731d98a280a49da00f052fd0d181dcf29d6cb4bc00143d,percentage points,MAE(ratio10) - MAE(balanced),60,3,7.923636363636364,a
original_grouping,IGTB1966,1,IGTB514,music_weighted,60,ratio10,0.5278136478364858,0.6726719452438036,-0.4512483615191378,0.7606424825390748,1.4577970655799912,1.012392353750309,0.6973063802752366,-0.3100080336065533,1829,results/music_external_review/20260917T133518483857Z/reference_arrangement_penalties.csv,67d11393f1ae62361838d60f4aeba6a374e9854a6ea36d10606df46bd45989a9,results/music_external_review/20260917T133518483857Z/review.json,f8bbd3cd9256b33aeb731d98a280a49da00f052fd0d181dcf29d6cb4bc00143d,percentage points,MAE(ratio10) - MAE(balanced),60,3,7.974545454545455,a
original_grouping,IGTB1966,2,IGTB1650,music_weighted,60,ratio10,0.4442089444103757,0.4762785578928066,-0.3875891281722313,1.1069227084115636,0.2233361117700322,0.271286211107447,0.953380372003507,0.4979173913419265,1847,results/music_external_review/20260917T133518483857Z/reference_arrangement_penalties.csv,67d11393f1ae62361838d60f4aeba6a374e9854a6ea36d10606df46bd45989a9,results/music_external_review/20260917T133518483857Z/review.json,f8bbd3cd9256b33aeb731d98a280a49da00f052fd0d181dcf29d6cb4bc00143d,percentage points,MAE(ratio10) - MAE(balanced),60,3,8.025454545454545,a
original_grouping,IGTB1966,2,IGTB1913,music_weighted,60,ratio10,0.5806196410143387,0.708926001690451,-0.1116926910033219,0.7579969498150747,1.3639552490021176,0.6696535603545527,0.4121341202908491,0.3916706576267624,1865,results/music_external_review/20260917T133518483857Z/reference_arrangement_penalties.csv,67d11393f1ae62361838d60f4aeba6a374e9854a6ea36d10606df46bd45989a9,results/music_external_review/20260917T133518483857Z/review.json,f8bbd3cd9256b33aeb731d98a280a49da00f052fd0d181dcf29d6cb4bc00143d,percentage points,MAE(ratio10) - MAE(balanced),60,3,8.076363636363636,a
original_grouping,IGTB1966,2,IGTB195,music_weighted,60,ratio10,0.2623174120402158,0.402890254881782,-1.2078622235142276,0.5149495307277944,0.6905015157124368,0.7432778876718616,0.7554699434545289,0.0775678181888888,1883,results/music_external_review/20260917T133518483857Z/reference_arrangement_penalties.csv,67d11393f1ae62361838d60f4aeba6a374e9854a6ea36d10606df46bd45989a9,results/music_external_review/20260917T133518483857Z/review.json,f8bbd3cd9256b33aeb731d98a280a49da00f052fd0d181dcf29d6cb4bc00143d,percentage points,MAE(ratio10) - MAE(balanced),60,3,8.127272727272727,a
original_grouping,IGTB1966,3,HC-014,music_weighted,60,ratio10,-0.5884384491222564,-0.5690744748248552,-2.26880565648405,-0.7202761349938687,1.306284711591139,-1.044550646807276,-1.4172548553350686,0.6139718872955673,1901,results/music_external_review/20260917T133518483857Z/reference_arrangement_penalties.csv,67d11393f1ae62361838d60f4aeba6a374e9854a6ea36d10606df46bd45989a9,results/music_external_review/20260917T133518483857Z/review.json,f8bbd3cd9256b33aeb731d98a280a49da00f052fd0d181dcf29d6cb4bc00143d,percentage points,MAE(ratio10) - MAE(balanced),60,3,8.178181818181818,a
original_grouping,IGTB1966,3,HC-572,music_weighted,60,ratio10,-0.4021066827006987,-0.4097103430881013,-2.228558915170496,0.1356251360689848,0.9237488553783944,-1.0509418747816586,-0.8620439614220884,0.6695306637226651,1919,results/music_external_review/20260917T133518483857Z/reference_arrangement_penalties.csv,67d11393f1ae62361838d60f4aeba6a374e9854a6ea36d10606df46bd45989a9,results/music_external_review/20260917T133518483857Z/review.json,f8bbd3cd9256b33aeb731d98a280a49da00f052fd0d181dcf29d6cb4bc00143d,percentage points,MAE(ratio10) - MAE(balanced),60,3,8.229090909090909,a
original_grouping,IGTB1966,3,IGTB1921,music_weighted,60,ratio10,-0.1598155024500114,-0.2374160975506491,-2.3300643242459675,0.576546260284914,1.1773880363935905,-0.8740421246538934,-0.1851245253160713,0.6764036628373344,1937,results/music_external_review/20260917T133518483857Z/reference_arrangement_penalties.csv,67d11393f1ae62361838d60f4aeba6a374e9854a6ea36d10606df46bd45989a9,results/music_external_review/20260917T133518483857Z/review.json,f8bbd3cd9256b33aeb731d98a280a49da00f052fd0d181dcf29d6cb4bc00143d,percentage points,MAE(ratio10) - MAE(balanced),60,3,8.28,a
original_grouping,IGTB256,0,IGTB1506,music_weighted,60,ratio10,0.9139819237532644,0.8915316844063631,1.6939242951482851,0.618582572590682,-0.1455194640600068,1.1768451919129916,0.8925282451972546,1.2475307017303745,1955,results/music_external_review/20260917T133518483857Z/reference_arrangement_penalties.csv,67d11393f1ae62361838d60f4aeba6a374e9854a6ea36d10606df46bd45989a9,results/music_external_review/20260917T133518483857Z/review.json,f8bbd3cd9256b33aeb731d98a280a49da00f052fd0d181dcf29d6cb4bc00143d,percentage points,MAE(ratio10) - MAE(balanced),60,3,8.72,a
original_grouping,IGTB256,0,IGTB508,music_weighted,60,ratio10,0.9073673467494058,0.9167614818113388,1.7089491381688626,0.6828480161641718,0.0988890571334873,1.5145631629166736,1.244347255088067,0.1946074510251738,1973,results/music_external_review/20260917T133518483857Z/reference_arrangement_penalties.csv,67d11393f1ae62361838d60f4aeba6a374e9854a6ea36d10606df46bd45989a9,results/music_external_review/20260917T133518483857Z/review.json,f8bbd3cd9256b33aeb731d98a280a49da00f052fd0d181dcf29d6cb4bc00143d,percentage points,MAE(ratio10) - MAE(balanced),60,3,8.770909090909091,a
original_grouping,IGTB256,0,IGTB514,music_weighted,60,ratio10,0.9573322668556384,0.9664449672463056,2.009457950499668,0.370329232063928,-0.0625725516433265,1.192729299871342,0.7666050756248876,1.4674445947173325,1991,results/music_external_review/20260917T133518483857Z/reference_arrangement_penalties.csv,67d11393f1ae62361838d60f4aeba6a374e9854a6ea36d10606df46bd45989a9,results/music_external_review/20260917T133518483857Z/review.json,f8bbd3cd9256b33aeb731d98a280a49da00f052fd0d181dcf29d6cb4bc00143d,percentage points,MAE(ratio10) - MAE(balanced),60,3,8.821818181818182,a
original_grouping,IGTB256,1,IGTB1650,music_weighted,60,ratio10,0.922962127347272,0.9687224746940568,1.1819821593278907,1.1172081069148017,0.3974434542135537,0.9979276962554288,0.8141136093944232,1.029097737977539,2009,results/music_external_review/20260917T133518483857Z/reference_arrangement_penalties.csv,67d11393f1ae62361838d60f4aeba6a374e9854a6ea36d10606df46bd45989a9,results/music_external_review/20260917T133518483857Z/review.json,f8bbd3cd9256b33aeb731d98a280a49da00f052fd0d181dcf29d6cb4bc00143d,percentage points,MAE(ratio10) - MAE(balanced),60,3,8.872727272727273,a
original_grouping,IGTB256,1,IGTB1913,music_weighted,60,ratio10,0.8942618301157115,0.9480120008617318,1.4696399293658309,1.0895174731876145,0.5779834232302569,0.985132486672148,0.8666213080333177,0.3766763602051088,2027,results/music_external_review/20260917T133518483857Z/reference_arrangement_penalties.csv,67d11393f1ae62361838d60f4aeba6a374e9854a6ea36d10606df46bd45989a9,results/music_external_review/20260917T133518483857Z/review.json,f8bbd3cd9256b33aeb731d98a280a49da00f052fd0d181dcf29d6cb4bc00143d,percentage points,MAE(ratio10) - MAE(balanced),60,3,8.923636363636364,a
original_grouping,IGTB256,1,IGTB195,music_weighted,60,ratio10,1.0930935240145256,1.1518356621363013,1.2606593948729927,1.2109245237030464,0.5957546179652701,1.230371797397049,1.0661447234904755,1.1947060866583326,2045,results/music_external_review/20260917T133518483857Z/reference_arrangement_penalties.csv,67d11393f1ae62361838d60f4aeba6a374e9854a6ea36d10606df46bd45989a9,results/music_external_review/20260917T133518483857Z/review.json,f8bbd3cd9256b33aeb731d98a280a49da00f052fd0d181dcf29d6cb4bc00143d,percentage points,MAE(ratio10) - MAE(balanced),60,3,8.974545454545455,a
original_grouping,IGTB256,2,HC-014,music_weighted,60,ratio10,0.1722473349247513,0.250592679682417,0.1404575158796134,0.5466662390197574,0.3391740765916628,-0.3431127097114574,-0.7044876826449962,1.0547865704139252,2063,results/music_external_review/20260917T133518483857Z/reference_arrangement_penalties.csv,67d11393f1ae62361838d60f4aeba6a374e9854a6ea36d10606df46bd45989a9,results/music_external_review/20260917T133518483857Z/review.json,f8bbd3cd9256b33aeb731d98a280a49da00f052fd0d181dcf29d6cb4bc00143d,percentage points,MAE(ratio10) - MAE(balanced),60,3,9.025454545454545,a
original_grouping,IGTB256,2,HC-572,music_weighted,60,ratio10,0.4040488452454087,0.4560090245542915,0.3341521327186793,0.9910691854068984,0.4212289387760127,-0.3515930396278728,-0.1831191505867293,1.212555004785474,2081,results/music_external_review/20260917T133518483857Z/reference_arrangement_penalties.csv,67d11393f1ae62361838d60f4aeba6a374e9854a6ea36d10606df46bd45989a9,results/music_external_review/20260917T133518483857Z/review.json,f8bbd3cd9256b33aeb731d98a280a49da00f052fd0d181dcf29d6cb4bc00143d,percentage points,MAE(ratio10) - MAE(balanced),60,3,9.076363636363636,a
original_grouping,IGTB256,2,IGTB1921,music_weighted,60,ratio10,0.5854582099442216,0.6544906379891846,0.5592063442006566,1.0950805253687643,0.3634443118255586,0.0121964436377554,0.1967514110491518,1.2860702235834485,2099,results/music_external_review/20260917T133518483857Z/reference_arrangement_penalties.csv,67d11393f1ae62361838d60f4aeba6a374e9854a6ea36d10606df46bd45989a9,results/music_external_review/20260917T133518483857Z/review.json,f8bbd3cd9256b33aeb731d98a280a49da00f052fd0d181dcf29d6cb4bc00143d,percentage points,MAE(ratio10) - MAE(balanced),60,3,9.127272727272727,a
original_grouping,IGTB256,3,IGTB1966,music_weighted,60,ratio10,1.176561269968577,1.3015523452365312,1.961954541862151,1.241273146340535,0.5281771794340724,1.1617073818910422,0.3211858542402203,1.84506951604344,2117,results/music_external_review/20260917T133518483857Z/reference_arrangement_penalties.csv,67d11393f1ae62361838d60f4aeba6a374e9854a6ea36d10606df46bd45989a9,results/music_external_review/20260917T133518483857Z/review.json,f8bbd3cd9256b33aeb731d98a280a49da00f052fd0d181dcf29d6cb4bc00143d,percentage points,MAE(ratio10) - MAE(balanced),60,3,9.178181818181818,a
original_grouping,IGTB256,3,IGTB498,music_weighted,60,ratio10,1.1474438096178587,1.268240597957667,1.782948677093853,1.3651082864277766,0.6306626891851282,1.4560949290972884,0.1970300452636724,1.4528182306394373,2135,results/music_external_review/20260917T133518483857Z/reference_arrangement_penalties.csv,67d11393f1ae62361838d60f4aeba6a374e9854a6ea36d10606df46bd45989a9,results/music_external_review/20260917T133518483857Z/review.json,f8bbd3cd9256b33aeb731d98a280a49da00f052fd0d181dcf29d6cb4bc00143d,percentage points,MAE(ratio10) - MAE(balanced),60,3,9.229090909090909,a
original_grouping,IGTB256,3,IGTB826,music_weighted,60,ratio10,0.9662548490530763,1.0962909217620929,1.7353244192059525,1.0115445799814344,0.7022097271607689,1.7135578282855688,0.2040386636935229,0.4308538759911982,2153,results/music_external_review/20260917T133518483857Z/reference_arrangement_penalties.csv,67d11393f1ae62361838d60f4aeba6a374e9854a6ea36d10606df46bd45989a9,results/music_external_review/20260917T133518483857Z/review.json,f8bbd3cd9256b33aeb731d98a280a49da00f052fd0d181dcf29d6cb4bc00143d,percentage points,MAE(ratio10) - MAE(balanced),60,3,9.28,a
original_grouping,IGTB498,0,HC-502,music_weighted,60,ratio10,0.7631970827955418,0.7032425632381694,1.6746684845501263,0.9787394684878664,-0.51064336609424,0.9240665344195144,1.2485015536775927,0.26384982173239,2171,results/music_external_review/20260917T133518483857Z/reference_arrangement_penalties.csv,67d11393f1ae62361838d60f4aeba6a374e9854a6ea36d10606df46bd45989a9,results/music_external_review/20260917T133518483857Z/review.json,f8bbd3cd9256b33aeb731d98a280a49da00f052fd0d181dcf29d6cb4bc00143d,percentage points,MAE(ratio10) - MAE(balanced),60,3,9.72,a
original_grouping,IGTB498,0,IGTB256,music_weighted,60,ratio10,0.8603507321744063,1.0425661543246607,1.6229337470188916,0.5325486583951279,1.2402052830560992,1.5163612354985927,0.8171440378796765,-0.5670885688019502,2189,results/music_external_review/20260917T133518483857Z/reference_arrangement_penalties.csv,67d11393f1ae62361838d60f4aeba6a374e9854a6ea36d10606df46bd45989a9,results/music_external_review/20260917T133518483857Z/review.json,f8bbd3cd9256b33aeb731d98a280a49da00f052fd0d181dcf29d6cb4bc00143d,percentage points,MAE(ratio10) - MAE(balanced),60,3,9.770909090909091,a
original_grouping,IGTB498,0,IGTB514,music_weighted,60,ratio10,0.6040788728092831,0.5288710447339836,1.7123251192796898,0.6255213600381433,-0.5454714454992563,0.9069372618658774,0.9483494762830932,-0.0231885351118432,2207,results/music_external_review/20260917T133518483857Z/reference_arrangement_penalties.csv,67d11393f1ae62361838d60f4aeba6a374e9854a6ea36d10606df46bd45989a9,results/music_external_review/20260917T133518483857Z/review.json,f8bbd3cd9256b33aeb731d98a280a49da00f052fd0d181dcf29d6cb4bc00143d,percentage points,MAE(ratio10) - MAE(balanced),60,3,9.821818181818182,a
original_grouping,IGTB498,1,IGTB1506,music_weighted,60,ratio10,0.9716440646590152,1.0688241608107971,1.6053672332490092,0.8146886105231098,0.7045251697635481,0.9117521892255572,1.103530624597089,0.6900005605957673,2225,results/music_external_review/20260917T133518483857Z/reference_arrangement_penalties.csv,67d11393f1ae62361838d60f4aeba6a374e9854a6ea36d10606df46bd45989a9,results/music_external_review/20260917T133518483857Z/review.json,f8bbd3cd9256b33aeb731d98a280a49da00f052fd0d181dcf29d6cb4bc00143d,percentage points,MAE(ratio10) - MAE(balanced),60,3,9.872727272727273,a
original_grouping,IGTB498,1,IGTB1650,music_weighted,60,ratio10,0.862841401705685,0.9110554259523408,1.5583153170636586,0.342064337087359,0.4065150992091644,0.6825919061693244,1.1789858839351828,1.0085758667694231,2243,results/music_external_review/20260917T133518483857Z/reference_arrangement_penalties.csv,67d11393f1ae62361838d60f4aeba6a374e9854a6ea36d10606df46bd45989a9,results/music_external_review/20260917T133518483857Z/review.json,f8bbd3cd9256b33aeb731d98a280a49da00f052fd0d181dcf29d6cb4bc00143d,percentage points,MAE(ratio10) - MAE(balanced),60,3,9.923636363636364,a
original_grouping,IGTB498,1,IGTB508,music_weighted,60,ratio10,0.9124159418193206,0.956358056304666,1.4269389783592168,0.2320509093374698,0.48257663255736,1.205948205752988,1.3614338411150404,0.7655470837938515,2261,results/music_external_review/20260917T133518483857Z/reference_arrangement_penalties.csv,67d11393f1ae62361838d60f4aeba6a374e9854a6ea36d10606df46bd45989a9,results/music_external_review/20260917T133518483857Z/review.json,f8bbd3cd9256b33aeb731d98a280a49da00f052fd0d181dcf29d6cb4bc00143d,percentage points,MAE(ratio10) - MAE(balanced),60,3,9.974545454545455,a
original_grouping,IGTB498,2,HC-572,music_weighted,60,ratio10,0.439765824982521,0.1893836877902377,2.050632058093674,0.8970835220132065,-1.211262745163457,-0.1459537758857328,0.5693139920069022,0.4787818988305317,2279,results/music_external_review/20260917T133518483857Z/reference_arrangement_penalties.csv,67d11393f1ae62361838d60f4aeba6a374e9854a6ea36d10606df46bd45989a9,results/music_external_review/20260917T133518483857Z/review.json,f8bbd3cd9256b33aeb731d98a280a49da00f052fd0d181dcf29d6cb4bc00143d,percentage points,MAE(ratio10) - MAE(balanced),60,3,10.025454545454545,a
original_grouping,IGTB498,2,IGTB1913,music_weighted,60,ratio10,0.685242943823807,0.4758030452856795,2.464373717324547,0.9671768437128908,-1.0774333850524298,0.0163083372834696,0.5683058555508103,1.1727262941235557,2297,results/music_external_review/20260917T133518483857Z/reference_arrangement_penalties.csv,67d11393f1ae62361838d60f4aeba6a374e9854a6ea36d10606df46bd45989a9,results/music_external_review/20260917T133518483857Z/review.json,f8bbd3cd9256b33aeb731d98a280a49da00f052fd0d181dcf29d6cb4bc00143d,percentage points,MAE(ratio10) - MAE(balanced),60,3,10.076363636363636,a
original_grouping,IGTB498,2,IGTB195,music_weighted,60,ratio10,0.4059966498212666,0.0878213201825114,1.7300931997578892,1.1511120601913156,-1.7489298361447396,-0.3333556626686794,0.8997290970660816,0.7373310407257195,2315,results/music_external_review/20260917T133518483857Z/reference_arrangement_penalties.csv,67d11393f1ae62361838d60f4aeba6a374e9854a6ea36d10606df46bd45989a9,results/music_external_review/20260917T133518483857Z/review.json,f8bbd3cd9256b33aeb731d98a280a49da00f052fd0d181dcf29d6cb4bc00143d,percentage points,MAE(ratio10) - MAE(balanced),60,3,10.127272727272727,a
original_grouping,IGTB498,3,HC-014,music_weighted,60,ratio10,0.503204505206649,0.5316509089710593,1.432479624010628,0.8967743194638358,-0.382415576393031,0.7501085862863848,0.4179422775375783,-0.0956621996654872,2333,results/music_external_review/20260917T133518483857Z/reference_arrangement_penalties.csv,67d11393f1ae62361838d60f4aeba6a374e9854a6ea36d10606df46bd45989a9,results/music_external_review/20260917T133518483857Z/review.json,f8bbd3cd9256b33aeb731d98a280a49da00f052fd0d181dcf29d6cb4bc00143d,percentage points,MAE(ratio10) - MAE(balanced),60,3,10.178181818181818,a
original_grouping,IGTB498,3,IGTB1921,music_weighted,60,ratio10,0.5730693195735946,0.6253849167724311,1.1441441246939237,0.7252593833783932,0.1933720036267689,0.8705493147621424,0.6888355759959158,-0.1837444850155548,2351,results/music_external_review/20260917T133518483857Z/reference_arrangement_penalties.csv,67d11393f1ae62361838d60f4aeba6a374e9854a6ea36d10606df46bd45989a9,results/music_external_review/20260917T133518483857Z/review.json,f8bbd3cd9256b33aeb731d98a280a49da00f052fd0d181dcf29d6cb4bc00143d,percentage points,MAE(ratio10) - MAE(balanced),60,3,10.229090909090909,a
original_grouping,IGTB498,3,IGTB826,music_weighted,60,ratio10,0.7026635494106989,0.7964587188380443,1.4281906802396631,0.6598211167899024,0.4008930164124412,1.0543726406550178,0.8851524522435636,-0.212448609876371,2369,results/music_external_review/20260917T133518483857Z/reference_arrangement_penalties.csv,67d11393f1ae62361838d60f4aeba6a374e9854a6ea36d10606df46bd45989a9,results/music_external_review/20260917T133518483857Z/review.json,f8bbd3cd9256b33aeb731d98a280a49da00f052fd0d181dcf29d6cb4bc00143d,percentage points,MAE(ratio10) - MAE(balanced),60,3,10.28,a
original_grouping,IGTB508,0,IGTB1650,music_weighted,60,ratio10,0.5569698278546935,0.7544721052950946,0.4947700544368515,0.7932610784261115,0.728406722454133,0.6784687385518186,0.1266301150706655,0.5202822581885821,2387,results/music_external_review/20260917T133518483857Z/reference_arrangement_penalties.csv,67d11393f1ae62361838d60f4aeba6a374e9854a6ea36d10606df46bd45989a9,results/music_external_review/20260917T133518483857Z/review.json,f8bbd3cd9256b33aeb731d98a280a49da00f052fd0d181dcf29d6cb4bc00143d,percentage points,MAE(ratio10) - MAE(balanced),60,3,10.72,a
original_grouping,IGTB508,0,IGTB1913,music_weighted,60,ratio10,0.4844059515354371,0.6487476014326885,0.488385013907254,0.7891117925121162,0.4864167873771898,0.6943751688132715,0.1753020875785251,0.2728448590242729,2405,results/music_external_review/20260917T133518483857Z/reference_arrangement_penalties.csv,67d11393f1ae62361838d60f4aeba6a374e9854a6ea36d10606df46bd45989a9,results/music_external_review/20260917T133518483857Z/review.json,f8bbd3cd9256b33aeb731d98a280a49da00f052fd0d181dcf29d6cb4bc00143d,percentage points,MAE(ratio10) - MAE(balanced),60,3,10.770909090909091,a
original_grouping,IGTB508,0,IGTB195,music_weighted,60,ratio10,0.5233942473727193,0.794650181812338,0.3814271105022918,0.6583074681746355,0.8436211302557844,1.0920143502319652,-0.5934949131816836,0.7584903382533293,2423,results/music_external_review/20260917T133518483857Z/reference_arrangement_penalties.csv,67d11393f1ae62361838d60f4aeba6a374e9854a6ea36d10606df46bd45989a9,results/music_external_review/20260917T133518483857Z/review.json,f8bbd3cd9256b33aeb731d98a280a49da00f052fd0d181dcf29d6cb4bc00143d,percentage points,MAE(ratio10) - MAE(balanced),60,3,10.821818181818182,a
original_grouping,IGTB508,1,HC-014,music_weighted,60,ratio10,0.6104087125499652,0.770258244940365,0.3491469095992089,0.8644807283999915,1.2933433075668583,0.4578152426697274,-0.0234466687242218,0.7211127557882203,2441,results/music_external_review/20260917T133518483857Z/reference_arrangement_penalties.csv,67d11393f1ae62361838d60f4aeba6a374e9854a6ea36d10606df46bd45989a9,results/music_external_review/20260917T133518483857Z/review.json,f8bbd3cd9256b33aeb731d98a280a49da00f052fd0d181dcf29d6cb4bc00143d,percentage points,MAE(ratio10) - MAE(balanced),60,3,10.872727272727273,a
original_grouping,IGTB508,1,HC-572,music_weighted,60,ratio10,0.8019568248855903,0.9119158226787134,0.4055803204021833,1.4084041445605162,1.201104757487898,0.3359802055764112,0.6267165508862848,0.833954970400235,2459,results/music_external_review/20260917T133518483857Z/reference_arrangement_penalties.csv,67d11393f1ae62361838d60f4aeba6a374e9854a6ea36d10606df46bd45989a9,results/music_external_review/20260917T133518483857Z/review.json,f8bbd3cd9256b33aeb731d98a280a49da00f052fd0d181dcf29d6cb4bc00143d,percentage points,MAE(ratio10) - MAE(balanced),60,3,10.923636363636364,a
original_grouping,IGTB508,1,IGTB1921,music_weighted,60,ratio10,0.94352548937142,1.1143226419405732,0.4978975158684302,1.4261518944307134,1.334919326043925,0.6417954253643618,0.7317607554767659,1.0286280190443176,2477,results/music_external_review/20260917T133518483857Z/reference_arrangement_penalties.csv,67d11393f1ae62361838d60f4aeba6a374e9854a6ea36d10606df46bd45989a9,results/music_external_review/20260917T133518483857Z/review.json,f8bbd3cd9256b33aeb731d98a280a49da00f052fd0d181dcf29d6cb4bc00143d,percentage points,MAE(ratio10) - MAE(balanced),60,3,10.974545454545455,a
original_grouping,IGTB508,2,IGTB1966,music_weighted,60,ratio10,1.123094358241612,1.3475936957390346,1.8072234062660364,1.186502465981783,1.0046221559881543,1.1731355590249837,-0.0575179425972214,1.6246005047859224,2495,results/music_external_review/20260917T133518483857Z/reference_arrangement_penalties.csv,67d11393f1ae62361838d60f4aeba6a374e9854a6ea36d10606df46bd45989a9,results/music_external_review/20260917T133518483857Z/review.json,f8bbd3cd9256b33aeb731d98a280a49da00f052fd0d181dcf29d6cb4bc00143d,percentage points,MAE(ratio10) - MAE(balanced),60,3,11.025454545454545,a
original_grouping,IGTB508,2,IGTB498,music_weighted,60,ratio10,0.8895606044105487,1.0489845143301917,1.532545749395916,1.1707448403551408,0.8331286926880648,0.8616559901946861,-0.3037007751092875,1.2429891289387591,2513,results/music_external_review/20260917T133518483857Z/reference_arrangement_penalties.csv,67d11393f1ae62361838d60f4aeba6a374e9854a6ea36d10606df46bd45989a9,results/music_external_review/20260917T133518483857Z/review.json,f8bbd3cd9256b33aeb731d98a280a49da00f052fd0d181dcf29d6cb4bc00143d,percentage points,MAE(ratio10) - MAE(balanced),60,3,11.076363636363636,a
original_grouping,IGTB508,2,IGTB826,music_weighted,60,ratio10,0.7467929915923742,0.8793368078830875,1.3597680904816127,1.0800609306274291,0.8980440537505294,1.080907960964687,-0.5309689619634953,0.5929458756934655,2531,results/music_external_review/20260917T133518483857Z/reference_arrangement_penalties.csv,67d11393f1ae62361838d60f4aeba6a374e9854a6ea36d10606df46bd45989a9,results/music_external_review/20260917T133518483857Z/review.json,f8bbd3cd9256b33aeb731d98a280a49da00f052fd0d181dcf29d6cb4bc00143d,percentage points,MAE(ratio10) - MAE(balanced),60,3,11.127272727272727,a
original_grouping,IGTB508,3,HC-502,music_weighted,60,ratio10,0.963992608237786,1.1357751177434956,1.547469378189793,1.2031183681154496,0.8635086789228792,1.1652956037359048,0.3128962669906749,0.691667353472027,2549,results/music_external_review/20260917T133518483857Z/reference_arrangement_penalties.csv,67d11393f1ae62361838d60f4aeba6a374e9854a6ea36d10606df46bd45989a9,results/music_external_review/20260917T133518483857Z/review.json,f8bbd3cd9256b33aeb731d98a280a49da00f052fd0d181dcf29d6cb4bc00143d,percentage points,MAE(ratio10) - MAE(balanced),60,3,11.178181818181818,a
original_grouping,IGTB508,3,IGTB256,music_weighted,60,ratio10,1.2213192639857218,1.4629334251343007,1.874195567924384,1.0091679938169915,1.9867933123373944,1.3483584813888936,0.2286706366662395,0.8807295917804256,2567,results/music_external_review/20260917T133518483857Z/reference_arrangement_penalties.csv,67d11393f1ae62361838d60f4aeba6a374e9854a6ea36d10606df46bd45989a9,results/music_external_review/20260917T133518483857Z/review.json,f8bbd3cd9256b33aeb731d98a280a49da00f052fd0d181dcf29d6cb4bc00143d,percentage points,MAE(ratio10) - MAE(balanced),60,3,11.229090909090909,a
original_grouping,IGTB508,3,IGTB514,music_weighted,60,ratio10,1.0815473999467526,1.2418816615696378,1.7513050648489412,1.3699608816905722,0.8674646042657916,1.21304531282158,0.5939824955957764,0.6935260404578539,2585,results/music_external_review/20260917T133518483857Z/reference_arrangement_penalties.csv,67d11393f1ae62361838d60f4aeba6a374e9854a6ea36d10606df46bd45989a9,results/music_external_review/20260917T133518483857Z/review.json,f8bbd3cd9256b33aeb731d98a280a49da00f052fd0d181dcf29d6cb4bc00143d,percentage points,MAE(ratio10) - MAE(balanced),60,3,11.28,a
original_grouping,IGTB514,0,IGTB1506,music_weighted,60,ratio10,1.1164764502244149,1.2932918458733964,1.9236238623163315,0.7174084365945008,1.1256613712951746,1.0653576500115245,1.0776116889886729,0.7891956921402621,2603,results/music_external_review/20260917T133518483857Z/reference_arrangement_penalties.csv,67d11393f1ae62361838d60f4aeba6a374e9854a6ea36d10606df46bd45989a9,results/music_external_review/20260917T133518483857Z/review.json,f8bbd3cd9256b33aeb731d98a280a49da00f052fd0d181dcf29d6cb4bc00143d,percentage points,MAE(ratio10) - MAE(balanced),60,3,11.72,a
original_grouping,IGTB514,0,IGTB1650,music_weighted,60,ratio10,1.1144413354752458,1.2932864500863792,1.9066052339731707,0.7062467369002041,1.2757036510395885,0.6968717650308174,1.152733497493068,0.9484871284146262,2621,results/music_external_review/20260917T133518483857Z/reference_arrangement_penalties.csv,67d11393f1ae62361838d60f4aeba6a374e9854a6ea36d10606df46bd45989a9,results/music_external_review/20260917T133518483857Z/review.json,f8bbd3cd9256b33aeb731d98a280a49da00f052fd0d181dcf29d6cb4bc00143d,percentage points,MAE(ratio10) - MAE(balanced),60,3,11.770909090909091,a
original_grouping,IGTB514,0,IGTB508,music_weighted,60,ratio10,1.099152546196484,1.2113493865660367,1.6957290873192998,0.9914585621700516,0.977257009866794,0.6774285554272808,1.4302287569093015,0.8228133054861666,2639,results/music_external_review/20260917T133518483857Z/reference_arrangement_penalties.csv,67d11393f1ae62361838d60f4aeba6a374e9854a6ea36d10606df46bd45989a9,results/music_external_review/20260917T133518483857Z/review.json,f8bbd3cd9256b33aeb731d98a280a49da00f052fd0d181dcf29d6cb4bc00143d,percentage points,MAE(ratio10) - MAE(balanced),60,3,11.821818181818182,a
original_grouping,IGTB514,1,HC-572,music_weighted,60,ratio10,0.7090462480617478,0.8698458703303295,0.8210862445572208,0.7513820600539489,1.1659678286869464,0.6711453257457426,0.5871265493065125,0.2575694800201121,2657,results/music_external_review/20260917T133518483857Z/reference_arrangement_penalties.csv,67d11393f1ae62361838d60f4aeba6a374e9854a6ea36d10606df46bd45989a9,results/music_external_review/20260917T133518483857Z/review.json,f8bbd3cd9256b33aeb731d98a280a49da00f052fd0d181dcf29d6cb4bc00143d,percentage points,MAE(ratio10) - MAE(balanced),60,3,11.872727272727273,a
original_grouping,IGTB514,1,IGTB1913,music_weighted,60,ratio10,0.8236631605363497,1.0758588577104249,1.4384367943478265,0.6342513606723416,1.140331572420427,0.8394429444298168,0.0653561633665485,0.8241601279811295,2675,results/music_external_review/20260917T133518483857Z/reference_arrangement_penalties.csv,67d11393f1ae62361838d60f4aeba6a374e9854a6ea36d10606df46bd45989a9,results/music_external_review/20260917T133518483857Z/review.json,f8bbd3cd9256b33aeb731d98a280a49da00f052fd0d181dcf29d6cb4bc00143d,percentage points,MAE(ratio10) - MAE(balanced),60,3,11.923636363636364,a
original_grouping,IGTB514,1,IGTB195,music_weighted,60,ratio10,0.7035117450351631,0.8636839241512432,0.4199754398291117,0.8634412814366529,1.1119471376387604,0.5886118504402101,0.913548063481478,0.3235466973847583,2693,results/music_external_review/20260917T133518483857Z/reference_arrangement_penalties.csv,67d11393f1ae62361838d60f4aeba6a374e9854a6ea36d10606df46bd45989a9,results/music_external_review/20260917T133518483857Z/review.json,f8bbd3cd9256b33aeb731d98a280a49da00f052fd0d181dcf29d6cb4bc00143d,percentage points,MAE(ratio10) - MAE(balanced),60,3,11.974545454545455,a
original_grouping,IGTB514,2,HC-014,music_weighted,60,ratio10,0.4064526484855292,0.4829819524610545,0.7872317337566467,0.3247510249344026,0.4163117886777213,0.8288630228890358,0.1128614182723403,-0.0313030976169805,2711,results/music_external_review/20260917T133518483857Z/reference_arrangement_penalties.csv,67d11393f1ae62361838d60f4aeba6a374e9854a6ea36d10606df46bd45989a9,results/music_external_review/20260917T133518483857Z/review.json,f8bbd3cd9256b33aeb731d98a280a49da00f052fd0d181dcf29d6cb4bc00143d,percentage points,MAE(ratio10) - MAE(balanced),60,3,12.025454545454545,a
original_grouping,IGTB514,2,IGTB1921,music_weighted,60,ratio10,0.5848052708630378,0.6751321859381942,0.483037679213494,0.6753922405700689,0.8452135324755526,1.030423450628474,0.5800747687705059,-0.1053100464798714,2729,results/music_external_review/20260917T133518483857Z/reference_arrangement_penalties.csv,67d11393f1ae62361838d60f4aeba6a374e9854a6ea36d10606df46bd45989a9,results/music_external_review/20260917T133518483857Z/review.json,f8bbd3cd9256b33aeb731d98a280a49da00f052fd0d181dcf29d6cb4bc00143d,percentage points,MAE(ratio10) - MAE(balanced),60,3,12.076363636363636,a
original_grouping,IGTB514,2,IGTB826,music_weighted,60,ratio10,0.7484136148175788,0.8567062937863478,0.8484419049691716,0.5845063542655169,0.9440578973406714,1.1058756114913326,0.7794720521289628,0.2281278687098189,2747,results/music_external_review/20260917T133518483857Z/reference_arrangement_penalties.csv,67d11393f1ae62361838d60f4aeba6a374e9854a6ea36d10606df46bd45989a9,results/music_external_review/20260917T133518483857Z/review.json,f8bbd3cd9256b33aeb731d98a280a49da00f052fd0d181dcf29d6cb4bc00143d,percentage points,MAE(ratio10) - MAE(balanced),60,3,12.127272727272727,a
original_grouping,IGTB514,3,HC-502,music_weighted,60,ratio10,0.982894942670461,1.1889422447019693,1.46644689347497,1.171927687855569,0.6321390135129038,1.294748918696681,0.6624959229165767,0.6696112195660688,2765,results/music_external_review/20260917T133518483857Z/reference_arrangement_penalties.csv,67d11393f1ae62361838d60f4aeba6a374e9854a6ea36d10606df46bd45989a9,results/music_external_review/20260917T133518483857Z/review.json,f8bbd3cd9256b33aeb731d98a280a49da00f052fd0d181dcf29d6cb4bc00143d,percentage points,MAE(ratio10) - MAE(balanced),60,3,12.178181818181818,a
original_grouping,IGTB514,3,IGTB1966,music_weighted,60,ratio10,1.0146084832397322,1.1958648548733977,1.4629794547882855,0.9604202136874462,0.7718533930072524,1.0318290269002202,0.8201340793000801,1.0404347317551097,2783,results/music_external_review/20260917T133518483857Z/reference_arrangement_penalties.csv,67d11393f1ae62361838d60f4aeba6a374e9854a6ea36d10606df46bd45989a9,results/music_external_review/20260917T133518483857Z/review.json,f8bbd3cd9256b33aeb731d98a280a49da00f052fd0d181dcf29d6cb4bc00143d,percentage points,MAE(ratio10) - MAE(balanced),60,3,12.229090909090909,a
original_grouping,IGTB514,3,IGTB498,music_weighted,60,ratio10,1.0230226848875288,1.1657084166638303,1.2525380175023122,1.647902329998982,0.6020688525345256,0.8963913206686759,1.0268727283050243,0.7123628603156557,2801,results/music_external_review/20260917T133518483857Z/reference_arrangement_penalties.csv,67d11393f1ae62361838d60f4aeba6a374e9854a6ea36d10606df46bd45989a9,results/music_external_review/20260917T133518483857Z/review.json,f8bbd3cd9256b33aeb731d98a280a49da00f052fd0d181dcf29d6cb4bc00143d,percentage points,MAE(ratio10) - MAE(balanced),60,3,12.28,a
original_grouping,IGTB826,0,HC-502,music_weighted,60,ratio10,0.3321450306099733,0.3019471682341421,0.0853542198258421,1.584983717648265,-1.2010512343985484,0.2233008012422822,0.3961359950500867,0.9041466842919188,2819,results/music_external_review/20260917T133518483857Z/reference_arrangement_penalties.csv,67d11393f1ae62361838d60f4aeba6a374e9854a6ea36d10606df46bd45989a9,results/music_external_review/20260917T133518483857Z/review.json,f8bbd3cd9256b33aeb731d98a280a49da00f052fd0d181dcf29d6cb4bc00143d,percentage points,MAE(ratio10) - MAE(balanced),60,3,12.72,a
original_grouping,IGTB826,0,IGTB1966,music_weighted,60,ratio10,0.4026383129105166,0.3037832709999212,-0.3998309806194373,1.517360202926367,-0.8165432482117733,0.0404979791648725,0.6510797197730865,1.4232662044299869,2837,results/music_external_review/20260917T133518483857Z/reference_arrangement_penalties.csv,67d11393f1ae62361838d60f4aeba6a374e9854a6ea36d10606df46bd45989a9,results/music_external_review/20260917T133518483857Z/review.json,f8bbd3cd9256b33aeb731d98a280a49da00f052fd0d181dcf29d6cb4bc00143d,percentage points,MAE(ratio10) - MAE(balanced),60,3,12.770909090909091,a
original_grouping,IGTB826,0,IGTB498,music_weighted,60,ratio10,0.5920776825963604,0.528558946184622,-0.3113488737148556,1.4705946078591905,-0.245575443992649,0.5609466814384624,1.0768676192103237,1.0009815047776869,2855,results/music_external_review/20260917T133518483857Z/reference_arrangement_penalties.csv,67d11393f1ae62361838d60f4aeba6a374e9854a6ea36d10606df46bd45989a9,results/music_external_review/20260917T133518483857Z/review.json,f8bbd3cd9256b33aeb731d98a280a49da00f052fd0d181dcf29d6cb4bc00143d,percentage points,MAE(ratio10) - MAE(balanced),60,3,12.821818181818182,a
original_grouping,IGTB826,1,IGTB1506,music_weighted,60,ratio10,0.9724116081286976,1.1507847909248317,0.9432099138388026,0.7368065531758679,0.4365423022793611,1.347763362861368,1.247073498486478,1.1230740181303185,2873,results/music_external_review/20260917T133518483857Z/reference_arrangement_penalties.csv,67d11393f1ae62361838d60f4aeba6a374e9854a6ea36d10606df46bd45989a9,results/music_external_review/20260917T133518483857Z/review.json,f8bbd3cd9256b33aeb731d98a280a49da00f052fd0d181dcf29d6cb4bc00143d,percentage points,MAE(ratio10) - MAE(balanced),60,3,12.872727272727273,a
original_grouping,IGTB826,1,IGTB256,music_weighted,60,ratio10,0.7641263154701525,0.909696464099041,0.3547128752948039,0.5316515803002941,0.3792727543477772,1.1770616451789695,1.2129042308162044,0.9291548068828714,2891,results/music_external_review/20260917T133518483857Z/reference_arrangement_penalties.csv,67d11393f1ae62361838d60f4aeba6a374e9854a6ea36d10606df46bd45989a9,results/music_external_review/20260917T133518483857Z/review.json,f8bbd3cd9256b33aeb731d98a280a49da00f052fd0d181dcf29d6cb4bc00143d,percentage points,MAE(ratio10) - MAE(balanced),60,3,12.923636363636364,a
original_grouping,IGTB826,1,IGTB514,music_weighted,60,ratio10,0.6950970071776705,0.7714976592111374,0.3735070329007195,0.680617998815659,-0.120152189455415,1.1353919210500016,1.1205822325315968,0.9806350472234676,2909,results/music_external_review/20260917T133518483857Z/reference_arrangement_penalties.csv,67d11393f1ae62361838d60f4aeba6a374e9854a6ea36d10606df46bd45989a9,results/music_external_review/20260917T133518483857Z/review.json,f8bbd3cd9256b33aeb731d98a280a49da00f052fd0d181dcf29d6cb4bc00143d,percentage points,MAE(ratio10) - MAE(balanced),60,3,12.974545454545455,a
original_grouping,IGTB826,2,IGTB1650,music_weighted,60,ratio10,0.3586394195612024,0.1879755110246396,0.005705005730017,0.9013817737804828,-0.8644963594187719,0.381605241744076,0.9387065164733251,0.7889343390580783,2927,results/music_external_review/20260917T133518483857Z/reference_arrangement_penalties.csv,67d11393f1ae62361838d60f4aeba6a374e9854a6ea36d10606df46bd45989a9,results/music_external_review/20260917T133518483857Z/review.json,f8bbd3cd9256b33aeb731d98a280a49da00f052fd0d181dcf29d6cb4bc00143d,percentage points,MAE(ratio10) - MAE(balanced),60,3,13.025454545454545,a
original_grouping,IGTB826,2,IGTB195,music_weighted,60,ratio10,0.5865867148093467,0.4494269077835122,0.1315349025574483,0.6541062614286896,-0.3063657778979941,0.4624377304486374,1.2510726334485012,1.32673453887079,2945,results/music_external_review/20260917T133518483857Z/reference_arrangement_penalties.csv,67d11393f1ae62361838d60f4aeba6a374e9854a6ea36d10606df46bd45989a9,results/music_external_review/20260917T133518483857Z/review.json,f8bbd3cd9256b33aeb731d98a280a49da00f052fd0d181dcf29d6cb4bc00143d,percentage points,MAE(ratio10) - MAE(balanced),60,3,13.076363636363636,a
original_grouping,IGTB826,2,IGTB508,music_weighted,60,ratio10,0.1715957302984021,0.0435019450685465,-0.3519710776610387,0.7571810933177432,-0.9312081103009116,0.4408460329050472,0.6935204266102354,0.4212060169193232,2963,results/music_external_review/20260917T133518483857Z/reference_arrangement_penalties.csv,67d11393f1ae62361838d60f4aeba6a374e9854a6ea36d10606df46bd45989a9,results/music_external_review/20260917T133518483857Z/review.json,f8bbd3cd9256b33aeb731d98a280a49da00f052fd0d181dcf29d6cb4bc00143d,percentage points,MAE(ratio10) - MAE(balanced),60,3,13.127272727272727,a
original_grouping,IGTB826,3,HC-014,music_weighted,60,ratio10,0.0454726958635435,-0.2470577480007416,1.1115217101445745,0.7832957116619872,-1.7892693910256967,-2.145494978853796,0.4337475883787485,1.8790355348754315,2981,results/music_external_review/20260917T133518483857Z/reference_arrangement_penalties.csv,67d11393f1ae62361838d60f4aeba6a374e9854a6ea36d10606df46bd45989a9,results/music_external_review/20260917T133518483857Z/review.json,f8bbd3cd9256b33aeb731d98a280a49da00f052fd0d181dcf29d6cb4bc00143d,percentage points,MAE(ratio10) - MAE(balanced),60,3,13.178181818181818,a
original_grouping,IGTB826,3,HC-572,music_weighted,60,ratio10,0.2452226297562134,-0.1069814535298393,0.519963976038723,1.4048515534088404,-1.5804581280848902,-1.6197238509048286,0.6519268411045136,2.094775386974917,2999,results/music_external_review/20260917T133518483857Z/reference_arrangement_penalties.csv,67d11393f1ae62361838d60f4aeba6a374e9854a6ea36d10606df46bd45989a9,results/music_external_review/20260917T133518483857Z/review.json,f8bbd3cd9256b33aeb731d98a280a49da00f052fd0d181dcf29d6cb4bc00143d,percentage points,MAE(ratio10) - MAE(balanced),60,3,13.229090909090909,a
original_grouping,IGTB826,3,IGTB1913,music_weighted,60,ratio10,0.1801967313888013,-0.1475051127955526,0.813428752130331,1.0513958571675213,-1.844895397717536,-1.6555072020155026,0.3164491924076975,2.400309186360277,3017,results/music_external_review/20260917T133518483857Z/reference_arrangement_penalties.csv,67d11393f1ae62361838d60f4aeba6a374e9854a6ea36d10606df46bd45989a9,results/music_external_review/20260917T133518483857Z/review.json,f8bbd3cd9256b33aeb731d98a280a49da00f052fd0d181dcf29d6cb4bc00143d,percentage points,MAE(ratio10) - MAE(balanced),60,3,13.28,a
original_grouping,HC-014,0,IGTB1921,music_weighted,120,ratio10,-0.4796679353071755,-0.3986960840346915,-0.1362126393976144,-0.95020032265839,0.456979006564967,0.7218416710852125,-0.7796368258683414,-2.19077850156888,14,results/music_external_review/20260917T133518483857Z/reference_arrangement_penalties.csv,67d11393f1ae62361838d60f4aeba6a374e9854a6ea36d10606df46bd45989a9,results/music_external_review/20260917T133518483857Z/review.json,f8bbd3cd9256b33aeb731d98a280a49da00f052fd0d181dcf29d6cb4bc00143d,percentage points,MAE(ratio10) - MAE(balanced),60,3,-0.28,b
original_grouping,HC-014,0,IGTB1966,music_weighted,120,ratio10,-0.1887189929764986,-0.1023150758601016,0.0353538264446091,-0.6782881450221818,0.0812457950709326,0.7252838076909288,0.5668788525709494,-1.8627880946142332,32,results/music_external_review/20260917T133518483857Z/reference_arrangement_penalties.csv,67d11393f1ae62361838d60f4aeba6a374e9854a6ea36d10606df46bd45989a9,results/music_external_review/20260917T133518483857Z/review.json,f8bbd3cd9256b33aeb731d98a280a49da00f052fd0d181dcf29d6cb4bc00143d,percentage points,MAE(ratio10) - MAE(balanced),60,3,-0.22909090909090912,b
original_grouping,HC-014,0,IGTB826,music_weighted,120,ratio10,-0.4100851112294068,-0.3602064178455628,-0.2695548950650587,-0.8235455238691131,-0.3899062943338218,0.5948217117670761,-0.020523902668379,-1.5518017632071557,50,results/music_external_review/20260917T133518483857Z/reference_arrangement_penalties.csv,67d11393f1ae62361838d60f4aeba6a374e9854a6ea36d10606df46bd45989a9,results/music_external_review/20260917T133518483857Z/review.json,f8bbd3cd9256b33aeb731d98a280a49da00f052fd0d181dcf29d6cb4bc00143d,percentage points,MAE(ratio10) - MAE(balanced),60,3,-0.17818181818181822,b
original_grouping,HC-014,1,HC-502,music_weighted,120,ratio10,-0.0234496677399966,0.3279033637714976,0.3167828715884391,-0.8014174117691725,1.2590573069992592,1.3464076640828178,-1.3040214356382085,-0.9575070017031068,68,results/music_external_review/20260917T133518483857Z/reference_arrangement_penalties.csv,67d11393f1ae62361838d60f4aeba6a374e9854a6ea36d10606df46bd45989a9,results/music_external_review/20260917T133518483857Z/review.json,f8bbd3cd9256b33aeb731d98a280a49da00f052fd0d181dcf29d6cb4bc00143d,percentage points,MAE(ratio10) - MAE(balanced),60,3,-0.1272727272727273,b
original_grouping,HC-014,1,IGTB256,music_weighted,120,ratio10,-0.5709682803624099,-0.324126303026781,-0.5142535872615706,-1.137908352742794,0.2992252262366759,1.545799089459435,-1.458359019213226,-2.160313038652971,86,results/music_external_review/20260917T133518483857Z/reference_arrangement_penalties.csv,67d11393f1ae62361838d60f4aeba6a374e9854a6ea36d10606df46bd45989a9,results/music_external_review/20260917T133518483857Z/review.json,f8bbd3cd9256b33aeb731d98a280a49da00f052fd0d181dcf29d6cb4bc00143d,percentage points,MAE(ratio10) - MAE(balanced),60,3,-0.07636363636363638,b
original_grouping,HC-014,1,IGTB498,music_weighted,120,ratio10,-0.295632264734653,-0.0656419113546588,-0.4455881536497327,-0.6545336345994492,0.256633374862958,1.8580561513754288,-0.3669909301648834,-2.421370396232242,104,results/music_external_review/20260917T133518483857Z/reference_arrangement_penalties.csv,67d11393f1ae62361838d60f4aeba6a374e9854a6ea36d10606df46bd45989a9,results/music_external_review/20260917T133518483857Z/review.json,f8bbd3cd9256b33aeb731d98a280a49da00f052fd0d181dcf29d6cb4bc00143d,percentage points,MAE(ratio10) - MAE(balanced),60,3,-0.025454545454545452,b
original_grouping,HC-014,2,IGTB1506,music_weighted,120,ratio10,-0.5287761491425453,-0.4588916550914415,-1.1723094152267146,-0.5780337417633066,-0.5619964900638094,-0.0915077968553131,-0.5268262614575634,-0.2419831894885627,122,results/music_external_review/20260917T133518483857Z/reference_arrangement_penalties.csv,67d11393f1ae62361838d60f4aeba6a374e9854a6ea36d10606df46bd45989a9,results/music_external_review/20260917T133518483857Z/review.json,f8bbd3cd9256b33aeb731d98a280a49da00f052fd0d181dcf29d6cb4bc00143d,percentage points,MAE(ratio10) - MAE(balanced),60,3,0.025454545454545452,b
original_grouping,HC-014,2,IGTB508,music_weighted,120,ratio10,-1.0399510950129256,-1.0564941927535754,-0.5166622516866776,-0.6927051584886792,-1.4062485867966816,0.0670783296767991,-1.608869370795168,-2.082299531987138,140,results/music_external_review/20260917T133518483857Z/reference_arrangement_penalties.csv,67d11393f1ae62361838d60f4aeba6a374e9854a6ea36d10606df46bd45989a9,results/music_external_review/20260917T133518483857Z/review.json,f8bbd3cd9256b33aeb731d98a280a49da00f052fd0d181dcf29d6cb4bc00143d,percentage points,MAE(ratio10) - MAE(balanced),60,3,0.07636363636363636,b
original_grouping,HC-014,2,IGTB514,music_weighted,120,ratio10,-0.5900405954195949,-0.5255277271653364,-0.5144985006102516,-0.8040670696851775,-1.9625982308621568,-0.1793830514586362,-0.7640503154405703,0.6843535955392195,158,results/music_external_review/20260917T133518483857Z/reference_arrangement_penalties.csv,67d11393f1ae62361838d60f4aeba6a374e9854a6ea36d10606df46bd45989a9,results/music_external_review/20260917T133518483857Z/review.json,f8bbd3cd9256b33aeb731d98a280a49da00f052fd0d181dcf29d6cb4bc00143d,percentage points,MAE(ratio10) - MAE(balanced),60,3,0.12727272727272726,b
original_grouping,HC-014,3,IGTB1650,music_weighted,120,ratio10,0.0118400677374743,-0.0244909838143971,0.0289505423672714,0.0408513955565888,0.4022304859122523,1.570798218049437,0.4838635625080863,-2.455653797968793,176,results/music_external_review/20260917T133518483857Z/reference_arrangement_penalties.csv,67d11393f1ae62361838d60f4aeba6a374e9854a6ea36d10606df46bd45989a9,results/music_external_review/20260917T133518483857Z/review.json,f8bbd3cd9256b33aeb731d98a280a49da00f052fd0d181dcf29d6cb4bc00143d,percentage points,MAE(ratio10) - MAE(balanced),60,3,0.17818181818181816,b
original_grouping,HC-014,3,IGTB1913,music_weighted,120,ratio10,-0.1640913244680282,-0.2226601087569637,0.1880452694629216,0.1976189264878898,-0.1415851096323044,0.4684595400593779,0.5477796883010606,-2.244866261487101,194,results/music_external_review/20260917T133518483857Z/reference_arrangement_penalties.csv,67d11393f1ae62361838d60f4aeba6a374e9854a6ea36d10606df46bd45989a9,results/music_external_review/20260917T133518483857Z/review.json,f8bbd3cd9256b33aeb731d98a280a49da00f052fd0d181dcf29d6cb4bc00143d,percentage points,MAE(ratio10) - MAE(balanced),60,3,0.22909090909090912,b
original_grouping,HC-014,3,IGTB195,music_weighted,120,ratio10,0.131099212350522,0.1126895313489268,0.1211616291891806,0.0352542010833939,0.6708479094069464,0.9521274649871356,0.2326001872517903,-1.2253961178153068,212,results/music_external_review/20260917T133518483857Z/reference_arrangement_penalties.csv,67d11393f1ae62361838d60f4aeba6a374e9854a6ea36d10606df46bd45989a9,results/music_external_review/20260917T133518483857Z/review.json,f8bbd3cd9256b33aeb731d98a280a49da00f052fd0d181dcf29d6cb4bc00143d,percentage points,MAE(ratio10) - MAE(balanced),60,3,0.28,b
original_grouping,HC-502,0,IGTB1506,music_weighted,120,ratio10,0.439963963463656,0.4105677372280369,0.5687608137785434,0.4914420220369772,-0.3331987354999158,0.6725779647912657,0.6124783093291022,0.6277234063459496,230,results/music_external_review/20260917T133518483857Z/reference_arrangement_penalties.csv,67d11393f1ae62361838d60f4aeba6a374e9854a6ea36d10606df46bd45989a9,results/music_external_review/20260917T133518483857Z/review.json,f8bbd3cd9256b33aeb731d98a280a49da00f052fd0d181dcf29d6cb4bc00143d,percentage points,MAE(ratio10) - MAE(balanced),60,3,0.72,b
original_grouping,HC-502,0,IGTB256,music_weighted,120,ratio10,0.5774208037142671,0.527574290891461,0.9608788633347708,0.481250037872336,0.031001444398281,0.8743243667018743,0.8146085301265577,0.3024615798517706,248,results/music_external_review/20260917T133518483857Z/reference_arrangement_penalties.csv,67d11393f1ae62361838d60f4aeba6a374e9854a6ea36d10606df46bd45989a9,results/music_external_review/20260917T133518483857Z/review.json,f8bbd3cd9256b33aeb731d98a280a49da00f052fd0d181dcf29d6cb4bc00143d,percentage points,MAE(ratio10) - MAE(balanced),60,3,0.7709090909090909,b
original_grouping,HC-502,0,IGTB514,music_weighted,120,ratio10,0.5657151589031072,0.6057504801413847,0.6158390245730797,0.6138778895581006,-0.2115616621101284,0.8823435529534907,0.5547667408911158,0.9390254075529793,266,results/music_external_review/20260917T133518483857Z/reference_arrangement_penalties.csv,67d11393f1ae62361838d60f4aeba6a374e9854a6ea36d10606df46bd45989a9,results/music_external_review/20260917T133518483857Z/review.json,f8bbd3cd9256b33aeb731d98a280a49da00f052fd0d181dcf29d6cb4bc00143d,percentage points,MAE(ratio10) - MAE(balanced),60,3,0.8218181818181818,b
original_grouping,HC-502,1,IGTB1650,music_weighted,120,ratio10,0.5180967780947783,0.6693704347305672,0.6342271484756932,0.2910621971979333,0.9738871622922614,1.2069759501449246,-0.0079577903526049,0.0103860008104633,284,results/music_external_review/20260917T133518483857Z/reference_arrangement_penalties.csv,67d11393f1ae62361838d60f4aeba6a374e9854a6ea36d10606df46bd45989a9,results/music_external_review/20260917T133518483857Z/review.json,f8bbd3cd9256b33aeb731d98a280a49da00f052fd0d181dcf29d6cb4bc00143d,percentage points,MAE(ratio10) - MAE(balanced),60,3,0.8727272727272727,b
original_grouping,HC-502,1,IGTB195,music_weighted,120,ratio10,0.5862506314500223,0.8268637476421958,0.7153103811502673,-0.0751906097137949,0.7498827336036761,1.2838074726982909,0.0259902884606919,0.8177035225009907,302,results/music_external_review/20260917T133518483857Z/reference_arrangement_penalties.csv,67d11393f1ae62361838d60f4aeba6a374e9854a6ea36d10606df46bd45989a9,results/music_external_review/20260917T133518483857Z/review.json,f8bbd3cd9256b33aeb731d98a280a49da00f052fd0d181dcf29d6cb4bc00143d,percentage points,MAE(ratio10) - MAE(balanced),60,3,0.9236363636363636,b
original_grouping,HC-502,1,IGTB508,music_weighted,120,ratio10,0.4687725606841019,0.6162933222730179,0.847497054632983,0.0808148262262567,0.697278047699848,1.0864233867829178,0.1393828744591926,-0.038760825696587,320,results/music_external_review/20260917T133518483857Z/reference_arrangement_penalties.csv,67d11393f1ae62361838d60f4aeba6a374e9854a6ea36d10606df46bd45989a9,results/music_external_review/20260917T133518483857Z/review.json,f8bbd3cd9256b33aeb731d98a280a49da00f052fd0d181dcf29d6cb4bc00143d,percentage points,MAE(ratio10) - MAE(balanced),60,3,0.9745454545454546,b
original_grouping,HC-502,2,HC-014,music_weighted,120,ratio10,0.3431103580610232,0.5079046993676366,-0.2357727651884453,0.4271681410154952,0.4112933733854778,1.1191586741028718,-0.1023763307365286,0.4391910557872556,338,results/music_external_review/20260917T133518483857Z/reference_arrangement_penalties.csv,67d11393f1ae62361838d60f4aeba6a374e9854a6ea36d10606df46bd45989a9,results/music_external_review/20260917T133518483857Z/review.json,f8bbd3cd9256b33aeb731d98a280a49da00f052fd0d181dcf29d6cb4bc00143d,percentage points,MAE(ratio10) - MAE(balanced),60,3,1.0254545454545454,b
original_grouping,HC-502,2,HC-572,music_weighted,120,ratio10,1.0467084028393772,1.405739916658352,0.2604295719025249,1.0941693888647483,0.9155311000773166,2.6518588381136707,0.6010443927482777,0.7572171253297153,356,results/music_external_review/20260917T133518483857Z/reference_arrangement_penalties.csv,67d11393f1ae62361838d60f4aeba6a374e9854a6ea36d10606df46bd45989a9,results/music_external_review/20260917T133518483857Z/review.json,f8bbd3cd9256b33aeb731d98a280a49da00f052fd0d181dcf29d6cb4bc00143d,percentage points,MAE(ratio10) - MAE(balanced),60,3,1.0763636363636364,b
original_grouping,HC-502,2,IGTB1913,music_weighted,120,ratio10,0.9248174151452504,1.3473079808623458,0.2942839754371528,0.7542249871621158,0.7714353075779061,2.591467266315267,0.33855405456394,0.7989388998150945,374,results/music_external_review/20260917T133518483857Z/reference_arrangement_penalties.csv,67d11393f1ae62361838d60f4aeba6a374e9854a6ea36d10606df46bd45989a9,results/music_external_review/20260917T133518483857Z/review.json,f8bbd3cd9256b33aeb731d98a280a49da00f052fd0d181dcf29d6cb4bc00143d,percentage points,MAE(ratio10) - MAE(balanced),60,3,1.1272727272727272,b
original_grouping,HC-502,3,IGTB1921,music_weighted,120,ratio10,0.0405546545224096,0.2009147403846375,-0.0911209386621022,0.5052557622416738,-0.2454648691673708,0.9902275576339966,-0.6630503384363252,-0.2525192464754052,392,results/music_external_review/20260917T133518483857Z/reference_arrangement_penalties.csv,67d11393f1ae62361838d60f4aeba6a374e9854a6ea36d10606df46bd45989a9,results/music_external_review/20260917T133518483857Z/review.json,f8bbd3cd9256b33aeb731d98a280a49da00f052fd0d181dcf29d6cb4bc00143d,percentage points,MAE(ratio10) - MAE(balanced),60,3,1.1781818181818182,b
original_grouping,HC-502,3,IGTB1966,music_weighted,120,ratio10,0.1900669367495716,0.2555926353977494,0.7555723391698648,0.3145277491338289,-1.1077523335635433,0.4380379425940019,0.3439328626261087,0.3960830605371838,410,results/music_external_review/20260917T133518483857Z/reference_arrangement_penalties.csv,67d11393f1ae62361838d60f4aeba6a374e9854a6ea36d10606df46bd45989a9,results/music_external_review/20260917T133518483857Z/review.json,f8bbd3cd9256b33aeb731d98a280a49da00f052fd0d181dcf29d6cb4bc00143d,percentage points,MAE(ratio10) - MAE(balanced),60,3,1.229090909090909,b
original_grouping,HC-502,3,IGTB826,music_weighted,120,ratio10,0.1036749599999425,0.1347017657182142,0.3780291249990592,0.5382446541774631,-1.0416444663405435,0.8572935835443123,0.1337769421261931,-0.2436500785068236,428,results/music_external_review/20260917T133518483857Z/reference_arrangement_penalties.csv,67d11393f1ae62361838d60f4aeba6a374e9854a6ea36d10606df46bd45989a9,results/music_external_review/20260917T133518483857Z/review.json,f8bbd3cd9256b33aeb731d98a280a49da00f052fd0d181dcf29d6cb4bc00143d,percentage points,MAE(ratio10) - MAE(balanced),60,3,1.28,b
original_grouping,HC-572,0,HC-014,music_weighted,120,ratio10,0.2771353072098386,0.3859231533003392,0.4897842628212879,-0.1155546866954727,0.163224609948834,0.2350246918181463,0.3833869247884723,0.5069460405777643,446,results/music_external_review/20260917T133518483857Z/reference_arrangement_penalties.csv,67d11393f1ae62361838d60f4aeba6a374e9854a6ea36d10606df46bd45989a9,results/music_external_review/20260917T133518483857Z/review.json,f8bbd3cd9256b33aeb731d98a280a49da00f052fd0d181dcf29d6cb4bc00143d,percentage points,MAE(ratio10) - MAE(balanced),60,3,1.72,b
original_grouping,HC-572,0,IGTB1921,music_weighted,120,ratio10,-0.359421537429184,-0.4942254303230656,-1.48051975200454,0.0589583324004089,-0.3994112381546698,-0.7445458429163193,-0.1987075461859473,0.607696822285967,464,results/music_external_review/20260917T133518483857Z/reference_arrangement_penalties.csv,67d11393f1ae62361838d60f4aeba6a374e9854a6ea36d10606df46bd45989a9,results/music_external_review/20260917T133518483857Z/review.json,f8bbd3cd9256b33aeb731d98a280a49da00f052fd0d181dcf29d6cb4bc00143d,percentage points,MAE(ratio10) - MAE(balanced),60,3,1.770909090909091,b
original_grouping,HC-572,0,IGTB826,music_weighted,120,ratio10,-0.1956926017254257,-0.2722356314207805,-0.7920814947336858,0.1087796227284701,-0.6155759711593479,-1.299193964255174,0.9075831775526316,0.5163330195145526,482,results/music_external_review/20260917T133518483857Z/reference_arrangement_penalties.csv,67d11393f1ae62361838d60f4aeba6a374e9854a6ea36d10606df46bd45989a9,results/music_external_review/20260917T133518483857Z/review.json,f8bbd3cd9256b33aeb731d98a280a49da00f052fd0d181dcf29d6cb4bc00143d,percentage points,MAE(ratio10) - MAE(balanced),60,3,1.8218181818181818,b
original_grouping,HC-572,1,HC-502,music_weighted,120,ratio10,0.3385688792606899,0.5153998727227559,-0.6766472279588722,-0.8996335947751495,2.1614411117941126,2.74191963267831,-1.3493845875659525,0.0537179413916896,500,results/music_external_review/20260917T133518483857Z/reference_arrangement_penalties.csv,67d11393f1ae62361838d60f4aeba6a374e9854a6ea36d10606df46bd45989a9,results/music_external_review/20260917T133518483857Z/review.json,f8bbd3cd9256b33aeb731d98a280a49da00f052fd0d181dcf29d6cb4bc00143d,percentage points,MAE(ratio10) - MAE(balanced),60,3,1.8727272727272728,b
original_grouping,HC-572,1,IGTB1966,music_weighted,120,ratio10,0.0065137503788923,0.1083306169358742,-0.7120724435248242,-0.7274826091414183,1.0525358300714889,1.412219684291798,-0.8630837686319822,-0.1230341907917115,518,results/music_external_review/20260917T133518483857Z/reference_arrangement_penalties.csv,67d11393f1ae62361838d60f4aeba6a374e9854a6ea36d10606df46bd45989a9,results/music_external_review/20260917T133518483857Z/review.json,f8bbd3cd9256b33aeb731d98a280a49da00f052fd0d181dcf29d6cb4bc00143d,percentage points,MAE(ratio10) - MAE(balanced),60,3,1.9236363636363636,b
original_grouping,HC-572,1,IGTB498,music_weighted,120,ratio10,0.2074934065089249,0.3050395336608378,-1.1170533346074667,-1.031579070576829,1.5773237890852938,2.624591260756484,-1.1966209932799574,0.3882987876760387,536,results/music_external_review/20260917T133518483857Z/reference_arrangement_penalties.csv,67d11393f1ae62361838d60f4aeba6a374e9854a6ea36d10606df46bd45989a9,results/music_external_review/20260917T133518483857Z/review.json,f8bbd3cd9256b33aeb731d98a280a49da00f052fd0d181dcf29d6cb4bc00143d,percentage points,MAE(ratio10) - MAE(balanced),60,3,1.9745454545454546,b
original_grouping,HC-572,2,IGTB1506,music_weighted,120,ratio10,-0.198804792681385,-0.1526649246488189,-0.7280826122084941,-0.558486459132538,0.2389923306217916,0.0761079189990872,-0.7919058743572414,0.5705459399890771,554,results/music_external_review/20260917T133518483857Z/reference_arrangement_penalties.csv,67d11393f1ae62361838d60f4aeba6a374e9854a6ea36d10606df46bd45989a9,results/music_external_review/20260917T133518483857Z/review.json,f8bbd3cd9256b33aeb731d98a280a49da00f052fd0d181dcf29d6cb4bc00143d,percentage points,MAE(ratio10) - MAE(balanced),60,3,2.0254545454545454,b
original_grouping,HC-572,2,IGTB256,music_weighted,120,ratio10,-0.3264974979503905,-0.3307353793088662,-0.9918963111971244,-0.4839676437863704,0.6032103545872628,0.6896786078234947,-2.0048045800602443,0.228794584930633,572,results/music_external_review/20260917T133518483857Z/reference_arrangement_penalties.csv,67d11393f1ae62361838d60f4aeba6a374e9854a6ea36d10606df46bd45989a9,results/music_external_review/20260917T133518483857Z/review.json,f8bbd3cd9256b33aeb731d98a280a49da00f052fd0d181dcf29d6cb4bc00143d,percentage points,MAE(ratio10) - MAE(balanced),60,3,2.076363636363636,b
original_grouping,HC-572,2,IGTB514,music_weighted,120,ratio10,-0.1702845136507455,-0.1347439714471256,-1.116317604827024,-0.4346350784447282,0.4627854430624507,0.6244548472566249,-1.3074815641658903,0.7494868752140882,590,results/music_external_review/20260917T133518483857Z/reference_arrangement_penalties.csv,67d11393f1ae62361838d60f4aeba6a374e9854a6ea36d10606df46bd45989a9,results/music_external_review/20260917T133518483857Z/review.json,f8bbd3cd9256b33aeb731d98a280a49da00f052fd0d181dcf29d6cb4bc00143d,percentage points,MAE(ratio10) - MAE(balanced),60,3,2.1272727272727274,b
original_grouping,HC-572,3,IGTB1650,music_weighted,120,ratio10,-0.0377200716630033,0.0681648081602405,-1.216878566020331,-0.9012876670917346,0.3933360360753887,1.4732205259045157,-0.7337113158392269,0.7590005569933758,608,results/music_external_review/20260917T133518483857Z/reference_arrangement_penalties.csv,67d11393f1ae62361838d60f4aeba6a374e9854a6ea36d10606df46bd45989a9,results/music_external_review/20260917T133518483857Z/review.json,f8bbd3cd9256b33aeb731d98a280a49da00f052fd0d181dcf29d6cb4bc00143d,percentage points,MAE(ratio10) - MAE(balanced),60,3,2.178181818181818,b
original_grouping,HC-572,3,IGTB195,music_weighted,120,ratio10,0.2679976817581201,0.3242475379454829,-1.5448203637650757,-0.4758592527103479,0.5170728334473419,1.966313056479808,-0.5077400324281321,1.6530198495251331,626,results/music_external_review/20260917T133518483857Z/reference_arrangement_penalties.csv,67d11393f1ae62361838d60f4aeba6a374e9854a6ea36d10606df46bd45989a9,results/music_external_review/20260917T133518483857Z/review.json,f8bbd3cd9256b33aeb731d98a280a49da00f052fd0d181dcf29d6cb4bc00143d,percentage points,MAE(ratio10) - MAE(balanced),60,3,2.229090909090909,b
original_grouping,HC-572,3,IGTB508,music_weighted,120,ratio10,0.0870426230392576,0.1811682527405294,-0.3628063952749139,-0.5030899162235986,0.3985543531278067,1.6308487775593508,-1.10843300533504,0.4671819243819515,644,results/music_external_review/20260917T133518483857Z/reference_arrangement_penalties.csv,67d11393f1ae62361838d60f4aeba6a374e9854a6ea36d10606df46bd45989a9,results/music_external_review/20260917T133518483857Z/review.json,f8bbd3cd9256b33aeb731d98a280a49da00f052fd0d181dcf29d6cb4bc00143d,percentage points,MAE(ratio10) - MAE(balanced),60,3,2.2800000000000002,b
original_grouping,IGTB1506,0,IGTB1650,music_weighted,120,ratio10,-0.1237922242419288,-0.3383092365986838,0.7767423683003405,0.3210735586261229,-1.151488978598508,-0.8289706015542353,0.2432252877904858,-0.1033349800157835,662,results/music_external_review/20260917T133518483857Z/reference_arrangement_penalties.csv,67d11393f1ae62361838d60f4aeba6a374e9854a6ea36d10606df46bd45989a9,results/music_external_review/20260917T133518483857Z/review.json,f8bbd3cd9256b33aeb731d98a280a49da00f052fd0d181dcf29d6cb4bc00143d,percentage points,MAE(ratio10) - MAE(balanced),60,3,2.7199999999999998,b
original_grouping,IGTB1506,0,IGTB195,music_weighted,120,ratio10,-0.0739881327454253,-0.3516029729209606,0.8522411667520885,0.200558233834723,-1.4363745683640647,-0.9265031058460504,0.2183918635154754,0.6477576136352675,680,results/music_external_review/20260917T133518483857Z/reference_arrangement_penalties.csv,67d11393f1ae62361838d60f4aeba6a374e9854a6ea36d10606df46bd45989a9,results/music_external_review/20260917T133518483857Z/review.json,f8bbd3cd9256b33aeb731d98a280a49da00f052fd0d181dcf29d6cb4bc00143d,percentage points,MAE(ratio10) - MAE(balanced),60,3,2.770909090909091,b
original_grouping,IGTB1506,0,IGTB508,music_weighted,120,ratio10,0.1936333278864575,0.0646748331841335,1.0267997991746791,0.3733067087650322,-0.4830125629870027,-0.2691023029973486,0.379820622204883,0.133987703158499,698,results/music_external_review/20260917T133518483857Z/reference_arrangement_penalties.csv,67d11393f1ae62361838d60f4aeba6a374e9854a6ea36d10606df46bd45989a9,results/music_external_review/20260917T133518483857Z/review.json,f8bbd3cd9256b33aeb731d98a280a49da00f052fd0d181dcf29d6cb4bc00143d,percentage points,MAE(ratio10) - MAE(balanced),60,3,2.821818181818182,b
original_grouping,IGTB1506,1,HC-014,music_weighted,120,ratio10,-0.3450974669263474,-0.7606917986732669,0.3578389704873504,0.8580218903378684,-2.058023942577975,-2.082011473065024,0.3401471958541006,0.5134425574055886,716,results/music_external_review/20260917T133518483857Z/reference_arrangement_penalties.csv,67d11393f1ae62361838d60f4aeba6a374e9854a6ea36d10606df46bd45989a9,results/music_external_review/20260917T133518483857Z/review.json,f8bbd3cd9256b33aeb731d98a280a49da00f052fd0d181dcf29d6cb4bc00143d,percentage points,MAE(ratio10) - MAE(balanced),60,3,2.8727272727272726,b
original_grouping,IGTB1506,1,HC-572,music_weighted,120,ratio10,-0.279277219160328,-0.7781283367710629,0.1529785183594099,1.1973999737197016,-1.9971791134661512,-2.97086579429949,0.7951377498934854,1.146865350831067,734,results/music_external_review/20260917T133518483857Z/reference_arrangement_penalties.csv,67d11393f1ae62361838d60f4aeba6a374e9854a6ea36d10606df46bd45989a9,results/music_external_review/20260917T133518483857Z/review.json,f8bbd3cd9256b33aeb731d98a280a49da00f052fd0d181dcf29d6cb4bc00143d,percentage points,MAE(ratio10) - MAE(balanced),60,3,2.923636363636364,b
original_grouping,IGTB1506,1,IGTB1913,music_weighted,120,ratio10,-0.3858943960842471,-0.7832525948190734,0.1452006479132146,0.830179143289363,-1.9178962716491967,-2.745071316196188,0.3345640266320231,1.037657393505293,752,results/music_external_review/20260917T133518483857Z/reference_arrangement_penalties.csv,67d11393f1ae62361838d60f4aeba6a374e9854a6ea36d10606df46bd45989a9,results/music_external_review/20260917T133518483857Z/review.json,f8bbd3cd9256b33aeb731d98a280a49da00f052fd0d181dcf29d6cb4bc00143d,percentage points,MAE(ratio10) - MAE(balanced),60,3,2.9745454545454546,b
original_grouping,IGTB1506,2,IGTB1921,music_weighted,120,ratio10,0.1017518257072909,0.3631183915742063,0.127856202982273,-0.1737702990702327,0.6915195229276663,1.0045547330387008,-0.4183848278459176,-0.6212643777887455,770,results/music_external_review/20260917T133518483857Z/reference_arrangement_penalties.csv,67d11393f1ae62361838d60f4aeba6a374e9854a6ea36d10606df46bd45989a9,results/music_external_review/20260917T133518483857Z/review.json,f8bbd3cd9256b33aeb731d98a280a49da00f052fd0d181dcf29d6cb4bc00143d,percentage points,MAE(ratio10) - MAE(balanced),60,3,3.0254545454545454,b
original_grouping,IGTB1506,2,IGTB1966,music_weighted,120,ratio10,0.6783278149097154,0.98145544804645,1.0365397486863528,0.0095595738228258,0.8458090336153137,1.2276485306836682,0.5129042452033464,0.4375057574467798,788,results/music_external_review/20260917T133518483857Z/reference_arrangement_penalties.csv,67d11393f1ae62361838d60f4aeba6a374e9854a6ea36d10606df46bd45989a9,results/music_external_review/20260917T133518483857Z/review.json,f8bbd3cd9256b33aeb731d98a280a49da00f052fd0d181dcf29d6cb4bc00143d,percentage points,MAE(ratio10) - MAE(balanced),60,3,3.076363636363636,b
original_grouping,IGTB1506,2,IGTB826,music_weighted,120,ratio10,0.4521541061545623,0.6434174254120328,0.6619816041813096,0.0861558334762258,0.7495423211057057,1.0066312144576035,0.1685381466928885,0.0400755170136421,806,results/music_external_review/20260917T133518483857Z/reference_arrangement_penalties.csv,67d11393f1ae62361838d60f4aeba6a374e9854a6ea36d10606df46bd45989a9,results/music_external_review/20260917T133518483857Z/review.json,f8bbd3cd9256b33aeb731d98a280a49da00f052fd0d181dcf29d6cb4bc00143d,percentage points,MAE(ratio10) - MAE(balanced),60,3,3.1272727272727274,b
original_grouping,IGTB1506,3,HC-502,music_weighted,120,ratio10,0.1388121044790728,-0.1027970318543466,0.9565345431429468,0.3810065500638511,-1.7510815355499965,-0.5601083517124656,0.9765341727914276,0.829987248138665,824,results/music_external_review/20260917T133518483857Z/reference_arrangement_penalties.csv,67d11393f1ae62361838d60f4aeba6a374e9854a6ea36d10606df46bd45989a9,results/music_external_review/20260917T133518483857Z/review.json,f8bbd3cd9256b33aeb731d98a280a49da00f052fd0d181dcf29d6cb4bc00143d,percentage points,MAE(ratio10) - MAE(balanced),60,3,3.178181818181818,b
original_grouping,IGTB1506,3,IGTB256,music_weighted,120,ratio10,0.4255270286695182,0.3537793354438289,0.9194407813616126,0.1972305659824907,-0.4578875110174623,-0.0969671445599174,1.0552658246194029,0.93607965563097,842,results/music_external_review/20260917T133518483857Z/reference_arrangement_penalties.csv,67d11393f1ae62361838d60f4aeba6a374e9854a6ea36d10606df46bd45989a9,results/music_external_review/20260917T133518483857Z/review.json,f8bbd3cd9256b33aeb731d98a280a49da00f052fd0d181dcf29d6cb4bc00143d,percentage points,MAE(ratio10) - MAE(balanced),60,3,3.229090909090909,b
original_grouping,IGTB1506,3,IGTB498,music_weighted,120,ratio10,0.3508124150349031,0.2167901008960852,1.1046933298145631,0.4944478994473527,-0.8013857662793523,-0.2358361839603727,0.6556645675174596,0.8872906436697643,860,results/music_external_review/20260917T133518483857Z/reference_arrangement_penalties.csv,67d11393f1ae62361838d60f4aeba6a374e9854a6ea36d10606df46bd45989a9,results/music_external_review/20260917T133518483857Z/review.json,f8bbd3cd9256b33aeb731d98a280a49da00f052fd0d181dcf29d6cb4bc00143d,percentage points,MAE(ratio10) - MAE(balanced),60,3,3.2800000000000002,b
original_grouping,IGTB1650,0,HC-572,music_weighted,120,ratio10,0.4733146248372119,0.5794658255367012,-0.1365980659276613,0.5417147418193161,1.129315084962807,0.3248760097919369,0.6180334842016943,0.3625464941751752,878,results/music_external_review/20260917T133518483857Z/reference_arrangement_penalties.csv,67d11393f1ae62361838d60f4aeba6a374e9854a6ea36d10606df46bd45989a9,results/music_external_review/20260917T133518483857Z/review.json,f8bbd3cd9256b33aeb731d98a280a49da00f052fd0d181dcf29d6cb4bc00143d,percentage points,MAE(ratio10) - MAE(balanced),60,3,3.7199999999999998,b
original_grouping,IGTB1650,0,IGTB1913,music_weighted,120,ratio10,0.6377895471741754,0.7591496607517381,0.6395144133603643,0.4952555950944611,0.8498326415603266,0.4710015553713112,0.5688114503362861,0.8023216273223083,896,results/music_external_review/20260917T133518483857Z/reference_arrangement_penalties.csv,67d11393f1ae62361838d60f4aeba6a374e9854a6ea36d10606df46bd45989a9,results/music_external_review/20260917T133518483857Z/review.json,f8bbd3cd9256b33aeb731d98a280a49da00f052fd0d181dcf29d6cb4bc00143d,percentage points,MAE(ratio10) - MAE(balanced),60,3,3.770909090909091,b
original_grouping,IGTB1650,0,IGTB195,music_weighted,120,ratio10,0.2989045803442774,0.3536938797069081,-0.4631200536900784,0.9746158523363888,0.5692969363032,-0.00416847953856,0.4097679232457538,0.3070353034089663,914,results/music_external_review/20260917T133518483857Z/reference_arrangement_penalties.csv,67d11393f1ae62361838d60f4aeba6a374e9854a6ea36d10606df46bd45989a9,results/music_external_review/20260917T133518483857Z/review.json,f8bbd3cd9256b33aeb731d98a280a49da00f052fd0d181dcf29d6cb4bc00143d,percentage points,MAE(ratio10) - MAE(balanced),60,3,3.821818181818182,b
original_grouping,IGTB1650,1,HC-014,music_weighted,120,ratio10,0.6765318830401845,0.8953265795083811,0.0772241711164116,0.7195820533862445,1.279854728254729,1.1205724891062163,0.8215442597934666,0.0404135965840368,932,results/music_external_review/20260917T133518483857Z/reference_arrangement_penalties.csv,67d11393f1ae62361838d60f4aeba6a374e9854a6ea36d10606df46bd45989a9,results/music_external_review/20260917T133518483857Z/review.json,f8bbd3cd9256b33aeb731d98a280a49da00f052fd0d181dcf29d6cb4bc00143d,percentage points,MAE(ratio10) - MAE(balanced),60,3,3.8727272727272726,b
original_grouping,IGTB1650,1,IGTB1921,music_weighted,120,ratio10,0.6271668257362264,0.8433336068770815,-0.0320394808902584,0.8127031503984689,1.2417841740617608,1.1912934963046486,0.2789269541854122,0.2703326603573241,950,results/music_external_review/20260917T133518483857Z/reference_arrangement_penalties.csv,67d11393f1ae62361838d60f4aeba6a374e9854a6ea36d10606df46bd45989a9,results/music_external_review/20260917T133518483857Z/review.json,f8bbd3cd9256b33aeb731d98a280a49da00f052fd0d181dcf29d6cb4bc00143d,percentage points,MAE(ratio10) - MAE(balanced),60,3,3.923636363636364,b
original_grouping,IGTB1650,1,IGTB826,music_weighted,120,ratio10,0.5005926417602298,0.6660130508058999,-0.1234263954156143,0.7311367006107629,0.7547319284648883,0.8488774160701583,0.5130355286531532,0.2792006721780232,968,results/music_external_review/20260917T133518483857Z/reference_arrangement_penalties.csv,67d11393f1ae62361838d60f4aeba6a374e9854a6ea36d10606df46bd45989a9,results/music_external_review/20260917T133518483857Z/review.json,f8bbd3cd9256b33aeb731d98a280a49da00f052fd0d181dcf29d6cb4bc00143d,percentage points,MAE(ratio10) - MAE(balanced),60,3,3.9745454545454546,b
original_grouping,IGTB1650,2,HC-502,music_weighted,120,ratio10,0.1994163900108648,0.097750521486008,0.9672219711508296,1.3494937779586431,0.0239429642827742,-0.9228105624380588,-1.070378747504264,0.8490289366152767,986,results/music_external_review/20260917T133518483857Z/reference_arrangement_penalties.csv,67d11393f1ae62361838d60f4aeba6a374e9854a6ea36d10606df46bd45989a9,results/music_external_review/20260917T133518483857Z/review.json,f8bbd3cd9256b33aeb731d98a280a49da00f052fd0d181dcf29d6cb4bc00143d,percentage points,MAE(ratio10) - MAE(balanced),60,3,4.025454545454545,b
original_grouping,IGTB1650,2,IGTB1966,music_weighted,120,ratio10,0.3328948708673295,0.2426077729700093,1.0026962037286782,1.0731540029199775,0.1572959547754964,-0.7214636769688023,-0.8901400189301204,1.3758267596787677,1004,results/music_external_review/20260917T133518483857Z/reference_arrangement_penalties.csv,67d11393f1ae62361838d60f4aeba6a374e9854a6ea36d10606df46bd45989a9,results/music_external_review/20260917T133518483857Z/review.json,f8bbd3cd9256b33aeb731d98a280a49da00f052fd0d181dcf29d6cb4bc00143d,percentage points,MAE(ratio10) - MAE(balanced),60,3,4.076363636363636,b
original_grouping,IGTB1650,2,IGTB498,music_weighted,120,ratio10,0.3482159039499742,0.2950413344632992,0.8972164339563302,0.8318748837020883,0.2361953687744134,-0.4661709798026666,-0.5583571839179248,1.1485369009876154,1022,results/music_external_review/20260917T133518483857Z/reference_arrangement_penalties.csv,67d11393f1ae62361838d60f4aeba6a374e9854a6ea36d10606df46bd45989a9,results/music_external_review/20260917T133518483857Z/review.json,f8bbd3cd9256b33aeb731d98a280a49da00f052fd0d181dcf29d6cb4bc00143d,percentage points,MAE(ratio10) - MAE(balanced),60,3,4.127272727272727,b
original_grouping,IGTB1650,3,IGTB1506,music_weighted,120,ratio10,0.5972546383003215,0.8171231562219462,-0.3974346249339805,1.0085759719366594,1.0421565870660063,1.3769748973370588,-0.2167595388749394,0.7700145372711305,1040,results/music_external_review/20260917T133518483857Z/reference_arrangement_penalties.csv,67d11393f1ae62361838d60f4aeba6a374e9854a6ea36d10606df46bd45989a9,results/music_external_review/20260917T133518483857Z/review.json,f8bbd3cd9256b33aeb731d98a280a49da00f052fd0d181dcf29d6cb4bc00143d,percentage points,MAE(ratio10) - MAE(balanced),60,3,4.178181818181818,b
original_grouping,IGTB1650,3,IGTB256,music_weighted,120,ratio10,0.7426308163203633,1.0815066945379863,0.0572846254306369,0.8382870539488282,1.6300822552179193,1.6649374900235048,-0.4922986933104744,0.7574921666117708,1058,results/music_external_review/20260917T133518483857Z/reference_arrangement_penalties.csv,67d11393f1ae62361838d60f4aeba6a374e9854a6ea36d10606df46bd45989a9,results/music_external_review/20260917T133518483857Z/review.json,f8bbd3cd9256b33aeb731d98a280a49da00f052fd0d181dcf29d6cb4bc00143d,percentage points,MAE(ratio10) - MAE(balanced),60,3,4.2290909090909095,b
original_grouping,IGTB1650,3,IGTB514,music_weighted,120,ratio10,0.7719179939277194,1.0350433527488512,0.4991493780387724,1.205868862336863,1.6417213707983362,1.4728128103107578,-0.122951913343428,-0.0650925445749878,1076,results/music_external_review/20260917T133518483857Z/reference_arrangement_penalties.csv,67d11393f1ae62361838d60f4aeba6a374e9854a6ea36d10606df46bd45989a9,results/music_external_review/20260917T133518483857Z/review.json,f8bbd3cd9256b33aeb731d98a280a49da00f052fd0d181dcf29d6cb4bc00143d,percentage points,MAE(ratio10) - MAE(balanced),60,3,4.28,b
original_grouping,IGTB1913,0,HC-014,music_weighted,120,ratio10,0.3031902811382044,0.3388273760921323,0.3121199907376792,0.452605171501084,0.4905101790246765,0.7225552005402794,-0.9628718452563478,0.8042229902818699,1094,results/music_external_review/20260917T133518483857Z/reference_arrangement_penalties.csv,67d11393f1ae62361838d60f4aeba6a374e9854a6ea36d10606df46bd45989a9,results/music_external_review/20260917T133518483857Z/review.json,f8bbd3cd9256b33aeb731d98a280a49da00f052fd0d181dcf29d6cb4bc00143d,percentage points,MAE(ratio10) - MAE(balanced),60,3,4.72,b
original_grouping,IGTB1913,0,HC-572,music_weighted,120,ratio10,0.4996912518872645,0.5540377293931877,-1.2519854217404238,1.0512919595182308,1.479999800179116,0.7179645228422658,-0.2651424700859472,1.2660191206103468,1112,results/music_external_review/20260917T133518483857Z/reference_arrangement_penalties.csv,67d11393f1ae62361838d60f4aeba6a374e9854a6ea36d10606df46bd45989a9,results/music_external_review/20260917T133518483857Z/review.json,f8bbd3cd9256b33aeb731d98a280a49da00f052fd0d181dcf29d6cb4bc00143d,percentage points,MAE(ratio10) - MAE(balanced),60,3,4.7709090909090905,b
original_grouping,IGTB1913,0,IGTB1921,music_weighted,120,ratio10,0.8475954390925591,0.9507237850050464,0.243404415889116,0.9850228199072482,1.078373196720945,1.1703174631999924,0.3226206794744538,1.2858340593636195,1130,results/music_external_review/20260917T133518483857Z/reference_arrangement_penalties.csv,67d11393f1ae62361838d60f4aeba6a374e9854a6ea36d10606df46bd45989a9,results/music_external_review/20260917T133518483857Z/review.json,f8bbd3cd9256b33aeb731d98a280a49da00f052fd0d181dcf29d6cb4bc00143d,percentage points,MAE(ratio10) - MAE(balanced),60,3,4.821818181818182,b
original_grouping,IGTB1913,1,IGTB1966,music_weighted,120,ratio10,0.7378594008034912,0.8894588726233609,0.255608910910705,0.7329122937947727,1.4988533216252022,0.8883787993774422,0.6038978580676461,0.4475052210451983,1148,results/music_external_review/20260917T133518483857Z/reference_arrangement_penalties.csv,67d11393f1ae62361838d60f4aeba6a374e9854a6ea36d10606df46bd45989a9,results/music_external_review/20260917T133518483857Z/review.json,f8bbd3cd9256b33aeb731d98a280a49da00f052fd0d181dcf29d6cb4bc00143d,percentage points,MAE(ratio10) - MAE(balanced),60,3,4.872727272727273,b
original_grouping,IGTB1913,1,IGTB498,music_weighted,120,ratio10,0.8505094228584862,1.019877965235115,0.0881374769346334,1.0529947372321595,1.6911088431667471,1.4392962487877567,0.6286035921249974,0.2029156389046283,1166,results/music_external_review/20260917T133518483857Z/reference_arrangement_penalties.csv,67d11393f1ae62361838d60f4aeba6a374e9854a6ea36d10606df46bd45989a9,results/music_external_review/20260917T133518483857Z/review.json,f8bbd3cd9256b33aeb731d98a280a49da00f052fd0d181dcf29d6cb4bc00143d,percentage points,MAE(ratio10) - MAE(balanced),60,3,4.923636363636364,b
original_grouping,IGTB1913,1,IGTB826,music_weighted,120,ratio10,0.6239195095663889,0.7169319444362338,0.0093313601785016,1.082719697754429,1.353844344537641,0.3852505260929129,0.8721248384115459,0.0402462904233064,1184,results/music_external_review/20260917T133518483857Z/reference_arrangement_penalties.csv,67d11393f1ae62361838d60f4aeba6a374e9854a6ea36d10606df46bd45989a9,results/music_external_review/20260917T133518483857Z/review.json,f8bbd3cd9256b33aeb731d98a280a49da00f052fd0d181dcf29d6cb4bc00143d,percentage points,MAE(ratio10) - MAE(balanced),60,3,4.974545454545455,b
original_grouping,IGTB1913,2,HC-502,music_weighted,120,ratio10,0.8008984849918049,0.9759165183567272,-0.1430858457159309,0.8231466297594232,0.6729736090158356,1.323378725609104,0.9844781905958516,1.144499600686546,1202,results/music_external_review/20260917T133518483857Z/reference_arrangement_penalties.csv,67d11393f1ae62361838d60f4aeba6a374e9854a6ea36d10606df46bd45989a9,results/music_external_review/20260917T133518483857Z/review.json,f8bbd3cd9256b33aeb731d98a280a49da00f052fd0d181dcf29d6cb4bc00143d,percentage points,MAE(ratio10) - MAE(balanced),60,3,5.025454545454545,b
original_grouping,IGTB1913,2,IGTB256,music_weighted,120,ratio10,1.019730166045504,1.2839099751665912,0.1038006881516233,0.7785247652585054,1.3801573571144077,1.3451444666648709,1.1374348720103755,1.373318847073247,1220,results/music_external_review/20260917T133518483857Z/reference_arrangement_penalties.csv,67d11393f1ae62361838d60f4aeba6a374e9854a6ea36d10606df46bd45989a9,results/music_external_review/20260917T133518483857Z/review.json,f8bbd3cd9256b33aeb731d98a280a49da00f052fd0d181dcf29d6cb4bc00143d,percentage points,MAE(ratio10) - MAE(balanced),60,3,5.076363636363636,b
original_grouping,IGTB1913,2,IGTB514,music_weighted,120,ratio10,0.7536118906133129,0.9101992313705768,0.434424615274861,0.8164335428121385,0.4676647752515606,1.2388092702486455,0.5830197364495443,0.9813194036431432,1238,results/music_external_review/20260917T133518483857Z/reference_arrangement_penalties.csv,67d11393f1ae62361838d60f4aeba6a374e9854a6ea36d10606df46bd45989a9,results/music_external_review/20260917T133518483857Z/review.json,f8bbd3cd9256b33aeb731d98a280a49da00f052fd0d181dcf29d6cb4bc00143d,percentage points,MAE(ratio10) - MAE(balanced),60,3,5.127272727272727,b
original_grouping,IGTB1913,3,IGTB1506,music_weighted,120,ratio10,0.5374093511233539,0.701183577205598,-0.5728291549567235,0.7251682568043094,0.8535820418431409,0.9689152962528464,0.4812197692495423,0.7683998975470024,1256,results/music_external_review/20260917T133518483857Z/reference_arrangement_penalties.csv,67d11393f1ae62361838d60f4aeba6a374e9854a6ea36d10606df46bd45989a9,results/music_external_review/20260917T133518483857Z/review.json,f8bbd3cd9256b33aeb731d98a280a49da00f052fd0d181dcf29d6cb4bc00143d,percentage points,MAE(ratio10) - MAE(balanced),60,3,5.178181818181818,b
original_grouping,IGTB1913,3,IGTB1650,music_weighted,120,ratio10,0.9348961430427024,1.1799462682470383,-0.2100113417114541,0.8682186079748436,1.623272242056332,1.7261693011778172,0.8514961309314736,0.7502319178272022,1274,results/music_external_review/20260917T133518483857Z/reference_arrangement_penalties.csv,67d11393f1ae62361838d60f4aeba6a374e9854a6ea36d10606df46bd45989a9,results/music_external_review/20260917T133518483857Z/review.json,f8bbd3cd9256b33aeb731d98a280a49da00f052fd0d181dcf29d6cb4bc00143d,percentage points,MAE(ratio10) - MAE(balanced),60,3,5.2290909090909095,b
original_grouping,IGTB1913,3,IGTB508,music_weighted,120,ratio10,0.7517067006500834,0.958122240012085,0.0431158290393525,0.7388174299472102,1.2343448222703532,1.198964147432423,0.742752158034217,0.5522458171769344,1292,results/music_external_review/20260917T133518483857Z/reference_arrangement_penalties.csv,67d11393f1ae62361838d60f4aeba6a374e9854a6ea36d10606df46bd45989a9,results/music_external_review/20260917T133518483857Z/review.json,f8bbd3cd9256b33aeb731d98a280a49da00f052fd0d181dcf29d6cb4bc00143d,percentage points,MAE(ratio10) - MAE(balanced),60,3,5.28,b
original_grouping,IGTB1921,0,IGTB1966,music_weighted,120,ratio10,0.6965486583943219,0.7750956576322069,1.1413888647829646,0.8825084521251133,0.946060390670056,0.4339885571112221,0.1012310268299741,0.6741146588465953,1310,results/music_external_review/20260917T133518483857Z/reference_arrangement_penalties.csv,67d11393f1ae62361838d60f4aeba6a374e9854a6ea36d10606df46bd45989a9,results/music_external_review/20260917T133518483857Z/review.json,f8bbd3cd9256b33aeb731d98a280a49da00f052fd0d181dcf29d6cb4bc00143d,percentage points,MAE(ratio10) - MAE(balanced),60,3,5.72,b
original_grouping,IGTB1921,0,IGTB498,music_weighted,120,ratio10,0.7193821128349727,0.9130823682246964,0.861101218491971,0.8730469442969372,1.423912202252641,0.9727947746320568,-0.000145838029957,0.1855833753661773,1328,results/music_external_review/20260917T133518483857Z/reference_arrangement_penalties.csv,67d11393f1ae62361838d60f4aeba6a374e9854a6ea36d10606df46bd45989a9,results/music_external_review/20260917T133518483857Z/review.json,f8bbd3cd9256b33aeb731d98a280a49da00f052fd0d181dcf29d6cb4bc00143d,percentage points,MAE(ratio10) - MAE(balanced),60,3,5.7709090909090905,b
original_grouping,IGTB1921,0,IGTB826,music_weighted,120,ratio10,0.5656021478417959,0.6425080247789263,0.7969326108202499,0.9222061082483998,0.8593211635093018,0.2027672997896433,0.293936658187156,0.3184490464960209,1346,results/music_external_review/20260917T133518483857Z/reference_arrangement_penalties.csv,67d11393f1ae62361838d60f4aeba6a374e9854a6ea36d10606df46bd45989a9,results/music_external_review/20260917T133518483857Z/review.json,f8bbd3cd9256b33aeb731d98a280a49da00f052fd0d181dcf29d6cb4bc00143d,percentage points,MAE(ratio10) - MAE(balanced),60,3,5.821818181818182,b
original_grouping,IGTB1921,1,HC-502,music_weighted,120,ratio10,0.1726860477610563,-0.1773735576746088,0.33062132187318,0.874890769108954,-1.138691288932391,-1.4169854765030707,0.8086454140348167,1.5776355469848533,1364,results/music_external_review/20260917T133518483857Z/reference_arrangement_penalties.csv,67d11393f1ae62361838d60f4aeba6a374e9854a6ea36d10606df46bd45989a9,results/music_external_review/20260917T133518483857Z/review.json,f8bbd3cd9256b33aeb731d98a280a49da00f052fd0d181dcf29d6cb4bc00143d,percentage points,MAE(ratio10) - MAE(balanced),60,3,5.872727272727273,b
original_grouping,IGTB1921,1,IGTB256,music_weighted,120,ratio10,0.6132355632921035,0.4845772150302488,0.3726667683620159,0.8109796322714641,0.1736236323737162,-0.8344034072131551,0.9543712656721768,2.202175488286412,1382,results/music_external_review/20260917T133518483857Z/reference_arrangement_penalties.csv,67d11393f1ae62361838d60f4aeba6a374e9854a6ea36d10606df46bd45989a9,results/music_external_review/20260917T133518483857Z/review.json,f8bbd3cd9256b33aeb731d98a280a49da00f052fd0d181dcf29d6cb4bc00143d,percentage points,MAE(ratio10) - MAE(balanced),60,3,5.923636363636364,b
original_grouping,IGTB1921,1,IGTB514,music_weighted,120,ratio10,0.1244348794509411,-0.2400475392472094,0.7386121680545483,0.9689260534344925,-1.4616983518069662,-1.3673523506827026,0.5005009968896924,1.3676207608165885,1400,results/music_external_review/20260917T133518483857Z/reference_arrangement_penalties.csv,67d11393f1ae62361838d60f4aeba6a374e9854a6ea36d10606df46bd45989a9,results/music_external_review/20260917T133518483857Z/review.json,f8bbd3cd9256b33aeb731d98a280a49da00f052fd0d181dcf29d6cb4bc00143d,percentage points,MAE(ratio10) - MAE(balanced),60,3,5.974545454545455,b
original_grouping,IGTB1921,2,IGTB1506,music_weighted,120,ratio10,0.3476147686386177,0.3469256351880738,0.0327346421060154,0.3223395330450016,0.1721629261318775,0.5187672301828111,0.3286759964700513,0.7110082838959463,1418,results/music_external_review/20260917T133518483857Z/reference_arrangement_penalties.csv,67d11393f1ae62361838d60f4aeba6a374e9854a6ea36d10606df46bd45989a9,results/music_external_review/20260917T133518483857Z/review.json,f8bbd3cd9256b33aeb731d98a280a49da00f052fd0d181dcf29d6cb4bc00143d,percentage points,MAE(ratio10) - MAE(balanced),60,3,6.025454545454545,b
original_grouping,IGTB1921,2,IGTB1650,music_weighted,120,ratio10,0.7079235665960938,0.7352468181588278,0.6940439007498099,0.5695427200954094,0.614407170990106,0.9061717101054716,0.6171773999588338,0.8461984976769338,1436,results/music_external_review/20260917T133518483857Z/reference_arrangement_penalties.csv,67d11393f1ae62361838d60f4aeba6a374e9854a6ea36d10606df46bd45989a9,results/music_external_review/20260917T133518483857Z/review.json,f8bbd3cd9256b33aeb731d98a280a49da00f052fd0d181dcf29d6cb4bc00143d,percentage points,MAE(ratio10) - MAE(balanced),60,3,6.076363636363636,b
original_grouping,IGTB1921,2,IGTB508,music_weighted,120,ratio10,0.5494065500295653,0.5906894906709356,0.6275305859864412,0.3498571358377687,0.555613847225835,0.5354502197054449,0.5530605970947381,0.6749269143271553,1454,results/music_external_review/20260917T133518483857Z/reference_arrangement_penalties.csv,67d11393f1ae62361838d60f4aeba6a374e9854a6ea36d10606df46bd45989a9,results/music_external_review/20260917T133518483857Z/review.json,f8bbd3cd9256b33aeb731d98a280a49da00f052fd0d181dcf29d6cb4bc00143d,percentage points,MAE(ratio10) - MAE(balanced),60,3,6.127272727272727,b
original_grouping,IGTB1921,3,HC-572,music_weighted,120,ratio10,-0.1485866125581432,-0.1340413700772887,-0.0222872894793488,-0.0328439626658083,-0.1554845071979583,-1.251524481144559,-0.1023694681316677,0.6729900332704641,1472,results/music_external_review/20260917T133518483857Z/reference_arrangement_penalties.csv,67d11393f1ae62361838d60f4aeba6a374e9854a6ea36d10606df46bd45989a9,results/music_external_review/20260917T133518483857Z/review.json,f8bbd3cd9256b33aeb731d98a280a49da00f052fd0d181dcf29d6cb4bc00143d,percentage points,MAE(ratio10) - MAE(balanced),60,3,6.178181818181818,b
original_grouping,IGTB1921,3,IGTB1913,music_weighted,120,ratio10,-0.3163142778597628,-0.2536015647705533,0.4975183630346302,-0.4957798956392081,-0.7277737559530443,-1.2740638494573204,-0.7757320001708418,0.8779454710271978,1490,results/music_external_review/20260917T133518483857Z/reference_arrangement_penalties.csv,67d11393f1ae62361838d60f4aeba6a374e9854a6ea36d10606df46bd45989a9,results/music_external_review/20260917T133518483857Z/review.json,f8bbd3cd9256b33aeb731d98a280a49da00f052fd0d181dcf29d6cb4bc00143d,percentage points,MAE(ratio10) - MAE(balanced),60,3,6.2290909090909095,b
original_grouping,IGTB1921,3,IGTB195,music_weighted,120,ratio10,-0.4104351170592286,-0.4969627285428723,-0.3154217322254593,0.1977435040019152,-1.041986330073646,-1.3098739693251669,-0.0335833660231228,0.0405111912901085,1508,results/music_external_review/20260917T133518483857Z/reference_arrangement_penalties.csv,67d11393f1ae62361838d60f4aeba6a374e9854a6ea36d10606df46bd45989a9,results/music_external_review/20260917T133518483857Z/review.json,f8bbd3cd9256b33aeb731d98a280a49da00f052fd0d181dcf29d6cb4bc00143d,percentage points,MAE(ratio10) - MAE(balanced),60,3,6.28,b
original_grouping,IGTB195,0,HC-014,music_weighted,120,ratio10,0.3434090686661661,0.6140684138552147,-0.4133228703039608,0.0509338613603976,0.9017810236945256,1.4120598366456334,0.1629752931924191,-0.0539727325920266,1526,results/music_external_review/20260917T133518483857Z/reference_arrangement_penalties.csv,67d11393f1ae62361838d60f4aeba6a374e9854a6ea36d10606df46bd45989a9,results/music_external_review/20260917T133518483857Z/review.json,f8bbd3cd9256b33aeb731d98a280a49da00f052fd0d181dcf29d6cb4bc00143d,percentage points,MAE(ratio10) - MAE(balanced),60,3,6.72,b
original_grouping,IGTB195,0,HC-572,music_weighted,120,ratio10,0.6807676154469061,1.1126802466546806,0.4453879416414747,-0.1886081479252286,1.1953055807733304,1.8150993333290348,0.7970399845706723,0.0203810002921541,1544,results/music_external_review/20260917T133518483857Z/reference_arrangement_penalties.csv,67d11393f1ae62361838d60f4aeba6a374e9854a6ea36d10606df46bd45989a9,results/music_external_review/20260917T133518483857Z/review.json,f8bbd3cd9256b33aeb731d98a280a49da00f052fd0d181dcf29d6cb4bc00143d,percentage points,MAE(ratio10) - MAE(balanced),60,3,6.7709090909090905,b
original_grouping,IGTB195,0,IGTB1913,music_weighted,120,ratio10,0.7135142601636719,1.2275152721626603,-0.184216518559442,-0.3706465038045888,1.6106474799999555,2.426667564748598,0.6299351274180525,0.1686984111794557,1562,results/music_external_review/20260917T133518483857Z/reference_arrangement_penalties.csv,67d11393f1ae62361838d60f4aeba6a374e9854a6ea36d10606df46bd45989a9,results/music_external_review/20260917T133518483857Z/review.json,f8bbd3cd9256b33aeb731d98a280a49da00f052fd0d181dcf29d6cb4bc00143d,percentage points,MAE(ratio10) - MAE(balanced),60,3,6.821818181818182,b
original_grouping,IGTB195,1,IGTB1921,music_weighted,120,ratio10,-0.3105163947258065,-0.2358916112694502,-0.0303142762408947,-0.7207213277130281,-0.8293002118944505,0.5118398536343105,-0.8923058484831441,0.097703442342368,1580,results/music_external_review/20260917T133518483857Z/reference_arrangement_penalties.csv,67d11393f1ae62361838d60f4aeba6a374e9854a6ea36d10606df46bd45989a9,results/music_external_review/20260917T133518483857Z/review.json,f8bbd3cd9256b33aeb731d98a280a49da00f052fd0d181dcf29d6cb4bc00143d,percentage points,MAE(ratio10) - MAE(balanced),60,3,6.872727272727273,b
original_grouping,IGTB195,1,IGTB1966,music_weighted,120,ratio10,0.0674368091094258,0.0577116605894185,1.139276557917014,-0.5086518813768699,-1.5706461402117178,0.0150214949053454,0.2387544772994665,1.090866346123317,1598,results/music_external_review/20260917T133518483857Z/reference_arrangement_penalties.csv,67d11393f1ae62361838d60f4aeba6a374e9854a6ea36d10606df46bd45989a9,results/music_external_review/20260917T133518483857Z/review.json,f8bbd3cd9256b33aeb731d98a280a49da00f052fd0d181dcf29d6cb4bc00143d,percentage points,MAE(ratio10) - MAE(balanced),60,3,6.923636363636364,b
original_grouping,IGTB195,1,IGTB826,music_weighted,120,ratio10,-0.1943513816108623,-0.2356677287117045,0.7047810838704875,-0.7135419823864815,-1.7188451007675392,0.2351734362358504,-0.1762817567927741,0.5026060301752857,1616,results/music_external_review/20260917T133518483857Z/reference_arrangement_penalties.csv,67d11393f1ae62361838d60f4aeba6a374e9854a6ea36d10606df46bd45989a9,results/music_external_review/20260917T133518483857Z/review.json,f8bbd3cd9256b33aeb731d98a280a49da00f052fd0d181dcf29d6cb4bc00143d,percentage points,MAE(ratio10) - MAE(balanced),60,3,6.974545454545455,b
original_grouping,IGTB195,2,HC-502,music_weighted,120,ratio10,0.4935529374113546,0.6541234687824317,0.2292341214766042,-0.1552103728560082,0.2007831878461051,1.145731113441045,0.2082167533313061,1.332562821229066,1634,results/music_external_review/20260917T133518483857Z/reference_arrangement_penalties.csv,67d11393f1ae62361838d60f4aeba6a374e9854a6ea36d10606df46bd45989a9,results/music_external_review/20260917T133518483857Z/review.json,f8bbd3cd9256b33aeb731d98a280a49da00f052fd0d181dcf29d6cb4bc00143d,percentage points,MAE(ratio10) - MAE(balanced),60,3,7.025454545454545,b
original_grouping,IGTB195,2,IGTB256,music_weighted,120,ratio10,0.5592178072758145,0.7656683026642123,0.4615616484353628,-0.6108892382201003,0.8687156356668007,1.3252312711553205,0.2207894542172121,1.0898980724002858,1652,results/music_external_review/20260917T133518483857Z/reference_arrangement_penalties.csv,67d11393f1ae62361838d60f4aeba6a374e9854a6ea36d10606df46bd45989a9,results/music_external_review/20260917T133518483857Z/review.json,f8bbd3cd9256b33aeb731d98a280a49da00f052fd0d181dcf29d6cb4bc00143d,percentage points,MAE(ratio10) - MAE(balanced),60,3,7.076363636363636,b
original_grouping,IGTB195,2,IGTB498,music_weighted,120,ratio10,0.4862593633428242,0.6297538149302285,0.534141326854892,-0.2938510950695375,0.2644598210103147,1.2589901241080823,0.290219232329596,0.8635967708235907,1670,results/music_external_review/20260917T133518483857Z/reference_arrangement_penalties.csv,67d11393f1ae62361838d60f4aeba6a374e9854a6ea36d10606df46bd45989a9,results/music_external_review/20260917T133518483857Z/review.json,f8bbd3cd9256b33aeb731d98a280a49da00f052fd0d181dcf29d6cb4bc00143d,percentage points,MAE(ratio10) - MAE(balanced),60,3,7.127272727272727,b
original_grouping,IGTB195,3,IGTB1506,music_weighted,120,ratio10,0.2060164700016511,0.1433019208862221,0.5795958508652567,0.1584565314739657,-1.1685919491338062,0.0419006634304765,0.2738835819155366,1.3508541414584734,1688,results/music_external_review/20260917T133518483857Z/reference_arrangement_penalties.csv,67d11393f1ae62361838d60f4aeba6a374e9854a6ea36d10606df46bd45989a9,results/music_external_review/20260917T133518483857Z/review.json,f8bbd3cd9256b33aeb731d98a280a49da00f052fd0d181dcf29d6cb4bc00143d,percentage points,MAE(ratio10) - MAE(balanced),60,3,7.178181818181818,b
original_grouping,IGTB195,3,IGTB508,music_weighted,120,ratio10,0.1743348550672938,0.1102595044302712,1.0457931244171756,-0.3795393796441709,-0.8123919730151955,0.4768147590173885,0.2979940228975029,0.4173385767310565,1706,results/music_external_review/20260917T133518483857Z/reference_arrangement_penalties.csv,67d11393f1ae62361838d60f4aeba6a374e9854a6ea36d10606df46bd45989a9,results/music_external_review/20260917T133518483857Z/review.json,f8bbd3cd9256b33aeb731d98a280a49da00f052fd0d181dcf29d6cb4bc00143d,percentage points,MAE(ratio10) - MAE(balanced),60,3,7.2290909090909095,b
original_grouping,IGTB195,3,IGTB514,music_weighted,120,ratio10,0.1443948107968166,0.086949638518672,0.678563179609311,-0.1871782745315602,-0.7666328548831244,-0.2540878107970226,0.1074435314393058,1.2882610939439827,1724,results/music_external_review/20260917T133518483857Z/reference_arrangement_penalties.csv,67d11393f1ae62361838d60f4aeba6a374e9854a6ea36d10606df46bd45989a9,results/music_external_review/20260917T133518483857Z/review.json,f8bbd3cd9256b33aeb731d98a280a49da00f052fd0d181dcf29d6cb4bc00143d,percentage points,MAE(ratio10) - MAE(balanced),60,3,7.28,b
original_grouping,IGTB1966,0,HC-502,music_weighted,120,ratio10,-0.0620971168046188,-0.0569906973480394,-1.020657974783293,0.1163858900377595,0.3050442990988741,0.4206648596124588,0.3006908281351283,-0.4947106029286277,1742,results/music_external_review/20260917T133518483857Z/reference_arrangement_penalties.csv,67d11393f1ae62361838d60f4aeba6a374e9854a6ea36d10606df46bd45989a9,results/music_external_review/20260917T133518483857Z/review.json,f8bbd3cd9256b33aeb731d98a280a49da00f052fd0d181dcf29d6cb4bc00143d,percentage points,MAE(ratio10) - MAE(balanced),60,3,7.72,b
original_grouping,IGTB1966,0,IGTB256,music_weighted,120,ratio10,0.3698502101789329,0.3908899115248516,-1.3033527344257396,0.6250459545665857,1.423404177977006,0.5708295968652449,0.6892646300159548,0.2139096360745505,1760,results/music_external_review/20260917T133518483857Z/reference_arrangement_penalties.csv,67d11393f1ae62361838d60f4aeba6a374e9854a6ea36d10606df46bd45989a9,results/music_external_review/20260917T133518483857Z/review.json,f8bbd3cd9256b33aeb731d98a280a49da00f052fd0d181dcf29d6cb4bc00143d,percentage points,MAE(ratio10) - MAE(balanced),60,3,7.7709090909090905,b
original_grouping,IGTB1966,0,IGTB498,music_weighted,120,ratio10,-0.158749270236154,-0.1589387784593306,-1.6310215321784445,-0.2057752958978417,1.1301511130894877,0.3761073566016422,-0.4537002586161593,-0.1682570044155924,1778,results/music_external_review/20260917T133518483857Z/reference_arrangement_penalties.csv,67d11393f1ae62361838d60f4aeba6a374e9854a6ea36d10606df46bd45989a9,results/music_external_review/20260917T133518483857Z/review.json,f8bbd3cd9256b33aeb731d98a280a49da00f052fd0d181dcf29d6cb4bc00143d,percentage points,MAE(ratio10) - MAE(balanced),60,3,7.821818181818182,b
original_grouping,IGTB1966,1,IGTB1506,music_weighted,120,ratio10,-0.1258586701223074,-0.096967330834604,-2.352461625162339,0.0811450082171744,1.4861816368549805,0.9336198110634736,-0.0372494536743524,-0.8663873980327622,1796,results/music_external_review/20260917T133518483857Z/reference_arrangement_penalties.csv,67d11393f1ae62361838d60f4aeba6a374e9854a6ea36d10606df46bd45989a9,results/music_external_review/20260917T133518483857Z/review.json,f8bbd3cd9256b33aeb731d98a280a49da00f052fd0d181dcf29d6cb4bc00143d,percentage points,MAE(ratio10) - MAE(balanced),60,3,7.872727272727273,b
original_grouping,IGTB1966,1,IGTB508,music_weighted,120,ratio10,0.4477599571345437,0.4408540857965076,-1.2341139140188102,0.4692030952816635,1.229731466843098,0.7498240940279274,1.019452320549879,0.4524626801235181,1814,results/music_external_review/20260917T133518483857Z/reference_arrangement_penalties.csv,67d11393f1ae62361838d60f4aeba6a374e9854a6ea36d10606df46bd45989a9,results/music_external_review/20260917T133518483857Z/review.json,f8bbd3cd9256b33aeb731d98a280a49da00f052fd0d181dcf29d6cb4bc00143d,percentage points,MAE(ratio10) - MAE(balanced),60,3,7.923636363636364,b
original_grouping,IGTB1966,1,IGTB514,music_weighted,120,ratio10,-0.3463371621185808,-0.4045914692945174,-1.2846369274524472,-0.1588465233243411,0.2568637542531528,0.3954472037573989,-0.5950674999167866,-0.6917829800284597,1832,results/music_external_review/20260917T133518483857Z/reference_arrangement_penalties.csv,67d11393f1ae62361838d60f4aeba6a374e9854a6ea36d10606df46bd45989a9,results/music_external_review/20260917T133518483857Z/review.json,f8bbd3cd9256b33aeb731d98a280a49da00f052fd0d181dcf29d6cb4bc00143d,percentage points,MAE(ratio10) - MAE(balanced),60,3,7.974545454545455,b
original_grouping,IGTB1966,2,IGTB1650,music_weighted,120,ratio10,0.4683392170931976,0.556238274714483,0.1702063475312825,0.5867278141983563,0.5819761191993617,0.695544835404572,-0.0288364478824409,0.8044166341080374,1850,results/music_external_review/20260917T133518483857Z/reference_arrangement_penalties.csv,67d11393f1ae62361838d60f4aeba6a374e9854a6ea36d10606df46bd45989a9,results/music_external_review/20260917T133518483857Z/review.json,f8bbd3cd9256b33aeb731d98a280a49da00f052fd0d181dcf29d6cb4bc00143d,percentage points,MAE(ratio10) - MAE(balanced),60,3,8.025454545454545,b
original_grouping,IGTB1966,2,IGTB1913,music_weighted,120,ratio10,0.4774584115235667,0.6629642633065598,0.0267434506958574,0.0021286142707333,1.3055472967784203,1.1554783999402736,-0.4506032530766184,0.8254559605327261,1868,results/music_external_review/20260917T133518483857Z/reference_arrangement_penalties.csv,67d11393f1ae62361838d60f4aeba6a374e9854a6ea36d10606df46bd45989a9,results/music_external_review/20260917T133518483857Z/review.json,f8bbd3cd9256b33aeb731d98a280a49da00f052fd0d181dcf29d6cb4bc00143d,percentage points,MAE(ratio10) - MAE(balanced),60,3,8.076363636363636,b
original_grouping,IGTB1966,2,IGTB195,music_weighted,120,ratio10,-0.1307516122516429,-0.1206996627980624,-0.77612124281966,-0.0251083317623914,0.0558036894325287,0.1047921190799509,-0.5340292886092088,0.3901533811689041,1886,results/music_external_review/20260917T133518483857Z/reference_arrangement_penalties.csv,67d11393f1ae62361838d60f4aeba6a374e9854a6ea36d10606df46bd45989a9,results/music_external_review/20260917T133518483857Z/review.json,f8bbd3cd9256b33aeb731d98a280a49da00f052fd0d181dcf29d6cb4bc00143d,percentage points,MAE(ratio10) - MAE(balanced),60,3,8.127272727272727,b
original_grouping,IGTB1966,3,HC-014,music_weighted,120,ratio10,-0.8611869134013241,-0.8964856910844077,-3.2267695535096523,-0.7695019142281367,1.3329689397583049,-0.1053638445192915,-1.161528671046113,-1.2369264368630737,1904,results/music_external_review/20260917T133518483857Z/reference_arrangement_penalties.csv,67d11393f1ae62361838d60f4aeba6a374e9854a6ea36d10606df46bd45989a9,results/music_external_review/20260917T133518483857Z/review.json,f8bbd3cd9256b33aeb731d98a280a49da00f052fd0d181dcf29d6cb4bc00143d,percentage points,MAE(ratio10) - MAE(balanced),60,3,8.178181818181818,b
original_grouping,IGTB1966,3,HC-572,music_weighted,120,ratio10,-0.7258626798692114,-0.8599481956329298,-4.458307756184163,0.3663142290886405,1.332018579649658,-0.5015349178098457,-0.2802910959188809,-0.8133751180406976,1922,results/music_external_review/20260917T133518483857Z/reference_arrangement_penalties.csv,67d11393f1ae62361838d60f4aeba6a374e9854a6ea36d10606df46bd45989a9,results/music_external_review/20260917T133518483857Z/review.json,f8bbd3cd9256b33aeb731d98a280a49da00f052fd0d181dcf29d6cb4bc00143d,percentage points,MAE(ratio10) - MAE(balanced),60,3,8.229090909090909,b
original_grouping,IGTB1966,3,IGTB1921,music_weighted,120,ratio10,-0.3954483420555407,-0.3419755798518528,-2.4245292125897597,0.1137339820978731,1.1133080072398085,0.050688620461266,0.1893549793778076,-1.4152464289202291,1940,results/music_external_review/20260917T133518483857Z/reference_arrangement_penalties.csv,67d11393f1ae62361838d60f4aeba6a374e9854a6ea36d10606df46bd45989a9,results/music_external_review/20260917T133518483857Z/review.json,f8bbd3cd9256b33aeb731d98a280a49da00f052fd0d181dcf29d6cb4bc00143d,percentage points,MAE(ratio10) - MAE(balanced),60,3,8.28,b
original_grouping,IGTB256,0,IGTB1506,music_weighted,120,ratio10,0.6310819622045701,0.6964779307467349,0.3273579748766802,0.4711792336839285,0.2791879500463432,1.205541681843325,0.1740129607704085,1.329211972006727,1958,results/music_external_review/20260917T133518483857Z/reference_arrangement_penalties.csv,67d11393f1ae62361838d60f4aeba6a374e9854a6ea36d10606df46bd45989a9,results/music_external_review/20260917T133518483857Z/review.json,f8bbd3cd9256b33aeb731d98a280a49da00f052fd0d181dcf29d6cb4bc00143d,percentage points,MAE(ratio10) - MAE(balanced),60,3,8.72,b
original_grouping,IGTB256,0,IGTB508,music_weighted,120,ratio10,0.5723710044248231,0.6326471436453766,0.4596321502623469,0.4842763547742574,0.3753093334602398,1.664959298135728,0.4586038960515459,-0.0085550061351849,1976,results/music_external_review/20260917T133518483857Z/reference_arrangement_penalties.csv,67d11393f1ae62361838d60f4aeba6a374e9854a6ea36d10606df46bd45989a9,results/music_external_review/20260917T133518483857Z/review.json,f8bbd3cd9256b33aeb731d98a280a49da00f052fd0d181dcf29d6cb4bc00143d,percentage points,MAE(ratio10) - MAE(balanced),60,3,8.770909090909091,b
original_grouping,IGTB256,0,IGTB514,music_weighted,120,ratio10,0.6558010469108243,0.7227801221797211,0.4553322309835412,0.3741568869859465,0.240391887489393,1.1309407407380705,0.183868835069884,1.5501157001981036,1994,results/music_external_review/20260917T133518483857Z/reference_arrangement_penalties.csv,67d11393f1ae62361838d60f4aeba6a374e9854a6ea36d10606df46bd45989a9,results/music_external_review/20260917T133518483857Z/review.json,f8bbd3cd9256b33aeb731d98a280a49da00f052fd0d181dcf29d6cb4bc00143d,percentage points,MAE(ratio10) - MAE(balanced),60,3,8.821818181818182,b
original_grouping,IGTB256,1,IGTB1650,music_weighted,120,ratio10,0.3991512581113555,0.4299133093963325,0.3298438356990169,0.5062944428127261,0.3299341090222988,0.9904742269904634,0.4871125394203,-0.2487516052766699,2012,results/music_external_review/20260917T133518483857Z/reference_arrangement_penalties.csv,67d11393f1ae62361838d60f4aeba6a374e9854a6ea36d10606df46bd45989a9,results/music_external_review/20260917T133518483857Z/review.json,f8bbd3cd9256b33aeb731d98a280a49da00f052fd0d181dcf29d6cb4bc00143d,percentage points,MAE(ratio10) - MAE(balanced),60,3,8.872727272727273,b
original_grouping,IGTB256,1,IGTB1913,music_weighted,120,ratio10,0.4386604874062864,0.5193334663996022,0.5479789737801161,0.3978510787353709,0.4434914901046778,0.9696968276731822,0.3983249719705431,-0.1253804178261764,2030,results/music_external_review/20260917T133518483857Z/reference_arrangement_penalties.csv,67d11393f1ae62361838d60f4aeba6a374e9854a6ea36d10606df46bd45989a9,results/music_external_review/20260917T133518483857Z/review.json,f8bbd3cd9256b33aeb731d98a280a49da00f052fd0d181dcf29d6cb4bc00143d,percentage points,MAE(ratio10) - MAE(balanced),60,3,8.923636363636364,b
original_grouping,IGTB256,1,IGTB195,music_weighted,120,ratio10,0.4558067040745764,0.5131054137581245,0.450113099621419,0.4964396312042922,0.247145960049005,1.1346013983707168,0.1408964671382136,0.2656436680638124,2048,results/music_external_review/20260917T133518483857Z/reference_arrangement_penalties.csv,67d11393f1ae62361838d60f4aeba6a374e9854a6ea36d10606df46bd45989a9,results/music_external_review/20260917T133518483857Z/review.json,f8bbd3cd9256b33aeb731d98a280a49da00f052fd0d181dcf29d6cb4bc00143d,percentage points,MAE(ratio10) - MAE(balanced),60,3,8.974545454545455,b
original_grouping,IGTB256,2,HC-014,music_weighted,120,ratio10,0.0953402829025034,0.1303580069391055,-0.4955179985307193,0.5568782748902277,0.523519990535697,0.0760708312190483,-0.7125839469872416,0.6236745462880002,2066,results/music_external_review/20260917T133518483857Z/reference_arrangement_penalties.csv,67d11393f1ae62361838d60f4aeba6a374e9854a6ea36d10606df46bd45989a9,results/music_external_review/20260917T133518483857Z/review.json,f8bbd3cd9256b33aeb731d98a280a49da00f052fd0d181dcf29d6cb4bc00143d,percentage points,MAE(ratio10) - MAE(balanced),60,3,9.025454545454545,b
original_grouping,IGTB256,2,HC-572,music_weighted,120,ratio10,0.2477486665724204,0.2694406493641822,-1.080157387595594,1.0613942156946716,0.7345118279479489,-0.2847334687654803,-0.3066462563800564,1.3621230685330206,2084,results/music_external_review/20260917T133518483857Z/reference_arrangement_penalties.csv,67d11393f1ae62361838d60f4aeba6a374e9854a6ea36d10606df46bd45989a9,results/music_external_review/20260917T133518483857Z/review.json,f8bbd3cd9256b33aeb731d98a280a49da00f052fd0d181dcf29d6cb4bc00143d,percentage points,MAE(ratio10) - MAE(balanced),60,3,9.076363636363636,b
original_grouping,IGTB256,2,IGTB1921,music_weighted,120,ratio10,0.6547612694627377,0.7150611670272358,0.3503745835214508,1.2070219439079026,0.5300485852219589,0.4159114583649552,0.5248563924200109,0.9003546533401378,2102,results/music_external_review/20260917T133518483857Z/reference_arrangement_penalties.csv,67d11393f1ae62361838d60f4aeba6a374e9854a6ea36d10606df46bd45989a9,results/music_external_review/20260917T133518483857Z/review.json,f8bbd3cd9256b33aeb731d98a280a49da00f052fd0d181dcf29d6cb4bc00143d,percentage points,MAE(ratio10) - MAE(balanced),60,3,9.127272727272727,b
original_grouping,IGTB256,3,IGTB1966,music_weighted,120,ratio10,0.5375658686243004,0.6047466516271138,0.9994315854001724,0.8730090157664143,0.3620910147277912,1.2159602572036594,-0.6502186456285072,0.4251219842762692,2120,results/music_external_review/20260917T133518483857Z/reference_arrangement_penalties.csv,67d11393f1ae62361838d60f4aeba6a374e9854a6ea36d10606df46bd45989a9,results/music_external_review/20260917T133518483857Z/review.json,f8bbd3cd9256b33aeb731d98a280a49da00f052fd0d181dcf29d6cb4bc00143d,percentage points,MAE(ratio10) - MAE(balanced),60,3,9.178181818181818,b
original_grouping,IGTB256,3,IGTB498,music_weighted,120,ratio10,0.426710240333717,0.3980204657281092,0.6211384568575945,1.1392156006359806,-0.0636923465759377,1.6232082006091662,-0.5396046934247826,-0.2200037760997207,2138,results/music_external_review/20260917T133518483857Z/reference_arrangement_penalties.csv,67d11393f1ae62361838d60f4aeba6a374e9854a6ea36d10606df46bd45989a9,results/music_external_review/20260917T133518483857Z/review.json,f8bbd3cd9256b33aeb731d98a280a49da00f052fd0d181dcf29d6cb4bc00143d,percentage points,MAE(ratio10) - MAE(balanced),60,3,9.229090909090909,b
original_grouping,IGTB256,3,IGTB826,music_weighted,120,ratio10,0.3858056477329413,0.499263108139706,0.5909733175044635,0.8773967060247254,0.8471842035639584,1.2548265453526928,-0.7375913182227657,-0.5179555678254322,2156,results/music_external_review/20260917T133518483857Z/reference_arrangement_penalties.csv,67d11393f1ae62361838d60f4aeba6a374e9854a6ea36d10606df46bd45989a9,results/music_external_review/20260917T133518483857Z/review.json,f8bbd3cd9256b33aeb731d98a280a49da00f052fd0d181dcf29d6cb4bc00143d,percentage points,MAE(ratio10) - MAE(balanced),60,3,9.28,b
original_grouping,IGTB498,0,HC-502,music_weighted,120,ratio10,0.1874326294418907,0.133152392657446,0.6671279161498292,0.0306149538867345,-1.082611219515318,0.3454537165604003,0.2217636338745899,0.9422467756951156,2174,results/music_external_review/20260917T133518483857Z/reference_arrangement_penalties.csv,67d11393f1ae62361838d60f4aeba6a374e9854a6ea36d10606df46bd45989a9,results/music_external_review/20260917T133518483857Z/review.json,f8bbd3cd9256b33aeb731d98a280a49da00f052fd0d181dcf29d6cb4bc00143d,percentage points,MAE(ratio10) - MAE(balanced),60,3,9.72,b
original_grouping,IGTB498,0,IGTB256,music_weighted,120,ratio10,0.5774774414343995,0.8062140537454769,0.7497589931723897,-0.2906855844976956,0.9507683783563744,0.8374421371616203,0.2329902006507711,0.9845905237629504,2192,results/music_external_review/20260917T133518483857Z/reference_arrangement_penalties.csv,67d11393f1ae62361838d60f4aeba6a374e9854a6ea36d10606df46bd45989a9,results/music_external_review/20260917T133518483857Z/review.json,f8bbd3cd9256b33aeb731d98a280a49da00f052fd0d181dcf29d6cb4bc00143d,percentage points,MAE(ratio10) - MAE(balanced),60,3,9.770909090909091,b
original_grouping,IGTB498,0,IGTB514,music_weighted,120,ratio10,0.1317728150082174,-0.0060774831879094,0.7611286384388257,0.1709017614104436,-1.5252283511484102,0.4251966935848829,0.2283073692126175,0.730330778550951,2210,results/music_external_review/20260917T133518483857Z/reference_arrangement_penalties.csv,67d11393f1ae62361838d60f4aeba6a374e9854a6ea36d10606df46bd45989a9,results/music_external_review/20260917T133518483857Z/review.json,f8bbd3cd9256b33aeb731d98a280a49da00f052fd0d181dcf29d6cb4bc00143d,percentage points,MAE(ratio10) - MAE(balanced),60,3,9.821818181818182,b
original_grouping,IGTB498,1,IGTB1506,music_weighted,120,ratio10,0.6543002873155783,0.8051861436124281,0.7032305249854054,0.740542103664922,0.8804724244514022,1.518498206659179,0.5587438373327418,-0.4756853732001956,2228,results/music_external_review/20260917T133518483857Z/reference_arrangement_penalties.csv,67d11393f1ae62361838d60f4aeba6a374e9854a6ea36d10606df46bd45989a9,results/music_external_review/20260917T133518483857Z/review.json,f8bbd3cd9256b33aeb731d98a280a49da00f052fd0d181dcf29d6cb4bc00143d,percentage points,MAE(ratio10) - MAE(balanced),60,3,9.872727272727273,b
original_grouping,IGTB498,1,IGTB1650,music_weighted,120,ratio10,0.4821186560218025,0.5850819374389999,0.7478153191459584,-0.0056050369931188,0.7978289170523291,1.1351446877636533,0.5302192738895252,-0.3126912247275333,2246,results/music_external_review/20260917T133518483857Z/reference_arrangement_penalties.csv,67d11393f1ae62361838d60f4aeba6a374e9854a6ea36d10606df46bd45989a9,results/music_external_review/20260917T133518483857Z/review.json,f8bbd3cd9256b33aeb731d98a280a49da00f052fd0d181dcf29d6cb4bc00143d,percentage points,MAE(ratio10) - MAE(balanced),60,3,9.923636363636364,b
original_grouping,IGTB498,1,IGTB508,music_weighted,120,ratio10,0.6509659028054428,0.754798895225269,0.956417169825372,0.2558180270617902,0.8247548807859922,1.3694054967361051,0.684367364061685,-0.184967521638292,2264,results/music_external_review/20260917T133518483857Z/reference_arrangement_penalties.csv,67d11393f1ae62361838d60f4aeba6a374e9854a6ea36d10606df46bd45989a9,results/music_external_review/20260917T133518483857Z/review.json,f8bbd3cd9256b33aeb731d98a280a49da00f052fd0d181dcf29d6cb4bc00143d,percentage points,MAE(ratio10) - MAE(balanced),60,3,9.974545454545455,b
original_grouping,IGTB498,2,HC-572,music_weighted,120,ratio10,0.2833908142832661,0.1569723270301783,0.8937035543370883,0.7802489164183908,-0.8069638402107214,0.2876647037192437,-0.0115522925413535,0.5572438439769454,2282,results/music_external_review/20260917T133518483857Z/reference_arrangement_penalties.csv,67d11393f1ae62361838d60f4aeba6a374e9854a6ea36d10606df46bd45989a9,results/music_external_review/20260917T133518483857Z/review.json,f8bbd3cd9256b33aeb731d98a280a49da00f052fd0d181dcf29d6cb4bc00143d,percentage points,MAE(ratio10) - MAE(balanced),60,3,10.025454545454545,b
original_grouping,IGTB498,2,IGTB1913,music_weighted,120,ratio10,0.4168634397984577,0.3907065052796377,1.3608858110180155,0.6212404594564609,-0.4720113232138724,0.8198138062962609,-0.2189419541860492,0.3901938394199357,2300,results/music_external_review/20260917T133518483857Z/reference_arrangement_penalties.csv,67d11393f1ae62361838d60f4aeba6a374e9854a6ea36d10606df46bd45989a9,results/music_external_review/20260917T133518483857Z/review.json,f8bbd3cd9256b33aeb731d98a280a49da00f052fd0d181dcf29d6cb4bc00143d,percentage points,MAE(ratio10) - MAE(balanced),60,3,10.076363636363636,b
original_grouping,IGTB498,2,IGTB195,music_weighted,120,ratio10,-0.0843763373528296,-0.2297163206574111,0.3098681331477043,0.7029613445556582,-1.26157349587167,0.2171769415556831,0.0451646196065861,-0.5198555671109348,2318,results/music_external_review/20260917T133518483857Z/reference_arrangement_penalties.csv,67d11393f1ae62361838d60f4aeba6a374e9854a6ea36d10606df46bd45989a9,results/music_external_review/20260917T133518483857Z/review.json,f8bbd3cd9256b33aeb731d98a280a49da00f052fd0d181dcf29d6cb4bc00143d,percentage points,MAE(ratio10) - MAE(balanced),60,3,10.127272727272727,b
original_grouping,IGTB498,3,HC-014,music_weighted,120,ratio10,0.6179703198982507,0.8441691203188325,1.0498202943085937,0.2968981457749915,0.9035028445251136,1.3786847828953852,0.149222010432663,-0.070306158547251,2336,results/music_external_review/20260917T133518483857Z/reference_arrangement_penalties.csv,67d11393f1ae62361838d60f4aeba6a374e9854a6ea36d10606df46bd45989a9,results/music_external_review/20260917T133518483857Z/review.json,f8bbd3cd9256b33aeb731d98a280a49da00f052fd0d181dcf29d6cb4bc00143d,percentage points,MAE(ratio10) - MAE(balanced),60,3,10.178181818181818,b
original_grouping,IGTB498,3,IGTB1921,music_weighted,120,ratio10,0.5865808376033438,0.7024921854818776,1.344158772637245,0.0390390255897946,0.3886934678417744,1.4535436667323327,0.5183996239662106,-0.2243495311473042,2354,results/music_external_review/20260917T133518483857Z/reference_arrangement_penalties.csv,67d11393f1ae62361838d60f4aeba6a374e9854a6ea36d10606df46bd45989a9,results/music_external_review/20260917T133518483857Z/review.json,f8bbd3cd9256b33aeb731d98a280a49da00f052fd0d181dcf29d6cb4bc00143d,percentage points,MAE(ratio10) - MAE(balanced),60,3,10.229090909090909,b
original_grouping,IGTB498,3,IGTB826,music_weighted,120,ratio10,0.6008024002446919,0.846001211006261,1.1294303311410252,0.0281623730951177,0.6957514442221572,1.5600763636109678,0.3327658766503059,-0.1413719872514211,2372,results/music_external_review/20260917T133518483857Z/reference_arrangement_penalties.csv,67d11393f1ae62361838d60f4aeba6a374e9854a6ea36d10606df46bd45989a9,results/music_external_review/20260917T133518483857Z/review.json,f8bbd3cd9256b33aeb731d98a280a49da00f052fd0d181dcf29d6cb4bc00143d,percentage points,MAE(ratio10) - MAE(balanced),60,3,10.28,b
original_grouping,IGTB508,0,IGTB1650,music_weighted,120,ratio10,0.308003394776207,0.3603816520468355,0.1923765367575692,0.4296196882029639,0.0294625858035197,0.4781790957549831,0.5441430206984414,0.1742394414397723,2390,results/music_external_review/20260917T133518483857Z/reference_arrangement_penalties.csv,67d11393f1ae62361838d60f4aeba6a374e9854a6ea36d10606df46bd45989a9,results/music_external_review/20260917T133518483857Z/review.json,f8bbd3cd9256b33aeb731d98a280a49da00f052fd0d181dcf29d6cb4bc00143d,percentage points,MAE(ratio10) - MAE(balanced),60,3,10.72,b
original_grouping,IGTB508,0,IGTB1913,music_weighted,120,ratio10,0.5806703530020283,0.6538667042684335,0.4683070550872991,0.5176178931951986,0.5643863825638796,0.7644932703556933,0.7167606373203269,0.4524568794897874,2408,results/music_external_review/20260917T133518483857Z/reference_arrangement_penalties.csv,67d11393f1ae62361838d60f4aeba6a374e9854a6ea36d10606df46bd45989a9,results/music_external_review/20260917T133518483857Z/review.json,f8bbd3cd9256b33aeb731d98a280a49da00f052fd0d181dcf29d6cb4bc00143d,percentage points,MAE(ratio10) - MAE(balanced),60,3,10.770909090909091,b
original_grouping,IGTB508,0,IGTB195,music_weighted,120,ratio10,0.4219137359660524,0.5094339265869193,0.5396920036305249,0.2213753811495241,0.523979600463384,0.6376081749616093,0.0035058590627907,0.6053213965284925,2426,results/music_external_review/20260917T133518483857Z/reference_arrangement_penalties.csv,67d11393f1ae62361838d60f4aeba6a374e9854a6ea36d10606df46bd45989a9,results/music_external_review/20260917T133518483857Z/review.json,f8bbd3cd9256b33aeb731d98a280a49da00f052fd0d181dcf29d6cb4bc00143d,percentage points,MAE(ratio10) - MAE(balanced),60,3,10.821818181818182,b
original_grouping,IGTB508,1,HC-014,music_weighted,120,ratio10,0.3628821855535069,0.4952111838967148,-0.2803437028576077,0.6137811305314226,0.723783666952266,0.858827933980265,-0.3740870151649041,0.6353310998795901,2444,results/music_external_review/20260917T133518483857Z/reference_arrangement_penalties.csv,67d11393f1ae62361838d60f4aeba6a374e9854a6ea36d10606df46bd45989a9,results/music_external_review/20260917T133518483857Z/review.json,f8bbd3cd9256b33aeb731d98a280a49da00f052fd0d181dcf29d6cb4bc00143d,percentage points,MAE(ratio10) - MAE(balanced),60,3,10.872727272727273,b
original_grouping,IGTB508,1,HC-572,music_weighted,120,ratio10,0.4785721723885814,0.5979995813890668,-0.8973556588110522,0.8258539416905187,1.3053503003467934,0.4430292721902175,0.0659189612585771,1.1286362176564322,2462,results/music_external_review/20260917T133518483857Z/reference_arrangement_penalties.csv,67d11393f1ae62361838d60f4aeba6a374e9854a6ea36d10606df46bd45989a9,results/music_external_review/20260917T133518483857Z/review.json,f8bbd3cd9256b33aeb731d98a280a49da00f052fd0d181dcf29d6cb4bc00143d,percentage points,MAE(ratio10) - MAE(balanced),60,3,10.923636363636364,b
original_grouping,IGTB508,1,IGTB1921,music_weighted,120,ratio10,0.9095706440621129,1.0474819067578849,0.3187698458289374,1.0927880580516471,1.1208390438379874,1.1783428893090373,0.8817509427014614,0.8649330846436091,2480,results/music_external_review/20260917T133518483857Z/reference_arrangement_penalties.csv,67d11393f1ae62361838d60f4aeba6a374e9854a6ea36d10606df46bd45989a9,results/music_external_review/20260917T133518483857Z/review.json,f8bbd3cd9256b33aeb731d98a280a49da00f052fd0d181dcf29d6cb4bc00143d,percentage points,MAE(ratio10) - MAE(balanced),60,3,10.974545454545455,b
original_grouping,IGTB508,2,IGTB1966,music_weighted,120,ratio10,0.4473508106136178,0.5606404488462075,1.0251620206611187,0.3836919053345627,0.4635603113511605,1.1434682650794925,-0.8340472676208566,0.5022696288762256,2498,results/music_external_review/20260917T133518483857Z/reference_arrangement_penalties.csv,67d11393f1ae62361838d60f4aeba6a374e9854a6ea36d10606df46bd45989a9,results/music_external_review/20260917T133518483857Z/review.json,f8bbd3cd9256b33aeb731d98a280a49da00f052fd0d181dcf29d6cb4bc00143d,percentage points,MAE(ratio10) - MAE(balanced),60,3,11.025454545454545,b
original_grouping,IGTB508,2,IGTB498,music_weighted,120,ratio10,0.3639218877352091,0.3734141006695759,0.5682755050865066,0.8308702038844094,0.1497216413235656,1.3250504840165538,-0.7178187994514611,0.0274322915516723,2516,results/music_external_review/20260917T133518483857Z/reference_arrangement_penalties.csv,67d11393f1ae62361838d60f4aeba6a374e9854a6ea36d10606df46bd45989a9,results/music_external_review/20260917T133518483857Z/review.json,f8bbd3cd9256b33aeb731d98a280a49da00f052fd0d181dcf29d6cb4bc00143d,percentage points,MAE(ratio10) - MAE(balanced),60,3,11.076363636363636,b
original_grouping,IGTB508,2,IGTB826,music_weighted,120,ratio10,0.4390985023567717,0.6388232141727596,0.443459831771574,0.4812407432647166,1.2184545226504475,1.7633238606096155,-1.1884227415519062,-0.0834652026038098,2534,results/music_external_review/20260917T133518483857Z/reference_arrangement_penalties.csv,67d11393f1ae62361838d60f4aeba6a374e9854a6ea36d10606df46bd45989a9,results/music_external_review/20260917T133518483857Z/review.json,f8bbd3cd9256b33aeb731d98a280a49da00f052fd0d181dcf29d6cb4bc00143d,percentage points,MAE(ratio10) - MAE(balanced),60,3,11.127272727272727,b
original_grouping,IGTB508,3,HC-502,music_weighted,120,ratio10,0.0728348132512266,0.1161264036384195,0.9579049211478704,-0.0945953943679021,-0.4827856081175213,-0.2594172849910159,-0.663247939293668,0.9791501851295928,2552,results/music_external_review/20260917T133518483857Z/reference_arrangement_penalties.csv,67d11393f1ae62361838d60f4aeba6a374e9854a6ea36d10606df46bd45989a9,results/music_external_review/20260917T133518483857Z/review.json,f8bbd3cd9256b33aeb731d98a280a49da00f052fd0d181dcf29d6cb4bc00143d,percentage points,MAE(ratio10) - MAE(balanced),60,3,11.178181818181818,b
original_grouping,IGTB508,3,IGTB256,music_weighted,120,ratio10,0.4672822926548339,0.7337749207287576,1.1706166631016448,-0.227584265473333,1.3653605145954852,0.167193408275477,-0.6055093539693992,0.933616789399131,2570,results/music_external_review/20260917T133518483857Z/reference_arrangement_penalties.csv,67d11393f1ae62361838d60f4aeba6a374e9854a6ea36d10606df46bd45989a9,results/music_external_review/20260917T133518483857Z/review.json,f8bbd3cd9256b33aeb731d98a280a49da00f052fd0d181dcf29d6cb4bc00143d,percentage points,MAE(ratio10) - MAE(balanced),60,3,11.229090909090909,b
original_grouping,IGTB508,3,IGTB514,music_weighted,120,ratio10,0.0200931656210959,-0.0339178484963104,1.105705490818271,0.079375048821045,-1.0204517633107324,-0.4577495795130945,-0.3588205082383585,0.7725003051494509,2588,results/music_external_review/20260917T133518483857Z/reference_arrangement_penalties.csv,67d11393f1ae62361838d60f4aeba6a374e9854a6ea36d10606df46bd45989a9,results/music_external_review/20260917T133518483857Z/review.json,f8bbd3cd9256b33aeb731d98a280a49da00f052fd0d181dcf29d6cb4bc00143d,percentage points,MAE(ratio10) - MAE(balanced),60,3,11.28,b
original_grouping,IGTB514,0,IGTB1506,music_weighted,120,ratio10,0.6707316541203532,0.8655717139582816,0.7719049429928052,0.2043595113863933,0.913530248746222,1.3842135443057286,0.4454184090487827,0.3049632682421845,2606,results/music_external_review/20260917T133518483857Z/reference_arrangement_penalties.csv,67d11393f1ae62361838d60f4aeba6a374e9854a6ea36d10606df46bd45989a9,results/music_external_review/20260917T133518483857Z/review.json,f8bbd3cd9256b33aeb731d98a280a49da00f052fd0d181dcf29d6cb4bc00143d,percentage points,MAE(ratio10) - MAE(balanced),60,3,11.72,b
original_grouping,IGTB514,0,IGTB1650,music_weighted,120,ratio10,0.8315875629869879,0.9948022322429592,1.15194253740692,0.446149725536194,1.1282021104624476,1.2453460441182165,0.5812876471887782,0.4365973132093774,2624,results/music_external_review/20260917T133518483857Z/reference_arrangement_penalties.csv,67d11393f1ae62361838d60f4aeba6a374e9854a6ea36d10606df46bd45989a9,results/music_external_review/20260917T133518483857Z/review.json,f8bbd3cd9256b33aeb731d98a280a49da00f052fd0d181dcf29d6cb4bc00143d,percentage points,MAE(ratio10) - MAE(balanced),60,3,11.770909090909091,b
original_grouping,IGTB514,0,IGTB508,music_weighted,120,ratio10,0.7419218649188326,0.9241058663752852,1.0472366302140437,0.2522415990981962,0.7930412357417774,1.102689232680401,0.7564429387423381,0.4998795530362386,2642,results/music_external_review/20260917T133518483857Z/reference_arrangement_penalties.csv,67d11393f1ae62361838d60f4aeba6a374e9854a6ea36d10606df46bd45989a9,results/music_external_review/20260917T133518483857Z/review.json,f8bbd3cd9256b33aeb731d98a280a49da00f052fd0d181dcf29d6cb4bc00143d,percentage points,MAE(ratio10) - MAE(balanced),60,3,11.821818181818182,b
original_grouping,IGTB514,1,HC-572,music_weighted,120,ratio10,0.5896441294047,0.978372739643905,0.593649988555949,-0.254606858355332,1.7587873161695633,1.8862325723042912,-0.3249057175815861,-0.1212925246646963,2660,results/music_external_review/20260917T133518483857Z/reference_arrangement_penalties.csv,67d11393f1ae62361838d60f4aeba6a374e9854a6ea36d10606df46bd45989a9,results/music_external_review/20260917T133518483857Z/review.json,f8bbd3cd9256b33aeb731d98a280a49da00f052fd0d181dcf29d6cb4bc00143d,percentage points,MAE(ratio10) - MAE(balanced),60,3,11.872727272727273,b
original_grouping,IGTB514,1,IGTB1913,music_weighted,120,ratio10,0.6793461116859119,1.1283092508910562,1.303964552555222,-0.349948762762254,1.560698357588918,2.303653640394967,-0.7242982485212275,-0.0179928691401577,2678,results/music_external_review/20260917T133518483857Z/reference_arrangement_penalties.csv,67d11393f1ae62361838d60f4aeba6a374e9854a6ea36d10606df46bd45989a9,results/music_external_review/20260917T133518483857Z/review.json,f8bbd3cd9256b33aeb731d98a280a49da00f052fd0d181dcf29d6cb4bc00143d,percentage points,MAE(ratio10) - MAE(balanced),60,3,11.923636363636364,b
original_grouping,IGTB514,1,IGTB195,music_weighted,120,ratio10,0.4433375716666763,0.7955593102589,0.1460874585542221,-0.0253981069161907,1.400775835562617,2.038544936922267,-0.3034048827194701,-0.5965798114033967,2696,results/music_external_review/20260917T133518483857Z/reference_arrangement_penalties.csv,67d11393f1ae62361838d60f4aeba6a374e9854a6ea36d10606df46bd45989a9,results/music_external_review/20260917T133518483857Z/review.json,f8bbd3cd9256b33aeb731d98a280a49da00f052fd0d181dcf29d6cb4bc00143d,percentage points,MAE(ratio10) - MAE(balanced),60,3,11.974545454545455,b
original_grouping,IGTB514,2,HC-014,music_weighted,120,ratio10,0.6259313791599406,0.9005855719400034,0.166999598152203,0.5411545066039103,1.6028510425351152,1.6456488139477443,-0.076752599058305,-0.1243130872210213,2714,results/music_external_review/20260917T133518483857Z/reference_arrangement_penalties.csv,67d11393f1ae62361838d60f4aeba6a374e9854a6ea36d10606df46bd45989a9,results/music_external_review/20260917T133518483857Z/review.json,f8bbd3cd9256b33aeb731d98a280a49da00f052fd0d181dcf29d6cb4bc00143d,percentage points,MAE(ratio10) - MAE(balanced),60,3,12.025454545454545,b
original_grouping,IGTB514,2,IGTB1921,music_weighted,120,ratio10,0.8634991603563384,1.122671162891682,0.5408813947057083,0.6407025971790795,1.7858268548444023,1.839050598787738,0.5591263605995246,-0.1845928439784154,2732,results/music_external_review/20260917T133518483857Z/reference_arrangement_penalties.csv,67d11393f1ae62361838d60f4aeba6a374e9854a6ea36d10606df46bd45989a9,results/music_external_review/20260917T133518483857Z/review.json,f8bbd3cd9256b33aeb731d98a280a49da00f052fd0d181dcf29d6cb4bc00143d,percentage points,MAE(ratio10) - MAE(balanced),60,3,12.076363636363636,b
original_grouping,IGTB514,2,IGTB826,music_weighted,120,ratio10,0.6079326797601958,0.8385950199294835,-0.0447857379609777,0.4193201851094347,1.315691973461769,1.4710931909858551,0.2280013846342122,0.2582750823308795,2750,results/music_external_review/20260917T133518483857Z/reference_arrangement_penalties.csv,67d11393f1ae62361838d60f4aeba6a374e9854a6ea36d10606df46bd45989a9,results/music_external_review/20260917T133518483857Z/review.json,f8bbd3cd9256b33aeb731d98a280a49da00f052fd0d181dcf29d6cb4bc00143d,percentage points,MAE(ratio10) - MAE(balanced),60,3,12.127272727272727,b
original_grouping,IGTB514,3,HC-502,music_weighted,120,ratio10,0.6549072858017018,0.8288812444387647,0.9661438820389544,1.071254650509034,0.3648712136962962,1.4105569174998436,-0.4518146437885256,0.568431694854616,2768,results/music_external_review/20260917T133518483857Z/reference_arrangement_penalties.csv,67d11393f1ae62361838d60f4aeba6a374e9854a6ea36d10606df46bd45989a9,results/music_external_review/20260917T133518483857Z/review.json,f8bbd3cd9256b33aeb731d98a280a49da00f052fd0d181dcf29d6cb4bc00143d,percentage points,MAE(ratio10) - MAE(balanced),60,3,12.178181818181818,b
original_grouping,IGTB514,3,IGTB1966,music_weighted,120,ratio10,0.6272705024652663,0.829576311848887,0.7610550058736836,0.7928724108509598,0.4222803527088886,1.3303398381917058,-0.4447697177961591,0.9018451249625306,2786,results/music_external_review/20260917T133518483857Z/reference_arrangement_penalties.csv,67d11393f1ae62361838d60f4aeba6a374e9854a6ea36d10606df46bd45989a9,results/music_external_review/20260917T133518483857Z/review.json,f8bbd3cd9256b33aeb731d98a280a49da00f052fd0d181dcf29d6cb4bc00143d,percentage points,MAE(ratio10) - MAE(balanced),60,3,12.229090909090909,b
original_grouping,IGTB514,3,IGTB498,music_weighted,120,ratio10,0.5492255682445283,0.7201342547994303,0.5761453688309628,0.69991538996735,0.4212022705295386,0.9180646733022524,-0.1493668237726634,0.8293925306097214,2804,results/music_external_review/20260917T133518483857Z/reference_arrangement_penalties.csv,67d11393f1ae62361838d60f4aeba6a374e9854a6ea36d10606df46bd45989a9,results/music_external_review/20260917T133518483857Z/review.json,f8bbd3cd9256b33aeb731d98a280a49da00f052fd0d181dcf29d6cb4bc00143d,percentage points,MAE(ratio10) - MAE(balanced),60,3,12.28,b
original_grouping,IGTB826,0,HC-502,music_weighted,120,ratio10,-0.6200058249497661,-0.7266282568196096,0.5008594149526,0.472704613449114,-2.303642533939067,-1.0984054240190368,-0.7013302439495918,-0.590220776192603,2822,results/music_external_review/20260917T133518483857Z/reference_arrangement_penalties.csv,67d11393f1ae62361838d60f4aeba6a374e9854a6ea36d10606df46bd45989a9,results/music_external_review/20260917T133518483857Z/review.json,f8bbd3cd9256b33aeb731d98a280a49da00f052fd0d181dcf29d6cb4bc00143d,percentage points,MAE(ratio10) - MAE(balanced),60,3,12.72,b
original_grouping,IGTB826,0,IGTB1966,music_weighted,120,ratio10,-0.6005108551590598,-0.6767815060507392,0.096928340291021,0.4188766495660244,-1.8182873975711704,-1.3323119849770446,-0.4853729836534042,-0.4828977546097713,2840,results/music_external_review/20260917T133518483857Z/reference_arrangement_penalties.csv,67d11393f1ae62361838d60f4aeba6a374e9854a6ea36d10606df46bd45989a9,results/music_external_review/20260917T133518483857Z/review.json,f8bbd3cd9256b33aeb731d98a280a49da00f052fd0d181dcf29d6cb4bc00143d,percentage points,MAE(ratio10) - MAE(balanced),60,3,12.770909090909091,b
original_grouping,IGTB826,0,IGTB498,music_weighted,120,ratio10,-0.4742306088271565,-0.5241749342406852,-0.011345361379435,0.3456409371462295,-1.237380592904046,-1.0242138480965457,-0.3335952790704958,-0.5844895086586417,2858,results/music_external_review/20260917T133518483857Z/reference_arrangement_penalties.csv,67d11393f1ae62361838d60f4aeba6a374e9854a6ea36d10606df46bd45989a9,results/music_external_review/20260917T133518483857Z/review.json,f8bbd3cd9256b33aeb731d98a280a49da00f052fd0d181dcf29d6cb4bc00143d,percentage points,MAE(ratio10) - MAE(balanced),60,3,12.821818181818182,b
original_grouping,IGTB826,1,IGTB1506,music_weighted,120,ratio10,0.8444805314102545,1.2617115948133348,0.9267897779884838,0.0307593769860836,1.6433654447344972,1.8866101104684063,0.1794014358283769,0.3999570424556878,2876,results/music_external_review/20260917T133518483857Z/reference_arrangement_penalties.csv,67d11393f1ae62361838d60f4aeba6a374e9854a6ea36d10606df46bd45989a9,results/music_external_review/20260917T133518483857Z/review.json,f8bbd3cd9256b33aeb731d98a280a49da00f052fd0d181dcf29d6cb4bc00143d,percentage points,MAE(ratio10) - MAE(balanced),60,3,12.872727272727273,b
original_grouping,IGTB826,1,IGTB256,music_weighted,120,ratio10,0.7495568342750496,1.199256491216587,0.2127857165637488,-0.0730134504176802,1.887257158376544,1.932753981107128,0.2983973741911853,0.2391602258293683,2894,results/music_external_review/20260917T133518483857Z/reference_arrangement_penalties.csv,67d11393f1ae62361838d60f4aeba6a374e9854a6ea36d10606df46bd45989a9,results/music_external_review/20260917T133518483857Z/review.json,f8bbd3cd9256b33aeb731d98a280a49da00f052fd0d181dcf29d6cb4bc00143d,percentage points,MAE(ratio10) - MAE(balanced),60,3,12.923636363636364,b
original_grouping,IGTB826,1,IGTB514,music_weighted,120,ratio10,0.4784171842954302,0.7088096175408428,0.1496345544596038,0.3158068259830229,0.6470293044526986,1.3022582134881997,0.2579698766069053,0.1978043307821538,2912,results/music_external_review/20260917T133518483857Z/reference_arrangement_penalties.csv,67d11393f1ae62361838d60f4aeba6a374e9854a6ea36d10606df46bd45989a9,results/music_external_review/20260917T133518483857Z/review.json,f8bbd3cd9256b33aeb731d98a280a49da00f052fd0d181dcf29d6cb4bc00143d,percentage points,MAE(ratio10) - MAE(balanced),60,3,12.974545454545455,b
original_grouping,IGTB826,2,IGTB1650,music_weighted,120,ratio10,-0.4012832270000428,-0.5457120154500715,-0.2878634079619708,0.3560215895132497,-1.7898277890273642,-0.3673366033910942,-0.1611903227884471,-0.1575028283446357,2930,results/music_external_review/20260917T133518483857Z/reference_arrangement_penalties.csv,67d11393f1ae62361838d60f4aeba6a374e9854a6ea36d10606df46bd45989a9,results/music_external_review/20260917T133518483857Z/review.json,f8bbd3cd9256b33aeb731d98a280a49da00f052fd0d181dcf29d6cb4bc00143d,percentage points,MAE(ratio10) - MAE(balanced),60,3,13.025454545454545,b
original_grouping,IGTB826,2,IGTB195,music_weighted,120,ratio10,-0.0734458178461164,-0.2398332902076503,0.399614910372455,0.2557814601936931,-1.468426175637928,-0.0840598778089739,-0.110512295401,0.5669270712050549,2948,results/music_external_review/20260917T133518483857Z/reference_arrangement_penalties.csv,67d11393f1ae62361838d60f4aeba6a374e9854a6ea36d10606df46bd45989a9,results/music_external_review/20260917T133518483857Z/review.json,f8bbd3cd9256b33aeb731d98a280a49da00f052fd0d181dcf29d6cb4bc00143d,percentage points,MAE(ratio10) - MAE(balanced),60,3,13.076363636363636,b
original_grouping,IGTB826,2,IGTB508,music_weighted,120,ratio10,-0.1606169114176125,-0.1897277969713172,-0.4867637568756754,0.3542936134494647,-0.8674181897820463,0.121064095108867,-0.057078814926429,-0.0277984154798574,2966,results/music_external_review/20260917T133518483857Z/reference_arrangement_penalties.csv,67d11393f1ae62361838d60f4aeba6a374e9854a6ea36d10606df46bd45989a9,results/music_external_review/20260917T133518483857Z/review.json,f8bbd3cd9256b33aeb731d98a280a49da00f052fd0d181dcf29d6cb4bc00143d,percentage points,MAE(ratio10) - MAE(balanced),60,3,13.127272727272727,b
original_grouping,IGTB826,3,HC-014,music_weighted,120,ratio10,-0.2607983635830289,-0.5289790784439723,0.0899813628715301,0.8028627177066218,-1.5683071091626637,-1.5872819064218602,0.3705501373078719,0.3274046162003233,2984,results/music_external_review/20260917T133518483857Z/reference_arrangement_penalties.csv,67d11393f1ae62361838d60f4aeba6a374e9854a6ea36d10606df46bd45989a9,results/music_external_review/20260917T133518483857Z/review.json,f8bbd3cd9256b33aeb731d98a280a49da00f052fd0d181dcf29d6cb4bc00143d,percentage points,MAE(ratio10) - MAE(balanced),60,3,13.178181818181818,b
original_grouping,IGTB826,3,HC-572,music_weighted,120,ratio10,0.0539767873583372,-0.295629199688548,0.4210148924353112,1.1988460482083925,-1.6367435213420405,-1.764665886437524,0.798214232306865,1.3071949589790175,3002,results/music_external_review/20260917T133518483857Z/reference_arrangement_penalties.csv,67d11393f1ae62361838d60f4aeba6a374e9854a6ea36d10606df46bd45989a9,results/music_external_review/20260917T133518483857Z/review.json,f8bbd3cd9256b33aeb731d98a280a49da00f052fd0d181dcf29d6cb4bc00143d,percentage points,MAE(ratio10) - MAE(balanced),60,3,13.229090909090909,b
original_grouping,IGTB826,3,IGTB1913,music_weighted,120,ratio10,-0.1065945337800085,-0.3341233404423945,0.0025048935484467,0.7651287786246537,-1.164209625595188,-1.6471427061954298,0.585621093286819,0.8185303636506502,3020,results/music_external_review/20260917T133518483857Z/reference_arrangement_penalties.csv,67d11393f1ae62361838d60f4aeba6a374e9854a6ea36d10606df46bd45989a9,results/music_external_review/20260917T133518483857Z/review.json,f8bbd3cd9256b33aeb731d98a280a49da00f052fd0d181dcf29d6cb4bc00143d,percentage points,MAE(ratio10) - MAE(balanced),60,3,13.28,b
original_grouping,HC-014,0,IGTB1921,music_weighted,300,ratio10,-0.2784494400964533,-0.3493067674604213,-0.2394228027166994,-0.2883613460120008,-1.1615992830719863,0.6339624646299264,0.0512347508345133,-0.6665104242424841,17,results/music_external_review/20260917T133518483857Z/reference_arrangement_penalties.csv,67d11393f1ae62361838d60f4aeba6a374e9854a6ea36d10606df46bd45989a9,results/music_external_review/20260917T133518483857Z/review.json,f8bbd3cd9256b33aeb731d98a280a49da00f052fd0d181dcf29d6cb4bc00143d,percentage points,MAE(ratio10) - MAE(balanced),60,3,-0.28,c
original_grouping,HC-014,0,IGTB1966,music_weighted,300,ratio10,0.0222502624346131,-0.0147933110133954,-0.0924427515776803,-0.2844821122682185,-0.1982747951458205,1.025213727348933,0.2810968409859419,-0.5976093347354902,35,results/music_external_review/20260917T133518483857Z/reference_arrangement_penalties.csv,67d11393f1ae62361838d60f4aeba6a374e9854a6ea36d10606df46bd45989a9,results/music_external_review/20260917T133518483857Z/review.json,f8bbd3cd9256b33aeb731d98a280a49da00f052fd0d181dcf29d6cb4bc00143d,percentage points,MAE(ratio10) - MAE(balanced),60,3,-0.22909090909090912,c
original_grouping,HC-014,0,IGTB826,music_weighted,300,ratio10,-0.378317760505499,-0.4075403451081119,-0.2205749561943484,-0.3443938446093519,-2.4498426231387898,0.4761898846841708,0.6221987945174517,-0.3534838182921552,53,results/music_external_review/20260917T133518483857Z/reference_arrangement_penalties.csv,67d11393f1ae62361838d60f4aeba6a374e9854a6ea36d10606df46bd45989a9,results/music_external_review/20260917T133518483857Z/review.json,f8bbd3cd9256b33aeb731d98a280a49da00f052fd0d181dcf29d6cb4bc00143d,percentage points,MAE(ratio10) - MAE(balanced),60,3,-0.17818181818181822,c
original_grouping,HC-014,1,HC-502,music_weighted,300,ratio10,0.0165885814620773,0.170317082908378,-0.4781207234039353,-0.2789003380859887,2.676240335118841,-0.2643476628149134,-0.491595433188891,-1.0637446888526507,71,results/music_external_review/20260917T133518483857Z/reference_arrangement_penalties.csv,67d11393f1ae62361838d60f4aeba6a374e9854a6ea36d10606df46bd45989a9,results/music_external_review/20260917T133518483857Z/review.json,f8bbd3cd9256b33aeb731d98a280a49da00f052fd0d181dcf29d6cb4bc00143d,percentage points,MAE(ratio10) - MAE(balanced),60,3,-0.1272727272727273,c
original_grouping,HC-014,1,IGTB256,music_weighted,300,ratio10,-0.3069904307592116,-0.2320035625776173,-0.4026893864214571,-0.5480366171709493,0.4631294798098471,0.3167892810870391,-0.4158142829422883,-1.2553210589174584,89,results/music_external_review/20260917T133518483857Z/reference_arrangement_penalties.csv,67d11393f1ae62361838d60f4aeba6a374e9854a6ea36d10606df46bd45989a9,results/music_external_review/20260917T133518483857Z/review.json,f8bbd3cd9256b33aeb731d98a280a49da00f052fd0d181dcf29d6cb4bc00143d,percentage points,MAE(ratio10) - MAE(balanced),60,3,-0.07636363636363638,c
original_grouping,HC-014,1,IGTB498,music_weighted,300,ratio10,-0.2460696157821049,-0.2038855080191075,-0.7395506281009208,-0.1441138983770886,0.458600434852459,0.3645766497458714,0.3393173522784719,-1.7552476050914152,107,results/music_external_review/20260917T133518483857Z/reference_arrangement_penalties.csv,67d11393f1ae62361838d60f4aeba6a374e9854a6ea36d10606df46bd45989a9,results/music_external_review/20260917T133518483857Z/review.json,f8bbd3cd9256b33aeb731d98a280a49da00f052fd0d181dcf29d6cb4bc00143d,percentage points,MAE(ratio10) - MAE(balanced),60,3,-0.025454545454545452,c
original_grouping,HC-014,2,IGTB1506,music_weighted,300,ratio10,-0.2405373442932063,-0.2177348092619739,-0.4509966174077617,-0.0970201559899087,-0.5161017510088969,-0.285599920944634,0.3081764855353587,-0.4016821059433744,125,results/music_external_review/20260917T133518483857Z/reference_arrangement_penalties.csv,67d11393f1ae62361838d60f4aeba6a374e9854a6ea36d10606df46bd45989a9,results/music_external_review/20260917T133518483857Z/review.json,f8bbd3cd9256b33aeb731d98a280a49da00f052fd0d181dcf29d6cb4bc00143d,percentage points,MAE(ratio10) - MAE(balanced),60,3,0.025454545454545452,c
original_grouping,HC-014,2,IGTB508,music_weighted,300,ratio10,-0.2145091195565211,-0.1194470116813562,0.2966339938144259,-0.4080408974973166,-0.1117639771493234,0.2076596228410045,-0.2716367841308855,-0.9999066752170256,143,results/music_external_review/20260917T133518483857Z/reference_arrangement_penalties.csv,67d11393f1ae62361838d60f4aeba6a374e9854a6ea36d10606df46bd45989a9,results/music_external_review/20260917T133518483857Z/review.json,f8bbd3cd9256b33aeb731d98a280a49da00f052fd0d181dcf29d6cb4bc00143d,percentage points,MAE(ratio10) - MAE(balanced),60,3,0.07636363636363636,c
original_grouping,HC-014,2,IGTB514,music_weighted,300,ratio10,-0.4889875523337099,-0.5704649161762048,0.5713035625275674,-0.4084052947375809,-2.352608665433556,-0.6074770847006179,-0.000450711938427,-0.1362871197196438,161,results/music_external_review/20260917T133518483857Z/reference_arrangement_penalties.csv,67d11393f1ae62361838d60f4aeba6a374e9854a6ea36d10606df46bd45989a9,results/music_external_review/20260917T133518483857Z/review.json,f8bbd3cd9256b33aeb731d98a280a49da00f052fd0d181dcf29d6cb4bc00143d,percentage points,MAE(ratio10) - MAE(balanced),60,3,0.12727272727272726,c
original_grouping,HC-014,3,IGTB1650,music_weighted,300,ratio10,-0.1863263732854898,-0.2721517798443163,-0.2230783164080613,-0.0835138340119634,0.8839264314226302,-0.425741389456916,-0.1278636251032472,-1.1416875061553773,179,results/music_external_review/20260917T133518483857Z/reference_arrangement_penalties.csv,67d11393f1ae62361838d60f4aeba6a374e9854a6ea36d10606df46bd45989a9,results/music_external_review/20260917T133518483857Z/review.json,f8bbd3cd9256b33aeb731d98a280a49da00f052fd0d181dcf29d6cb4bc00143d,percentage points,MAE(ratio10) - MAE(balanced),60,3,0.17818181818181816,c
original_grouping,HC-014,3,IGTB1913,music_weighted,300,ratio10,-0.1875950902827715,-0.1323197592809228,-0.17658631669246,-0.2439487770834656,-1.3016745900199416,0.1420313002677934,0.1155719286013978,0.3390359132300357,197,results/music_external_review/20260917T133518483857Z/reference_arrangement_penalties.csv,67d11393f1ae62361838d60f4aeba6a374e9854a6ea36d10606df46bd45989a9,results/music_external_review/20260917T133518483857Z/review.json,f8bbd3cd9256b33aeb731d98a280a49da00f052fd0d181dcf29d6cb4bc00143d,percentage points,MAE(ratio10) - MAE(balanced),60,3,0.22909090909090912,c
original_grouping,HC-014,3,IGTB195,music_weighted,300,ratio10,-0.1030841364286106,-0.1046878887637005,-0.1122973074806641,-0.2705595793975349,0.4720403173443022,0.0102487405919298,-0.3028248569809675,-0.4151121326487472,215,results/music_external_review/20260917T133518483857Z/reference_arrangement_penalties.csv,67d11393f1ae62361838d60f4aeba6a374e9854a6ea36d10606df46bd45989a9,results/music_external_review/20260917T133518483857Z/review.json,f8bbd3cd9256b33aeb731d98a280a49da00f052fd0d181dcf29d6cb4bc00143d,percentage points,MAE(ratio10) - MAE(balanced),60,3,0.28,c
original_grouping,HC-502,0,IGTB1506,music_weighted,300,ratio10,-0.1760731059972663,-0.3342388529685613,0.3653766230245157,0.1056512881536477,-1.6557120604461495,0.2867500820313937,-0.0639267737069788,-0.0945777950400203,233,results/music_external_review/20260917T133518483857Z/reference_arrangement_penalties.csv,67d11393f1ae62361838d60f4aeba6a374e9854a6ea36d10606df46bd45989a9,results/music_external_review/20260917T133518483857Z/review.json,f8bbd3cd9256b33aeb731d98a280a49da00f052fd0d181dcf29d6cb4bc00143d,percentage points,MAE(ratio10) - MAE(balanced),60,3,0.72,c
original_grouping,HC-502,0,IGTB256,music_weighted,300,ratio10,0.1222545415973523,0.0920337529887868,0.8352490191819243,0.0352152519697039,-0.6903944261126065,0.8761161900161628,-0.0440125493599566,-0.2786462361111074,251,results/music_external_review/20260917T133518483857Z/reference_arrangement_penalties.csv,67d11393f1ae62361838d60f4aeba6a374e9854a6ea36d10606df46bd45989a9,results/music_external_review/20260917T133518483857Z/review.json,f8bbd3cd9256b33aeb731d98a280a49da00f052fd0d181dcf29d6cb4bc00143d,percentage points,MAE(ratio10) - MAE(balanced),60,3,0.7709090909090909,c
original_grouping,HC-502,0,IGTB514,music_weighted,300,ratio10,-0.2506457037042897,-0.4701785376988554,0.5314273078109352,0.0582848933767294,-2.734983998789021,0.4041302928663616,0.0560300909005458,0.1812371916087118,269,results/music_external_review/20260917T133518483857Z/reference_arrangement_penalties.csv,67d11393f1ae62361838d60f4aeba6a374e9854a6ea36d10606df46bd45989a9,results/music_external_review/20260917T133518483857Z/review.json,f8bbd3cd9256b33aeb731d98a280a49da00f052fd0d181dcf29d6cb4bc00143d,percentage points,MAE(ratio10) - MAE(balanced),60,3,0.8218181818181818,c
original_grouping,HC-502,1,IGTB1650,music_weighted,300,ratio10,0.1344120337836592,0.2068527554213373,0.1770753625178414,0.0884891435958513,-0.0894835291902748,0.8209169251262698,-0.4047494781421611,0.2142237787944313,287,results/music_external_review/20260917T133518483857Z/reference_arrangement_penalties.csv,67d11393f1ae62361838d60f4aeba6a374e9854a6ea36d10606df46bd45989a9,results/music_external_review/20260917T133518483857Z/review.json,f8bbd3cd9256b33aeb731d98a280a49da00f052fd0d181dcf29d6cb4bc00143d,percentage points,MAE(ratio10) - MAE(balanced),60,3,0.8727272727272727,c
original_grouping,HC-502,1,IGTB195,music_weighted,300,ratio10,0.4341131003805026,0.6735791862075603,0.5764577555874729,-0.0843801124399582,0.1119172123878883,1.946267099559883,-0.4665483486006598,0.5209649957883917,305,results/music_external_review/20260917T133518483857Z/reference_arrangement_penalties.csv,67d11393f1ae62361838d60f4aeba6a374e9854a6ea36d10606df46bd45989a9,results/music_external_review/20260917T133518483857Z/review.json,f8bbd3cd9256b33aeb731d98a280a49da00f052fd0d181dcf29d6cb4bc00143d,percentage points,MAE(ratio10) - MAE(balanced),60,3,0.9236363636363636,c
original_grouping,HC-502,1,IGTB508,music_weighted,300,ratio10,0.2051365930301785,0.3028191495118916,0.4972405549744449,0.0512895855100031,-0.2279629436525728,0.9244418350156496,-0.4382960424106199,0.4241065687441667,323,results/music_external_review/20260917T133518483857Z/reference_arrangement_penalties.csv,67d11393f1ae62361838d60f4aeba6a374e9854a6ea36d10606df46bd45989a9,results/music_external_review/20260917T133518483857Z/review.json,f8bbd3cd9256b33aeb731d98a280a49da00f052fd0d181dcf29d6cb4bc00143d,percentage points,MAE(ratio10) - MAE(balanced),60,3,0.9745454545454546,c
original_grouping,HC-502,2,HC-014,music_weighted,300,ratio10,0.3282949994145766,0.4479487254611248,-0.0025593854413525,-0.4037406909255853,0.6399467657334685,1.2641378679839848,0.0780689210197433,0.3939165181171991,341,results/music_external_review/20260917T133518483857Z/reference_arrangement_penalties.csv,67d11393f1ae62361838d60f4aeba6a374e9854a6ea36d10606df46bd45989a9,results/music_external_review/20260917T133518483857Z/review.json,f8bbd3cd9256b33aeb731d98a280a49da00f052fd0d181dcf29d6cb4bc00143d,percentage points,MAE(ratio10) - MAE(balanced),60,3,1.0254545454545454,c
original_grouping,HC-502,2,HC-572,music_weighted,300,ratio10,0.7323523932760513,0.9563730640370526,1.3562345160648974,-0.2811377750440998,0.8173995746111803,1.910137667878503,0.0887476740992844,0.5027327020465421,359,results/music_external_review/20260917T133518483857Z/reference_arrangement_penalties.csv,67d11393f1ae62361838d60f4aeba6a374e9854a6ea36d10606df46bd45989a9,results/music_external_review/20260917T133518483857Z/review.json,f8bbd3cd9256b33aeb731d98a280a49da00f052fd0d181dcf29d6cb4bc00143d,percentage points,MAE(ratio10) - MAE(balanced),60,3,1.0763636363636364,c
original_grouping,HC-502,2,IGTB1913,music_weighted,300,ratio10,0.6311085498729009,0.8215789962841497,0.4566254377229226,-0.2825248851455076,0.8550867640426353,1.9240871600120608,0.1872536036796283,0.6461232189256617,377,results/music_external_review/20260917T133518483857Z/reference_arrangement_penalties.csv,67d11393f1ae62361838d60f4aeba6a374e9854a6ea36d10606df46bd45989a9,results/music_external_review/20260917T133518483857Z/review.json,f8bbd3cd9256b33aeb731d98a280a49da00f052fd0d181dcf29d6cb4bc00143d,percentage points,MAE(ratio10) - MAE(balanced),60,3,1.1272727272727272,c
original_grouping,HC-502,3,IGTB1921,music_weighted,300,ratio10,-1.0902984821801005,-1.5318798627459007,-0.3745516314052054,0.0449864489276886,-3.872988208136465,-2.1890735669559054,0.4479161843619021,-0.5980801198726229,395,results/music_external_review/20260917T133518483857Z/reference_arrangement_penalties.csv,67d11393f1ae62361838d60f4aeba6a374e9854a6ea36d10606df46bd45989a9,results/music_external_review/20260917T133518483857Z/review.json,f8bbd3cd9256b33aeb731d98a280a49da00f052fd0d181dcf29d6cb4bc00143d,percentage points,MAE(ratio10) - MAE(balanced),60,3,1.1781818181818182,c
original_grouping,HC-502,3,IGTB1966,music_weighted,300,ratio10,-0.8911574237745253,-1.3074309402172557,-0.3490706765212298,-0.034018529046094,-3.517441637165405,-2.2481020330728625,0.6663866079901605,0.1353017251682744,413,results/music_external_review/20260917T133518483857Z/reference_arrangement_penalties.csv,67d11393f1ae62361838d60f4aeba6a374e9854a6ea36d10606df46bd45989a9,results/music_external_review/20260917T133518483857Z/review.json,f8bbd3cd9256b33aeb731d98a280a49da00f052fd0d181dcf29d6cb4bc00143d,percentage points,MAE(ratio10) - MAE(balanced),60,3,1.229090909090909,c
original_grouping,HC-502,3,IGTB826,music_weighted,300,ratio10,-0.747848248018011,-1.1225017962829524,-0.4044490970877587,0.071691527718679,-2.604563967587692,-1.9734545252516655,0.8589979153356844,-0.4353113412353181,431,results/music_external_review/20260917T133518483857Z/reference_arrangement_penalties.csv,67d11393f1ae62361838d60f4aeba6a374e9854a6ea36d10606df46bd45989a9,results/music_external_review/20260917T133518483857Z/review.json,f8bbd3cd9256b33aeb731d98a280a49da00f052fd0d181dcf29d6cb4bc00143d,percentage points,MAE(ratio10) - MAE(balanced),60,3,1.28,c
original_grouping,HC-572,0,HC-014,music_weighted,300,ratio10,-0.6409721803696008,-0.9339605384614996,-0.1976356888822822,0.0980130616441623,-1.4795107964811762,-3.266675506734219,0.6637685232821374,0.3362073249537787,449,results/music_external_review/20260917T133518483857Z/reference_arrangement_penalties.csv,67d11393f1ae62361838d60f4aeba6a374e9854a6ea36d10606df46bd45989a9,results/music_external_review/20260917T133518483857Z/review.json,f8bbd3cd9256b33aeb731d98a280a49da00f052fd0d181dcf29d6cb4bc00143d,percentage points,MAE(ratio10) - MAE(balanced),60,3,1.72,c
original_grouping,HC-572,0,IGTB1921,music_weighted,300,ratio10,-1.1249128419741865,-1.5680652872923169,-0.3238995861179997,0.0566923232766866,-2.01824778471805,-4.838053787899149,0.1249569485491683,0.249074835064228,467,results/music_external_review/20260917T133518483857Z/reference_arrangement_penalties.csv,67d11393f1ae62361838d60f4aeba6a374e9854a6ea36d10606df46bd45989a9,results/music_external_review/20260917T133518483857Z/review.json,f8bbd3cd9256b33aeb731d98a280a49da00f052fd0d181dcf29d6cb4bc00143d,percentage points,MAE(ratio10) - MAE(balanced),60,3,1.770909090909091,c
original_grouping,HC-572,0,IGTB826,music_weighted,300,ratio10,-1.256714062182566,-1.7267321171796632,-0.2943331496345562,-0.2613778426744547,-2.18689092511518,-5.873457508958389,0.728339388333435,0.3474356649537639,485,results/music_external_review/20260917T133518483857Z/reference_arrangement_penalties.csv,67d11393f1ae62361838d60f4aeba6a374e9854a6ea36d10606df46bd45989a9,results/music_external_review/20260917T133518483857Z/review.json,f8bbd3cd9256b33aeb731d98a280a49da00f052fd0d181dcf29d6cb4bc00143d,percentage points,MAE(ratio10) - MAE(balanced),60,3,1.8218181818181818,c
original_grouping,HC-572,1,HC-502,music_weighted,300,ratio10,-0.002529147191043,-0.0092410734717566,-0.7404658367670203,-0.4460280138637102,0.0672713599324066,1.4592686162381672,-0.5241952410918637,0.1689742324057484,503,results/music_external_review/20260917T133518483857Z/reference_arrangement_penalties.csv,67d11393f1ae62361838d60f4aeba6a374e9854a6ea36d10606df46bd45989a9,results/music_external_review/20260917T133518483857Z/review.json,f8bbd3cd9256b33aeb731d98a280a49da00f052fd0d181dcf29d6cb4bc00143d,percentage points,MAE(ratio10) - MAE(balanced),60,3,1.8727272727272728,c
original_grouping,HC-572,1,IGTB1966,music_weighted,300,ratio10,0.0431122641441559,0.0006891092384039,-0.65563966274901,-0.471974923266862,0.5155328412573797,1.3473023006103797,-0.7513444234027753,0.2747974524158226,521,results/music_external_review/20260917T133518483857Z/reference_arrangement_penalties.csv,67d11393f1ae62361838d60f4aeba6a374e9854a6ea36d10606df46bd45989a9,results/music_external_review/20260917T133518483857Z/review.json,f8bbd3cd9256b33aeb731d98a280a49da00f052fd0d181dcf29d6cb4bc00143d,percentage points,MAE(ratio10) - MAE(balanced),60,3,1.9236363636363636,c
original_grouping,HC-572,1,IGTB498,music_weighted,300,ratio10,0.466711127322282,0.4512181953061757,-1.1392399929693573,-0.5427866417070865,0.9909511152873344,2.9689191362271754,-0.5096774862284497,1.0321006333240754,539,results/music_external_review/20260917T133518483857Z/reference_arrangement_penalties.csv,67d11393f1ae62361838d60f4aeba6a374e9854a6ea36d10606df46bd45989a9,results/music_external_review/20260917T133518483857Z/review.json,f8bbd3cd9256b33aeb731d98a280a49da00f052fd0d181dcf29d6cb4bc00143d,percentage points,MAE(ratio10) - MAE(balanced),60,3,1.9745454545454546,c
original_grouping,HC-572,2,IGTB1506,music_weighted,300,ratio10,0.1370562889676899,0.2353959154798189,-0.9664160509149886,-0.1107033063483593,0.7049441490469859,1.6332411590409697,0.1152564377429799,-0.5539846547614502,557,results/music_external_review/20260917T133518483857Z/reference_arrangement_penalties.csv,67d11393f1ae62361838d60f4aeba6a374e9854a6ea36d10606df46bd45989a9,results/music_external_review/20260917T133518483857Z/review.json,f8bbd3cd9256b33aeb731d98a280a49da00f052fd0d181dcf29d6cb4bc00143d,percentage points,MAE(ratio10) - MAE(balanced),60,3,2.0254545454545454,c
original_grouping,HC-572,2,IGTB256,music_weighted,300,ratio10,0.5428175712409462,0.7375013170215934,-0.1316450916915693,-0.2307664651854437,1.6872510639267475,2.6470188679158104,-0.2772105186705243,-0.4377424288493488,575,results/music_external_review/20260917T133518483857Z/reference_arrangement_penalties.csv,67d11393f1ae62361838d60f4aeba6a374e9854a6ea36d10606df46bd45989a9,results/music_external_review/20260917T133518483857Z/review.json,f8bbd3cd9256b33aeb731d98a280a49da00f052fd0d181dcf29d6cb4bc00143d,percentage points,MAE(ratio10) - MAE(balanced),60,3,2.076363636363636,c
original_grouping,HC-572,2,IGTB514,music_weighted,300,ratio10,0.3418846429215971,0.4898970678011861,0.2397918456353532,-0.249133405802707,0.8167144816687185,1.815682575879884,-0.1790731696814517,-0.3926744701702159,593,results/music_external_review/20260917T133518483857Z/reference_arrangement_penalties.csv,67d11393f1ae62361838d60f4aeba6a374e9854a6ea36d10606df46bd45989a9,results/music_external_review/20260917T133518483857Z/review.json,f8bbd3cd9256b33aeb731d98a280a49da00f052fd0d181dcf29d6cb4bc00143d,percentage points,MAE(ratio10) - MAE(balanced),60,3,2.1272727272727274,c
original_grouping,HC-572,3,IGTB1650,music_weighted,300,ratio10,0.0239449222035781,-0.0228299602065388,-0.6963767529477798,-0.1319328507862772,0.2411302182911286,-0.0595024725625824,-0.0565962627030811,0.8469476539300623,611,results/music_external_review/20260917T133518483857Z/reference_arrangement_penalties.csv,67d11393f1ae62361838d60f4aeba6a374e9854a6ea36d10606df46bd45989a9,results/music_external_review/20260917T133518483857Z/review.json,f8bbd3cd9256b33aeb731d98a280a49da00f052fd0d181dcf29d6cb4bc00143d,percentage points,MAE(ratio10) - MAE(balanced),60,3,2.178181818181818,c
original_grouping,HC-572,3,IGTB195,music_weighted,300,ratio10,-0.0886306883577203,-0.1008245648230338,-0.3391702864750059,-0.3979601064234562,-0.0192567055540691,-0.252643424885049,0.0823122089776114,0.3949341842136407,629,results/music_external_review/20260917T133518483857Z/reference_arrangement_penalties.csv,67d11393f1ae62361838d60f4aeba6a374e9854a6ea36d10606df46bd45989a9,results/music_external_review/20260917T133518483857Z/review.json,f8bbd3cd9256b33aeb731d98a280a49da00f052fd0d181dcf29d6cb4bc00143d,percentage points,MAE(ratio10) - MAE(balanced),60,3,2.229090909090909,c
original_grouping,HC-572,3,IGTB508,music_weighted,300,ratio10,-0.0008710659161077,0.0112158830257837,-0.1450818421870832,-0.4000849930292668,0.129580926917996,-0.2545941744275267,-0.2456680424126406,0.9106217296418848,647,results/music_external_review/20260917T133518483857Z/reference_arrangement_penalties.csv,67d11393f1ae62361838d60f4aeba6a374e9854a6ea36d10606df46bd45989a9,results/music_external_review/20260917T133518483857Z/review.json,f8bbd3cd9256b33aeb731d98a280a49da00f052fd0d181dcf29d6cb4bc00143d,percentage points,MAE(ratio10) - MAE(balanced),60,3,2.2800000000000002,c
original_grouping,IGTB1506,0,IGTB1650,music_weighted,300,ratio10,-0.9947417856847957,-1.4802525929831016,0.2847282186417861,0.2886665762161167,-2.415980415533247,-3.0041501289725203,0.0904792368880909,-1.2121942013490046,665,results/music_external_review/20260917T133518483857Z/reference_arrangement_penalties.csv,67d11393f1ae62361838d60f4aeba6a374e9854a6ea36d10606df46bd45989a9,results/music_external_review/20260917T133518483857Z/review.json,f8bbd3cd9256b33aeb731d98a280a49da00f052fd0d181dcf29d6cb4bc00143d,percentage points,MAE(ratio10) - MAE(balanced),60,3,2.7199999999999998,c
original_grouping,IGTB1506,0,IGTB195,music_weighted,300,ratio10,-0.6607086236574501,-0.9689788468767244,0.2581780937785974,0.231886242047886,-1.5306268745200344,-1.9997610861389967,-0.1589257538502725,-0.7650023632618839,683,results/music_external_review/20260917T133518483857Z/reference_arrangement_penalties.csv,67d11393f1ae62361838d60f4aeba6a374e9854a6ea36d10606df46bd45989a9,results/music_external_review/20260917T133518483857Z/review.json,f8bbd3cd9256b33aeb731d98a280a49da00f052fd0d181dcf29d6cb4bc00143d,percentage points,MAE(ratio10) - MAE(balanced),60,3,2.770909090909091,c
original_grouping,IGTB1506,0,IGTB508,music_weighted,300,ratio10,-0.6587135574049446,-0.942869954825474,0.2503895203421395,0.1974380417682555,-1.3484512686075325,-2.061285763767055,-0.1129417876127041,-0.8774300865527798,701,results/music_external_review/20260917T133518483857Z/reference_arrangement_penalties.csv,67d11393f1ae62361838d60f4aeba6a374e9854a6ea36d10606df46bd45989a9,results/music_external_review/20260917T133518483857Z/review.json,f8bbd3cd9256b33aeb731d98a280a49da00f052fd0d181dcf29d6cb4bc00143d,percentage points,MAE(ratio10) - MAE(balanced),60,3,2.821818181818182,c
original_grouping,IGTB1506,1,HC-014,music_weighted,300,ratio10,-0.6326507413439522,-1.001580588123841,0.4564264909035097,-0.2432859075182849,-1.8069476800665611,-2.198936282234264,-0.1663516518692777,0.1631905827211684,719,results/music_external_review/20260917T133518483857Z/reference_arrangement_penalties.csv,67d11393f1ae62361838d60f4aeba6a374e9854a6ea36d10606df46bd45989a9,results/music_external_review/20260917T133518483857Z/review.json,f8bbd3cd9256b33aeb731d98a280a49da00f052fd0d181dcf29d6cb4bc00143d,percentage points,MAE(ratio10) - MAE(balanced),60,3,2.8727272727272726,c
original_grouping,IGTB1506,1,HC-572,music_weighted,300,ratio10,-0.5851706765490243,-1.047489889498342,1.147162499067144,0.0663857368971595,-2.58877922987675,-2.247462847516715,-0.0128133640664418,0.12448314620144,737,results/music_external_review/20260917T133518483857Z/reference_arrangement_penalties.csv,67d11393f1ae62361838d60f4aeba6a374e9854a6ea36d10606df46bd45989a9,results/music_external_review/20260917T133518483857Z/review.json,f8bbd3cd9256b33aeb731d98a280a49da00f052fd0d181dcf29d6cb4bc00143d,percentage points,MAE(ratio10) - MAE(balanced),60,3,2.923636363636364,c
original_grouping,IGTB1506,1,IGTB1913,music_weighted,300,ratio10,-1.0386863601578762,-1.7020097126457168,0.5284057009544036,0.0691355072897764,-3.157982930940124,-4.035295208258917,0.0992395629896756,0.2643792070179416,755,results/music_external_review/20260917T133518483857Z/reference_arrangement_penalties.csv,67d11393f1ae62361838d60f4aeba6a374e9854a6ea36d10606df46bd45989a9,results/music_external_review/20260917T133518483857Z/review.json,f8bbd3cd9256b33aeb731d98a280a49da00f052fd0d181dcf29d6cb4bc00143d,percentage points,MAE(ratio10) - MAE(balanced),60,3,2.9745454545454546,c
original_grouping,IGTB1506,2,IGTB1921,music_weighted,300,ratio10,0.2784219334213752,0.5242206789671022,-0.3443307862669701,0.0407784036851558,1.1336931940261707,1.3211054870788623,0.166532127919593,-0.6472468259145627,773,results/music_external_review/20260917T133518483857Z/reference_arrangement_penalties.csv,67d11393f1ae62361838d60f4aeba6a374e9854a6ea36d10606df46bd45989a9,results/music_external_review/20260917T133518483857Z/review.json,f8bbd3cd9256b33aeb731d98a280a49da00f052fd0d181dcf29d6cb4bc00143d,percentage points,MAE(ratio10) - MAE(balanced),60,3,3.0254545454545454,c
original_grouping,IGTB1506,2,IGTB1966,music_weighted,300,ratio10,0.4713767876359263,0.6797518382100297,0.6642683294830569,0.0251109445957236,0.9276959169909772,1.0048544536702313,0.5283858708112809,-0.3220547897357099,791,results/music_external_review/20260917T133518483857Z/reference_arrangement_penalties.csv,67d11393f1ae62361838d60f4aeba6a374e9854a6ea36d10606df46bd45989a9,results/music_external_review/20260917T133518483857Z/review.json,f8bbd3cd9256b33aeb731d98a280a49da00f052fd0d181dcf29d6cb4bc00143d,percentage points,MAE(ratio10) - MAE(balanced),60,3,3.076363636363636,c
original_grouping,IGTB1506,2,IGTB826,music_weighted,300,ratio10,0.3738865475304475,0.606957699287746,0.1305511013860701,0.0307705433133375,0.7833533778106688,1.1729396867590816,0.5503562894460429,-0.4246517135325156,809,results/music_external_review/20260917T133518483857Z/reference_arrangement_penalties.csv,67d11393f1ae62361838d60f4aeba6a374e9854a6ea36d10606df46bd45989a9,results/music_external_review/20260917T133518483857Z/review.json,f8bbd3cd9256b33aeb731d98a280a49da00f052fd0d181dcf29d6cb4bc00143d,percentage points,MAE(ratio10) - MAE(balanced),60,3,3.1272727272727274,c
original_grouping,IGTB1506,3,HC-502,music_weighted,300,ratio10,-0.711468636908396,-1.2797796843345024,0.424853913023655,-0.0608066265539635,-3.109272439689452,-2.334568171753248,0.3225399284772096,0.4884415750454238,827,results/music_external_review/20260917T133518483857Z/reference_arrangement_penalties.csv,67d11393f1ae62361838d60f4aeba6a374e9854a6ea36d10606df46bd45989a9,results/music_external_review/20260917T133518483857Z/review.json,f8bbd3cd9256b33aeb731d98a280a49da00f052fd0d181dcf29d6cb4bc00143d,percentage points,MAE(ratio10) - MAE(balanced),60,3,3.178181818181818,c
original_grouping,IGTB1506,3,IGTB256,music_weighted,300,ratio10,-0.2677674371610335,-0.5024490436712247,0.27990477766656,0.0516752791802824,-1.1980946823895835,-1.2148362753875466,0.2847971848191265,0.1899490931449606,845,results/music_external_review/20260917T133518483857Z/reference_arrangement_penalties.csv,67d11393f1ae62361838d60f4aeba6a374e9854a6ea36d10606df46bd45989a9,results/music_external_review/20260917T133518483857Z/review.json,f8bbd3cd9256b33aeb731d98a280a49da00f052fd0d181dcf29d6cb4bc00143d,percentage points,MAE(ratio10) - MAE(balanced),60,3,3.229090909090909,c
original_grouping,IGTB1506,3,IGTB498,music_weighted,300,ratio10,-0.2339477355034032,-0.5038535419425209,0.4690600556565887,0.2095060070428768,-1.338295004837119,-1.0599931442941093,0.0678103829787004,0.2482252904326361,863,results/music_external_review/20260917T133518483857Z/reference_arrangement_penalties.csv,67d11393f1ae62361838d60f4aeba6a374e9854a6ea36d10606df46bd45989a9,results/music_external_review/20260917T133518483857Z/review.json,f8bbd3cd9256b33aeb731d98a280a49da00f052fd0d181dcf29d6cb4bc00143d,percentage points,MAE(ratio10) - MAE(balanced),60,3,3.2800000000000002,c
original_grouping,IGTB1650,0,HC-572,music_weighted,300,ratio10,-0.0288408051793371,-0.1217260851442907,0.7106906578805269,-0.3987416222895679,-0.4523586659758621,-0.5935502118187918,0.0817581998134361,0.4791568113142312,881,results/music_external_review/20260917T133518483857Z/reference_arrangement_penalties.csv,67d11393f1ae62361838d60f4aeba6a374e9854a6ea36d10606df46bd45989a9,results/music_external_review/20260917T133518483857Z/review.json,f8bbd3cd9256b33aeb731d98a280a49da00f052fd0d181dcf29d6cb4bc00143d,percentage points,MAE(ratio10) - MAE(balanced),60,3,3.7199999999999998,c
original_grouping,IGTB1650,0,IGTB1913,music_weighted,300,ratio10,-0.0192197851182596,-0.2355481637410402,0.9528376040612758,0.0488245523697001,-0.9304908378915812,-1.2778284568402036,0.272640986437023,0.8186974411542352,899,results/music_external_review/20260917T133518483857Z/reference_arrangement_penalties.csv,67d11393f1ae62361838d60f4aeba6a374e9854a6ea36d10606df46bd45989a9,results/music_external_review/20260917T133518483857Z/review.json,f8bbd3cd9256b33aeb731d98a280a49da00f052fd0d181dcf29d6cb4bc00143d,percentage points,MAE(ratio10) - MAE(balanced),60,3,3.770909090909091,c
original_grouping,IGTB1650,0,IGTB195,music_weighted,300,ratio10,0.105545356038046,0.0462341921475162,1.0442441119386765,-0.3580865687736174,-0.3020443492493988,-0.1502531149920297,0.1269177211151453,0.2724943361895,917,results/music_external_review/20260917T133518483857Z/reference_arrangement_penalties.csv,67d11393f1ae62361838d60f4aeba6a374e9854a6ea36d10606df46bd45989a9,results/music_external_review/20260917T133518483857Z/review.json,f8bbd3cd9256b33aeb731d98a280a49da00f052fd0d181dcf29d6cb4bc00143d,percentage points,MAE(ratio10) - MAE(balanced),60,3,3.821818181818182,c
original_grouping,IGTB1650,1,HC-014,music_weighted,300,ratio10,0.5178121562897009,0.7689352503533188,-1.5628825906687318,0.2953145111798719,1.2849561644204464,1.6757426743489734,0.5881491193824274,0.8255930590752325,935,results/music_external_review/20260917T133518483857Z/reference_arrangement_penalties.csv,67d11393f1ae62361838d60f4aeba6a374e9854a6ea36d10606df46bd45989a9,results/music_external_review/20260917T133518483857Z/review.json,f8bbd3cd9256b33aeb731d98a280a49da00f052fd0d181dcf29d6cb4bc00143d,percentage points,MAE(ratio10) - MAE(balanced),60,3,3.8727272727272726,c
original_grouping,IGTB1650,1,IGTB1921,music_weighted,300,ratio10,0.6577075222814805,0.9392321978967464,-0.7592435350632044,0.6161825975632584,1.321469960008574,2.044982511133552,0.3005538154754568,0.422299784571269,953,results/music_external_review/20260917T133518483857Z/reference_arrangement_penalties.csv,67d11393f1ae62361838d60f4aeba6a374e9854a6ea36d10606df46bd45989a9,results/music_external_review/20260917T133518483857Z/review.json,f8bbd3cd9256b33aeb731d98a280a49da00f052fd0d181dcf29d6cb4bc00143d,percentage points,MAE(ratio10) - MAE(balanced),60,3,3.923636363636364,c
original_grouping,IGTB1650,1,IGTB826,music_weighted,300,ratio10,0.3386668859490888,0.5070474969049489,-0.840892542231109,0.4979399568357967,0.68337406259736,0.783289001504397,0.3175870735838128,0.5907037634042747,971,results/music_external_review/20260917T133518483857Z/reference_arrangement_penalties.csv,67d11393f1ae62361838d60f4aeba6a374e9854a6ea36d10606df46bd45989a9,results/music_external_review/20260917T133518483857Z/review.json,f8bbd3cd9256b33aeb731d98a280a49da00f052fd0d181dcf29d6cb4bc00143d,percentage points,MAE(ratio10) - MAE(balanced),60,3,3.9745454545454546,c
original_grouping,IGTB1650,2,HC-502,music_weighted,300,ratio10,-0.4585100778350708,-0.7246439925350965,0.1201633003563289,0.2673227101338937,-1.2059553918537391,-1.8818715564278887,-0.2987977527257299,0.2480782235067097,989,results/music_external_review/20260917T133518483857Z/reference_arrangement_penalties.csv,67d11393f1ae62361838d60f4aeba6a374e9854a6ea36d10606df46bd45989a9,results/music_external_review/20260917T133518483857Z/review.json,f8bbd3cd9256b33aeb731d98a280a49da00f052fd0d181dcf29d6cb4bc00143d,percentage points,MAE(ratio10) - MAE(balanced),60,3,4.025454545454545,c
original_grouping,IGTB1650,2,IGTB1966,music_weighted,300,ratio10,-0.1781324433442233,-0.3364250586944897,0.4265931723807838,0.591468338421283,-0.3782428295975958,-1.4664142707671923,-0.3127713091095942,0.070572238606977,1007,results/music_external_review/20260917T133518483857Z/reference_arrangement_penalties.csv,67d11393f1ae62361838d60f4aeba6a374e9854a6ea36d10606df46bd45989a9,results/music_external_review/20260917T133518483857Z/review.json,f8bbd3cd9256b33aeb731d98a280a49da00f052fd0d181dcf29d6cb4bc00143d,percentage points,MAE(ratio10) - MAE(balanced),60,3,4.076363636363636,c
original_grouping,IGTB1650,2,IGTB498,music_weighted,300,ratio10,0.2546390671938585,0.3047152775499645,0.3927964572600938,0.3048906308491014,0.4620048621723052,0.1298741567128914,-0.0302754330489332,0.2685437292176941,1025,results/music_external_review/20260917T133518483857Z/reference_arrangement_penalties.csv,67d11393f1ae62361838d60f4aeba6a374e9854a6ea36d10606df46bd45989a9,results/music_external_review/20260917T133518483857Z/review.json,f8bbd3cd9256b33aeb731d98a280a49da00f052fd0d181dcf29d6cb4bc00143d,percentage points,MAE(ratio10) - MAE(balanced),60,3,4.127272727272727,c
original_grouping,IGTB1650,3,IGTB1506,music_weighted,300,ratio10,0.550306554938529,0.7435643472889587,0.6023517301559499,0.3467824482849651,0.6698016468518421,1.20408930972458,0.2685935026860773,0.2102206919277528,1043,results/music_external_review/20260917T133518483857Z/reference_arrangement_penalties.csv,67d11393f1ae62361838d60f4aeba6a374e9854a6ea36d10606df46bd45989a9,results/music_external_review/20260917T133518483857Z/review.json,f8bbd3cd9256b33aeb731d98a280a49da00f052fd0d181dcf29d6cb4bc00143d,percentage points,MAE(ratio10) - MAE(balanced),60,3,4.178181818181818,c
original_grouping,IGTB1650,3,IGTB256,music_weighted,300,ratio10,0.5194262111652308,0.8660684054164982,0.188606518022127,0.1820952308378132,1.361426195341085,2.332606876767126,-0.3410517376939007,-0.6071258162828828,1061,results/music_external_review/20260917T133518483857Z/reference_arrangement_penalties.csv,67d11393f1ae62361838d60f4aeba6a374e9854a6ea36d10606df46bd45989a9,results/music_external_review/20260917T133518483857Z/review.json,f8bbd3cd9256b33aeb731d98a280a49da00f052fd0d181dcf29d6cb4bc00143d,percentage points,MAE(ratio10) - MAE(balanced),60,3,4.2290909090909095,c
original_grouping,IGTB1650,3,IGTB514,music_weighted,300,ratio10,0.6561085782657227,0.9871069453126295,0.8323280983419244,0.3009416522126962,1.4975397085615678,2.1619315060273663,-0.429355336213812,-0.4267341593354132,1079,results/music_external_review/20260917T133518483857Z/reference_arrangement_penalties.csv,67d11393f1ae62361838d60f4aeba6a374e9854a6ea36d10606df46bd45989a9,results/music_external_review/20260917T133518483857Z/review.json,f8bbd3cd9256b33aeb731d98a280a49da00f052fd0d181dcf29d6cb4bc00143d,percentage points,MAE(ratio10) - MAE(balanced),60,3,4.28,c
original_grouping,IGTB1913,0,HC-014,music_weighted,300,ratio10,-0.28739445407168,-0.4448457546425099,0.2074139278905561,0.2798797137329176,-0.7796040445648887,-1.8338465321576245,-0.2135459151618763,0.6153361258308454,1097,results/music_external_review/20260917T133518483857Z/reference_arrangement_penalties.csv,67d11393f1ae62361838d60f4aeba6a374e9854a6ea36d10606df46bd45989a9,results/music_external_review/20260917T133518483857Z/review.json,f8bbd3cd9256b33aeb731d98a280a49da00f052fd0d181dcf29d6cb4bc00143d,percentage points,MAE(ratio10) - MAE(balanced),60,3,4.72,c
original_grouping,IGTB1913,0,HC-572,music_weighted,300,ratio10,-0.4419861021899383,-0.657087557583069,-0.5085125598262402,0.3712845885167268,-0.7887855908149167,-2.22757962107433,-0.2070955223425078,0.7087720924016339,1115,results/music_external_review/20260917T133518483857Z/reference_arrangement_penalties.csv,67d11393f1ae62361838d60f4aeba6a374e9854a6ea36d10606df46bd45989a9,results/music_external_review/20260917T133518483857Z/review.json,f8bbd3cd9256b33aeb731d98a280a49da00f052fd0d181dcf29d6cb4bc00143d,percentage points,MAE(ratio10) - MAE(balanced),60,3,4.7709090909090905,c
original_grouping,IGTB1913,0,IGTB1921,music_weighted,300,ratio10,0.0419528575558496,-0.0445602772904838,1.2417414974869994,0.49692206786235,-1.0986863020037927,-1.627636728768628,0.4620128912642006,0.7773637194939724,1133,results/music_external_review/20260917T133518483857Z/reference_arrangement_penalties.csv,67d11393f1ae62361838d60f4aeba6a374e9854a6ea36d10606df46bd45989a9,results/music_external_review/20260917T133518483857Z/review.json,f8bbd3cd9256b33aeb731d98a280a49da00f052fd0d181dcf29d6cb4bc00143d,percentage points,MAE(ratio10) - MAE(balanced),60,3,4.821818181818182,c
original_grouping,IGTB1913,1,IGTB1966,music_weighted,300,ratio10,0.4652267672360951,0.5468305141706333,-0.5821234306825116,0.5368657117149858,0.969836191543518,1.54693787227707,0.5065626988808913,-0.186718440317373,1151,results/music_external_review/20260917T133518483857Z/reference_arrangement_penalties.csv,67d11393f1ae62361838d60f4aeba6a374e9854a6ea36d10606df46bd45989a9,results/music_external_review/20260917T133518483857Z/review.json,f8bbd3cd9256b33aeb731d98a280a49da00f052fd0d181dcf29d6cb4bc00143d,percentage points,MAE(ratio10) - MAE(balanced),60,3,4.872727272727273,c
original_grouping,IGTB1913,1,IGTB498,music_weighted,300,ratio10,0.7201410052509233,0.9174142298859777,-0.2229943072411413,0.5182653225674179,1.258040677881902,2.4586755767330337,0.325884545182364,-0.0170257836180254,1169,results/music_external_review/20260917T133518483857Z/reference_arrangement_penalties.csv,67d11393f1ae62361838d60f4aeba6a374e9854a6ea36d10606df46bd45989a9,results/music_external_review/20260917T133518483857Z/review.json,f8bbd3cd9256b33aeb731d98a280a49da00f052fd0d181dcf29d6cb4bc00143d,percentage points,MAE(ratio10) - MAE(balanced),60,3,4.923636363636364,c
original_grouping,IGTB1913,1,IGTB826,music_weighted,300,ratio10,0.5170337482533855,0.5766227555976188,-0.1388360139251458,0.5380301251786497,0.7742915557563282,1.6552827865073363,0.5337856441722938,-0.2603516081691375,1187,results/music_external_review/20260917T133518483857Z/reference_arrangement_penalties.csv,67d11393f1ae62361838d60f4aeba6a374e9854a6ea36d10606df46bd45989a9,results/music_external_review/20260917T133518483857Z/review.json,f8bbd3cd9256b33aeb731d98a280a49da00f052fd0d181dcf29d6cb4bc00143d,percentage points,MAE(ratio10) - MAE(balanced),60,3,4.974545454545455,c
original_grouping,IGTB1913,2,HC-502,music_weighted,300,ratio10,0.489750975991721,0.572395272047299,0.588505617777618,0.4377550245825994,0.1956326571567594,1.1480710076753866,-0.0307774166050821,0.5993189653630383,1205,results/music_external_review/20260917T133518483857Z/reference_arrangement_penalties.csv,67d11393f1ae62361838d60f4aeba6a374e9854a6ea36d10606df46bd45989a9,results/music_external_review/20260917T133518483857Z/review.json,f8bbd3cd9256b33aeb731d98a280a49da00f052fd0d181dcf29d6cb4bc00143d,percentage points,MAE(ratio10) - MAE(balanced),60,3,5.025454545454545,c
original_grouping,IGTB1913,2,IGTB256,music_weighted,300,ratio10,0.6103246519639537,0.8571257929629457,-0.1108691773608924,0.4414616970803297,1.262861837759644,1.5054569185029911,-0.0378355261537327,0.6008721619553735,1223,results/music_external_review/20260917T133518483857Z/reference_arrangement_penalties.csv,67d11393f1ae62361838d60f4aeba6a374e9854a6ea36d10606df46bd45989a9,results/music_external_review/20260917T133518483857Z/review.json,f8bbd3cd9256b33aeb731d98a280a49da00f052fd0d181dcf29d6cb4bc00143d,percentage points,MAE(ratio10) - MAE(balanced),60,3,5.076363636363636,c
original_grouping,IGTB1913,2,IGTB514,music_weighted,300,ratio10,0.6742705057606613,0.8480400039450738,0.624568656282834,0.5288015620420611,0.8478555072632294,1.428192324707262,0.0096396156093476,0.606565368659229,1241,results/music_external_review/20260917T133518483857Z/reference_arrangement_penalties.csv,67d11393f1ae62361838d60f4aeba6a374e9854a6ea36d10606df46bd45989a9,results/music_external_review/20260917T133518483857Z/review.json,f8bbd3cd9256b33aeb731d98a280a49da00f052fd0d181dcf29d6cb4bc00143d,percentage points,MAE(ratio10) - MAE(balanced),60,3,5.127272727272727,c
original_grouping,IGTB1913,3,IGTB1506,music_weighted,300,ratio10,0.5918157106228006,0.758161643083125,0.0448229763706349,0.2004734761783284,1.2091403718660698,1.7239457141292418,-0.2211694527024834,0.593681177895016,1259,results/music_external_review/20260917T133518483857Z/reference_arrangement_penalties.csv,67d11393f1ae62361838d60f4aeba6a374e9854a6ea36d10606df46bd45989a9,results/music_external_review/20260917T133518483857Z/review.json,f8bbd3cd9256b33aeb731d98a280a49da00f052fd0d181dcf29d6cb4bc00143d,percentage points,MAE(ratio10) - MAE(balanced),60,3,5.178181818181818,c
original_grouping,IGTB1913,3,IGTB1650,music_weighted,300,ratio10,1.1478424673171488,1.4749994232335737,0.1291243681079676,0.7266290374672574,2.3345545344919216,2.661391776431839,0.4273961403279355,0.6079589470759678,1277,results/music_external_review/20260917T133518483857Z/reference_arrangement_penalties.csv,67d11393f1ae62361838d60f4aeba6a374e9854a6ea36d10606df46bd45989a9,results/music_external_review/20260917T133518483857Z/review.json,f8bbd3cd9256b33aeb731d98a280a49da00f052fd0d181dcf29d6cb4bc00143d,percentage points,MAE(ratio10) - MAE(balanced),60,3,5.2290909090909095,c
original_grouping,IGTB1913,3,IGTB508,music_weighted,300,ratio10,0.7905179283427428,1.0736723675416555,0.0854597751609347,0.342514105483433,1.7914119408345686,2.1787085324482964,-0.1755430656407244,0.5205562817699386,1295,results/music_external_review/20260917T133518483857Z/reference_arrangement_penalties.csv,67d11393f1ae62361838d60f4aeba6a374e9854a6ea36d10606df46bd45989a9,results/music_external_review/20260917T133518483857Z/review.json,f8bbd3cd9256b33aeb731d98a280a49da00f052fd0d181dcf29d6cb4bc00143d,percentage points,MAE(ratio10) - MAE(balanced),60,3,5.28,c
original_grouping,IGTB1921,0,IGTB1966,music_weighted,300,ratio10,0.0853407078651016,-0.0751450744972064,0.3366953224959096,0.4240403424391721,0.2093983753773902,-0.9244774259114892,0.1905625912578984,0.2758250415317442,1313,results/music_external_review/20260917T133518483857Z/reference_arrangement_penalties.csv,67d11393f1ae62361838d60f4aeba6a374e9854a6ea36d10606df46bd45989a9,results/music_external_review/20260917T133518483857Z/review.json,f8bbd3cd9256b33aeb731d98a280a49da00f052fd0d181dcf29d6cb4bc00143d,percentage points,MAE(ratio10) - MAE(balanced),60,3,5.72,c
original_grouping,IGTB1921,0,IGTB498,music_weighted,300,ratio10,0.6253622057282509,0.8397911868223655,0.3225858668958185,0.3013233610816724,1.5760554747122817,1.22474013747751,0.1555263434337483,0.1719420507684825,1331,results/music_external_review/20260917T133518483857Z/reference_arrangement_penalties.csv,67d11393f1ae62361838d60f4aeba6a374e9854a6ea36d10606df46bd45989a9,results/music_external_review/20260917T133518483857Z/review.json,f8bbd3cd9256b33aeb731d98a280a49da00f052fd0d181dcf29d6cb4bc00143d,percentage points,MAE(ratio10) - MAE(balanced),60,3,5.7709090909090905,c
original_grouping,IGTB1921,0,IGTB826,music_weighted,300,ratio10,0.3121565462127582,0.3718021445231762,0.5566548404031026,0.1940220847898641,0.7582719122280098,0.2713021935146763,0.073863365164922,0.0188248811759789,1349,results/music_external_review/20260917T133518483857Z/reference_arrangement_penalties.csv,67d11393f1ae62361838d60f4aeba6a374e9854a6ea36d10606df46bd45989a9,results/music_external_review/20260917T133518483857Z/review.json,f8bbd3cd9256b33aeb731d98a280a49da00f052fd0d181dcf29d6cb4bc00143d,percentage points,MAE(ratio10) - MAE(balanced),60,3,5.821818181818182,c
original_grouping,IGTB1921,1,HC-502,music_weighted,300,ratio10,-0.438265501992648,-0.9990840261341252,0.7662953625033483,0.3412096066993597,-2.17390443685973,-2.391695310258997,0.1764649099065342,0.6520368560535953,1367,results/music_external_review/20260917T133518483857Z/reference_arrangement_penalties.csv,67d11393f1ae62361838d60f4aeba6a374e9854a6ea36d10606df46bd45989a9,results/music_external_review/20260917T133518483857Z/review.json,f8bbd3cd9256b33aeb731d98a280a49da00f052fd0d181dcf29d6cb4bc00143d,percentage points,MAE(ratio10) - MAE(balanced),60,3,5.872727272727273,c
original_grouping,IGTB1921,1,IGTB256,music_weighted,300,ratio10,-0.1216057043422643,-0.2984449030979454,0.1919089053597427,0.2039483251111528,-0.3674775231683602,-1.2278251145763706,-0.0430872216494312,0.5128984028696788,1385,results/music_external_review/20260917T133518483857Z/reference_arrangement_penalties.csv,67d11393f1ae62361838d60f4aeba6a374e9854a6ea36d10606df46bd45989a9,results/music_external_review/20260917T133518483857Z/review.json,f8bbd3cd9256b33aeb731d98a280a49da00f052fd0d181dcf29d6cb4bc00143d,percentage points,MAE(ratio10) - MAE(balanced),60,3,5.923636363636364,c
original_grouping,IGTB1921,1,IGTB514,music_weighted,300,ratio10,-0.1497059890897675,-0.4306243512007193,0.3079166294967123,0.2745522188802051,-0.6943756128602694,-1.6735177839660351,0.1561186413840411,0.7310699725267401,1403,results/music_external_review/20260917T133518483857Z/reference_arrangement_penalties.csv,67d11393f1ae62361838d60f4aeba6a374e9854a6ea36d10606df46bd45989a9,results/music_external_review/20260917T133518483857Z/review.json,f8bbd3cd9256b33aeb731d98a280a49da00f052fd0d181dcf29d6cb4bc00143d,percentage points,MAE(ratio10) - MAE(balanced),60,3,5.974545454545455,c
original_grouping,IGTB1921,2,IGTB1506,music_weighted,300,ratio10,-0.0665002225694644,-0.0375918944665429,-0.410137543534054,-0.149178738950622,-0.1107910361681087,0.1067753071227117,-0.4443393655461597,0.6086700416594424,1421,results/music_external_review/20260917T133518483857Z/reference_arrangement_penalties.csv,67d11393f1ae62361838d60f4aeba6a374e9854a6ea36d10606df46bd45989a9,results/music_external_review/20260917T133518483857Z/review.json,f8bbd3cd9256b33aeb731d98a280a49da00f052fd0d181dcf29d6cb4bc00143d,percentage points,MAE(ratio10) - MAE(balanced),60,3,6.025454545454545,c
original_grouping,IGTB1921,2,IGTB1650,music_weighted,300,ratio10,-0.1598736796687187,-0.3315228723853586,0.0465652561564738,-0.0584448059361479,-0.7448311691686637,-0.727052230604196,-0.0304565203654683,0.5549773919056945,1439,results/music_external_review/20260917T133518483857Z/reference_arrangement_penalties.csv,67d11393f1ae62361838d60f4aeba6a374e9854a6ea36d10606df46bd45989a9,results/music_external_review/20260917T133518483857Z/review.json,f8bbd3cd9256b33aeb731d98a280a49da00f052fd0d181dcf29d6cb4bc00143d,percentage points,MAE(ratio10) - MAE(balanced),60,3,6.076363636363636,c
original_grouping,IGTB1921,2,IGTB508,music_weighted,300,ratio10,-0.2290075655166944,-0.3124123414221574,-0.3594724850810301,-0.1203074628808771,-0.3920785645235113,-0.5617185968558087,-0.2999940069445745,0.3595257231856492,1457,results/music_external_review/20260917T133518483857Z/reference_arrangement_penalties.csv,67d11393f1ae62361838d60f4aeba6a374e9854a6ea36d10606df46bd45989a9,results/music_external_review/20260917T133518483857Z/review.json,f8bbd3cd9256b33aeb731d98a280a49da00f052fd0d181dcf29d6cb4bc00143d,percentage points,MAE(ratio10) - MAE(balanced),60,3,6.127272727272727,c
original_grouping,IGTB1921,3,HC-572,music_weighted,300,ratio10,-0.7039824168318947,-1.1695399893115006,0.4594950351087921,-0.3441061562790527,-1.9551476644917376,-2.8286839184427683,-0.2117398293983269,0.6562880325117382,1475,results/music_external_review/20260917T133518483857Z/reference_arrangement_penalties.csv,67d11393f1ae62361838d60f4aeba6a374e9854a6ea36d10606df46bd45989a9,results/music_external_review/20260917T133518483857Z/review.json,f8bbd3cd9256b33aeb731d98a280a49da00f052fd0d181dcf29d6cb4bc00143d,percentage points,MAE(ratio10) - MAE(balanced),60,3,6.178181818181818,c
original_grouping,IGTB1921,3,IGTB1913,music_weighted,300,ratio10,-0.8282023771514235,-1.495423988879152,0.7691418761158131,-0.0595739915348718,-2.904746063858105,-3.748031033941122,0.0022950688585834,0.971699881451172,1493,results/music_external_review/20260917T133518483857Z/reference_arrangement_penalties.csv,67d11393f1ae62361838d60f4aeba6a374e9854a6ea36d10606df46bd45989a9,results/music_external_review/20260917T133518483857Z/review.json,f8bbd3cd9256b33aeb731d98a280a49da00f052fd0d181dcf29d6cb4bc00143d,percentage points,MAE(ratio10) - MAE(balanced),60,3,6.2290909090909095,c
original_grouping,IGTB1921,3,IGTB195,music_weighted,300,ratio10,-0.6155216271502566,-1.0055949311403376,1.078477383563752,-0.5927773511238813,-2.182376314138628,-2.092996107691202,-0.0562379774031141,0.1527806038915475,1511,results/music_external_review/20260917T133518483857Z/reference_arrangement_penalties.csv,67d11393f1ae62361838d60f4aeba6a374e9854a6ea36d10606df46bd45989a9,results/music_external_review/20260917T133518483857Z/review.json,f8bbd3cd9256b33aeb731d98a280a49da00f052fd0d181dcf29d6cb4bc00143d,percentage points,MAE(ratio10) - MAE(balanced),60,3,6.28,c
original_grouping,IGTB195,0,HC-014,music_weighted,300,ratio10,0.2553982464194368,0.4437772556138155,-0.2958010696191545,0.5304181828641842,0.6547527527496607,1.0709478770628118,-0.0215240008370624,-0.4064042637038225,1529,results/music_external_review/20260917T133518483857Z/reference_arrangement_penalties.csv,67d11393f1ae62361838d60f4aeba6a374e9854a6ea36d10606df46bd45989a9,results/music_external_review/20260917T133518483857Z/review.json,f8bbd3cd9256b33aeb731d98a280a49da00f052fd0d181dcf29d6cb4bc00143d,percentage points,MAE(ratio10) - MAE(balanced),60,3,6.72,c
original_grouping,IGTB195,0,HC-572,music_weighted,300,ratio10,0.5411203288319497,0.7566120012384531,1.4688149388854264,0.6479437453165455,0.3972249090585649,1.041740841495353,0.1232701003066282,-0.4322725620708255,1547,results/music_external_review/20260917T133518483857Z/reference_arrangement_penalties.csv,67d11393f1ae62361838d60f4aeba6a374e9854a6ea36d10606df46bd45989a9,results/music_external_review/20260917T133518483857Z/review.json,f8bbd3cd9256b33aeb731d98a280a49da00f052fd0d181dcf29d6cb4bc00143d,percentage points,MAE(ratio10) - MAE(balanced),60,3,6.7709090909090905,c
original_grouping,IGTB195,0,IGTB1913,music_weighted,300,ratio10,0.4322852294868711,0.6544379443230337,0.1712560267337794,0.3444472610619576,0.804000397707626,1.4039713139385075,0.2109604555855209,-0.3409240781061739,1565,results/music_external_review/20260917T133518483857Z/reference_arrangement_penalties.csv,67d11393f1ae62361838d60f4aeba6a374e9854a6ea36d10606df46bd45989a9,results/music_external_review/20260917T133518483857Z/review.json,f8bbd3cd9256b33aeb731d98a280a49da00f052fd0d181dcf29d6cb4bc00143d,percentage points,MAE(ratio10) - MAE(balanced),60,3,6.821818181818182,c
original_grouping,IGTB195,1,IGTB1921,music_weighted,300,ratio10,-1.1674575345819698,-1.5738989819514773,-0.2621841966490206,-0.3001159499661453,-3.345994148313336,-2.7066988035316037,0.1367285337895479,-0.5264806428212633,1583,results/music_external_review/20260917T133518483857Z/reference_arrangement_penalties.csv,67d11393f1ae62361838d60f4aeba6a374e9854a6ea36d10606df46bd45989a9,results/music_external_review/20260917T133518483857Z/review.json,f8bbd3cd9256b33aeb731d98a280a49da00f052fd0d181dcf29d6cb4bc00143d,percentage points,MAE(ratio10) - MAE(balanced),60,3,6.872727272727273,c
original_grouping,IGTB195,1,IGTB1966,music_weighted,300,ratio10,-0.9193241733119082,-1.330762915624577,0.1851110439205539,-0.1338931240672467,-3.583017661440445,-3.0321264364618647,0.6397254549372785,0.4082556832402799,1601,results/music_external_review/20260917T133518483857Z/reference_arrangement_penalties.csv,67d11393f1ae62361838d60f4aeba6a374e9854a6ea36d10606df46bd45989a9,results/music_external_review/20260917T133518483857Z/review.json,f8bbd3cd9256b33aeb731d98a280a49da00f052fd0d181dcf29d6cb4bc00143d,percentage points,MAE(ratio10) - MAE(balanced),60,3,6.923636363636364,c
original_grouping,IGTB195,1,IGTB826,music_weighted,300,ratio10,-0.8398270434882995,-1.1529218735160809,0.0919224753698875,-0.6093733638157771,-2.4368342366607765,-2.3756373957439174,0.555654640933652,-0.264694381012863,1619,results/music_external_review/20260917T133518483857Z/reference_arrangement_penalties.csv,67d11393f1ae62361838d60f4aeba6a374e9854a6ea36d10606df46bd45989a9,results/music_external_review/20260917T133518483857Z/review.json,f8bbd3cd9256b33aeb731d98a280a49da00f052fd0d181dcf29d6cb4bc00143d,percentage points,MAE(ratio10) - MAE(balanced),60,3,6.974545454545455,c
original_grouping,IGTB195,2,HC-502,music_weighted,300,ratio10,0.3381083570194961,0.3967546996054513,0.5135287063649072,-0.1848917340702046,0.0622345073010183,1.098055035404124,0.0233450885318779,0.5163785385852582,1637,results/music_external_review/20260917T133518483857Z/reference_arrangement_penalties.csv,67d11393f1ae62361838d60f4aeba6a374e9854a6ea36d10606df46bd45989a9,results/music_external_review/20260917T133518483857Z/review.json,f8bbd3cd9256b33aeb731d98a280a49da00f052fd0d181dcf29d6cb4bc00143d,percentage points,MAE(ratio10) - MAE(balanced),60,3,7.025454545454545,c
original_grouping,IGTB195,2,IGTB256,music_weighted,300,ratio10,0.0452349069052004,-0.0107454048935501,0.3117876434587612,-0.4500368388259337,-0.5551439148860602,0.6402569438297827,0.0798582447927048,0.2446873630619442,1655,results/music_external_review/20260917T133518483857Z/reference_arrangement_penalties.csv,67d11393f1ae62361838d60f4aeba6a374e9854a6ea36d10606df46bd45989a9,results/music_external_review/20260917T133518483857Z/review.json,f8bbd3cd9256b33aeb731d98a280a49da00f052fd0d181dcf29d6cb4bc00143d,percentage points,MAE(ratio10) - MAE(balanced),60,3,7.076363636363636,c
original_grouping,IGTB195,2,IGTB498,music_weighted,300,ratio10,0.2957924627041245,0.3255404922436613,0.5290626149585522,-0.2361406747800851,0.1213678215822428,1.3108466444586764,0.0750910458283993,-0.0254726758230466,1673,results/music_external_review/20260917T133518483857Z/reference_arrangement_penalties.csv,67d11393f1ae62361838d60f4aeba6a374e9854a6ea36d10606df46bd45989a9,results/music_external_review/20260917T133518483857Z/review.json,f8bbd3cd9256b33aeb731d98a280a49da00f052fd0d181dcf29d6cb4bc00143d,percentage points,MAE(ratio10) - MAE(balanced),60,3,7.127272727272727,c
original_grouping,IGTB195,3,IGTB1506,music_weighted,300,ratio10,-0.5175897562348623,-0.8642352539522145,0.3174339290092429,-0.141601503895634,-1.9231064444818788,-2.363061678476376,0.3673771017483218,0.6374200586871523,1691,results/music_external_review/20260917T133518483857Z/reference_arrangement_penalties.csv,67d11393f1ae62361838d60f4aeba6a374e9854a6ea36d10606df46bd45989a9,results/music_external_review/20260917T133518483857Z/review.json,f8bbd3cd9256b33aeb731d98a280a49da00f052fd0d181dcf29d6cb4bc00143d,percentage points,MAE(ratio10) - MAE(balanced),60,3,7.178181818181818,c
original_grouping,IGTB195,3,IGTB508,music_weighted,300,ratio10,-0.3494360958538146,-0.5741976114110976,0.3325194895488535,-0.0730622078761491,-1.2241905701978906,-1.336900943893332,0.0649115335309817,0.1401061237646455,1709,results/music_external_review/20260917T133518483857Z/reference_arrangement_penalties.csv,67d11393f1ae62361838d60f4aeba6a374e9854a6ea36d10606df46bd45989a9,results/music_external_review/20260917T133518483857Z/review.json,f8bbd3cd9256b33aeb731d98a280a49da00f052fd0d181dcf29d6cb4bc00143d,percentage points,MAE(ratio10) - MAE(balanced),60,3,7.2290909090909095,c
original_grouping,IGTB195,3,IGTB514,music_weighted,300,ratio10,-0.5521762870938496,-0.8637646536151266,0.4228379889401819,-0.2903281717765611,-1.5722756581253394,-2.3675612390307426,0.0268891693810145,0.4673801880483505,1727,results/music_external_review/20260917T133518483857Z/reference_arrangement_penalties.csv,67d11393f1ae62361838d60f4aeba6a374e9854a6ea36d10606df46bd45989a9,results/music_external_review/20260917T133518483857Z/review.json,f8bbd3cd9256b33aeb731d98a280a49da00f052fd0d181dcf29d6cb4bc00143d,percentage points,MAE(ratio10) - MAE(balanced),60,3,7.28,c
original_grouping,IGTB1966,0,HC-502,music_weighted,300,ratio10,0.0835118744363408,0.1019677214042725,-0.4696359430426046,-0.5518413014757957,1.0668001555296696,0.6244092579424613,-0.2581491562942899,0.0894882339586125,1745,results/music_external_review/20260917T133518483857Z/reference_arrangement_penalties.csv,67d11393f1ae62361838d60f4aeba6a374e9854a6ea36d10606df46bd45989a9,results/music_external_review/20260917T133518483857Z/review.json,f8bbd3cd9256b33aeb731d98a280a49da00f052fd0d181dcf29d6cb4bc00143d,percentage points,MAE(ratio10) - MAE(balanced),60,3,7.72,c
original_grouping,IGTB1966,0,IGTB256,music_weighted,300,ratio10,0.1253834422161412,0.1460398506117388,-0.966802595362788,-0.3018337464546428,1.2148724881818014,0.8428909427202249,-0.2980369752119612,0.2612105394242164,1763,results/music_external_review/20260917T133518483857Z/reference_arrangement_penalties.csv,67d11393f1ae62361838d60f4aeba6a374e9854a6ea36d10606df46bd45989a9,results/music_external_review/20260917T133518483857Z/review.json,f8bbd3cd9256b33aeb731d98a280a49da00f052fd0d181dcf29d6cb4bc00143d,percentage points,MAE(ratio10) - MAE(balanced),60,3,7.7709090909090905,c
original_grouping,IGTB1966,0,IGTB498,music_weighted,300,ratio10,0.033716082320575,0.0493548402072264,-0.795025565058511,-0.7627984781076321,0.9645766427926716,0.8637283665630336,-0.6235374879195936,0.5553530156534935,1781,results/music_external_review/20260917T133518483857Z/reference_arrangement_penalties.csv,67d11393f1ae62361838d60f4aeba6a374e9854a6ea36d10606df46bd45989a9,results/music_external_review/20260917T133518483857Z/review.json,f8bbd3cd9256b33aeb731d98a280a49da00f052fd0d181dcf29d6cb4bc00143d,percentage points,MAE(ratio10) - MAE(balanced),60,3,7.821818181818182,c
original_grouping,IGTB1966,1,IGTB1506,music_weighted,300,ratio10,0.0803156960762115,0.2056782334082452,-1.018634182104018,-0.352735299076353,0.909446676582151,1.334920706067687,-0.855378708591985,0.4642749835797823,1799,results/music_external_review/20260917T133518483857Z/reference_arrangement_penalties.csv,67d11393f1ae62361838d60f4aeba6a374e9854a6ea36d10606df46bd45989a9,results/music_external_review/20260917T133518483857Z/review.json,f8bbd3cd9256b33aeb731d98a280a49da00f052fd0d181dcf29d6cb4bc00143d,percentage points,MAE(ratio10) - MAE(balanced),60,3,7.872727272727273,c
original_grouping,IGTB1966,1,IGTB508,music_weighted,300,ratio10,0.2657862596118214,0.3018948544394728,-0.3984833913744027,-0.0215869721602381,0.9000250788751119,0.6716123441425902,-0.2886303787681863,0.7317808769560559,1817,results/music_external_review/20260917T133518483857Z/reference_arrangement_penalties.csv,67d11393f1ae62361838d60f4aeba6a374e9854a6ea36d10606df46bd45989a9,results/music_external_review/20260917T133518483857Z/review.json,f8bbd3cd9256b33aeb731d98a280a49da00f052fd0d181dcf29d6cb4bc00143d,percentage points,MAE(ratio10) - MAE(balanced),60,3,7.923636363636364,c
original_grouping,IGTB1966,1,IGTB514,music_weighted,300,ratio10,0.0085062228086634,-0.0193035501116759,-0.7850087740506665,-0.1359173587149587,0.594113041703787,0.4296794514696669,-0.5300137326394923,0.4781847090836362,1835,results/music_external_review/20260917T133518483857Z/reference_arrangement_penalties.csv,67d11393f1ae62361838d60f4aeba6a374e9854a6ea36d10606df46bd45989a9,results/music_external_review/20260917T133518483857Z/review.json,f8bbd3cd9256b33aeb731d98a280a49da00f052fd0d181dcf29d6cb4bc00143d,percentage points,MAE(ratio10) - MAE(balanced),60,3,7.974545454545455,c
original_grouping,IGTB1966,2,IGTB1650,music_weighted,300,ratio10,0.1522084670839161,0.1807016147091203,0.3511933500283194,0.103355183620134,-0.2734878685904762,0.2808562882216214,-0.1128047279755144,0.5641385771994101,1853,results/music_external_review/20260917T133518483857Z/reference_arrangement_penalties.csv,67d11393f1ae62361838d60f4aeba6a374e9854a6ea36d10606df46bd45989a9,results/music_external_review/20260917T133518483857Z/review.json,f8bbd3cd9256b33aeb731d98a280a49da00f052fd0d181dcf29d6cb4bc00143d,percentage points,MAE(ratio10) - MAE(balanced),60,3,8.025454545454545,c
original_grouping,IGTB1966,2,IGTB1913,music_weighted,300,ratio10,0.1383362282190577,0.1468411893944188,-0.3477096489711597,0.2190215506118534,0.2234683065940396,0.2546342201803632,-0.0930074965547345,0.5736104374539797,1871,results/music_external_review/20260917T133518483857Z/reference_arrangement_penalties.csv,67d11393f1ae62361838d60f4aeba6a374e9854a6ea36d10606df46bd45989a9,results/music_external_review/20260917T133518483857Z/review.json,f8bbd3cd9256b33aeb731d98a280a49da00f052fd0d181dcf29d6cb4bc00143d,percentage points,MAE(ratio10) - MAE(balanced),60,3,8.076363636363636,c
original_grouping,IGTB1966,2,IGTB195,music_weighted,300,ratio10,-0.1422175691629391,-0.1558071680103277,-0.1789825982110756,-0.4305822738396489,-0.2208512216161965,-0.0383188920860594,-0.5551802298126584,0.570609800587994,1889,results/music_external_review/20260917T133518483857Z/reference_arrangement_penalties.csv,67d11393f1ae62361838d60f4aeba6a374e9854a6ea36d10606df46bd45989a9,results/music_external_review/20260917T133518483857Z/review.json,f8bbd3cd9256b33aeb731d98a280a49da00f052fd0d181dcf29d6cb4bc00143d,percentage points,MAE(ratio10) - MAE(balanced),60,3,8.127272727272727,c
original_grouping,IGTB1966,3,HC-014,music_weighted,300,ratio10,-0.513923684261393,-0.7798715223895686,-2.413501173304422,-0.0162742191619948,0.5330416576300224,-1.4828524732240285,-0.3207323588507798,0.6167764613428277,1907,results/music_external_review/20260917T133518483857Z/reference_arrangement_penalties.csv,67d11393f1ae62361838d60f4aeba6a374e9854a6ea36d10606df46bd45989a9,results/music_external_review/20260917T133518483857Z/review.json,f8bbd3cd9256b33aeb731d98a280a49da00f052fd0d181dcf29d6cb4bc00143d,percentage points,MAE(ratio10) - MAE(balanced),60,3,8.178181818181818,c
original_grouping,IGTB1966,3,HC-572,music_weighted,300,ratio10,-0.6339973475625533,-0.7674032719257007,-1.3516192517885743,-0.1098199170819091,-0.8628930053739269,-2.052544470097504,-0.246437292378419,0.8193298513450192,1925,results/music_external_review/20260917T133518483857Z/reference_arrangement_penalties.csv,67d11393f1ae62361838d60f4aeba6a374e9854a6ea36d10606df46bd45989a9,results/music_external_review/20260917T133518483857Z/review.json,f8bbd3cd9256b33aeb731d98a280a49da00f052fd0d181dcf29d6cb4bc00143d,percentage points,MAE(ratio10) - MAE(balanced),60,3,8.229090909090909,c
original_grouping,IGTB1966,3,IGTB1921,music_weighted,300,ratio10,-0.4772049120142715,-0.4493465133865936,-0.0874144953958091,-0.5097437408163962,-0.9390451755127904,-2.148114824971032,0.4356456983050001,0.3854430663053918,1943,results/music_external_review/20260917T133518483857Z/reference_arrangement_penalties.csv,67d11393f1ae62361838d60f4aeba6a374e9854a6ea36d10606df46bd45989a9,results/music_external_review/20260917T133518483857Z/review.json,f8bbd3cd9256b33aeb731d98a280a49da00f052fd0d181dcf29d6cb4bc00143d,percentage points,MAE(ratio10) - MAE(balanced),60,3,8.28,c
original_grouping,IGTB256,0,IGTB1506,music_weighted,300,ratio10,0.3142492179961547,0.3273321261295694,0.1280967954854953,0.1587940719159213,-0.0484084852250253,0.6002733251667273,0.1576751852815331,0.889064415352283,1961,results/music_external_review/20260917T133518483857Z/reference_arrangement_penalties.csv,67d11393f1ae62361838d60f4aeba6a374e9854a6ea36d10606df46bd45989a9,results/music_external_review/20260917T133518483857Z/review.json,f8bbd3cd9256b33aeb731d98a280a49da00f052fd0d181dcf29d6cb4bc00143d,percentage points,MAE(ratio10) - MAE(balanced),60,3,8.72,c
original_grouping,IGTB256,0,IGTB508,music_weighted,300,ratio10,0.2927595546390629,0.3860577131323273,-0.0014420196965723,0.2326063420870456,0.3946055010592594,0.8258982761086426,0.0446444200913037,0.2602448081847066,1979,results/music_external_review/20260917T133518483857Z/reference_arrangement_penalties.csv,67d11393f1ae62361838d60f4aeba6a374e9854a6ea36d10606df46bd45989a9,results/music_external_review/20260917T133518483857Z/review.json,f8bbd3cd9256b33aeb731d98a280a49da00f052fd0d181dcf29d6cb4bc00143d,percentage points,MAE(ratio10) - MAE(balanced),60,3,8.770909090909091,c
original_grouping,IGTB256,0,IGTB514,music_weighted,300,ratio10,0.2093065548715829,0.178750629226331,-0.1111186773372042,0.3899151772192976,-0.3459631993695883,0.5259333566737756,0.0144195131489282,0.7826531588942939,1997,results/music_external_review/20260917T133518483857Z/reference_arrangement_penalties.csv,67d11393f1ae62361838d60f4aeba6a374e9854a6ea36d10606df46bd45989a9,results/music_external_review/20260917T133518483857Z/review.json,f8bbd3cd9256b33aeb731d98a280a49da00f052fd0d181dcf29d6cb4bc00143d,percentage points,MAE(ratio10) - MAE(balanced),60,3,8.821818181818182,c
original_grouping,IGTB256,1,IGTB1650,music_weighted,300,ratio10,0.2660784625079279,0.4817670225534384,0.1087280892869257,0.0696980194339167,1.4877333522435858,1.131189588513227,-0.1733567801548658,-1.027521494275216,2015,results/music_external_review/20260917T133518483857Z/reference_arrangement_penalties.csv,67d11393f1ae62361838d60f4aeba6a374e9854a6ea36d10606df46bd45989a9,results/music_external_review/20260917T133518483857Z/review.json,f8bbd3cd9256b33aeb731d98a280a49da00f052fd0d181dcf29d6cb4bc00143d,percentage points,MAE(ratio10) - MAE(balanced),60,3,8.872727272727273,c
original_grouping,IGTB256,1,IGTB1913,music_weighted,300,ratio10,0.1904782637115069,0.3016136621037683,0.1410213590711497,0.0575948661348517,0.9279893532055428,0.6696507986464144,-0.0916959674422599,-0.5616908273466606,2033,results/music_external_review/20260917T133518483857Z/reference_arrangement_penalties.csv,67d11393f1ae62361838d60f4aeba6a374e9854a6ea36d10606df46bd45989a9,results/music_external_review/20260917T133518483857Z/review.json,f8bbd3cd9256b33aeb731d98a280a49da00f052fd0d181dcf29d6cb4bc00143d,percentage points,MAE(ratio10) - MAE(balanced),60,3,8.923636363636364,c
original_grouping,IGTB256,1,IGTB195,music_weighted,300,ratio10,0.4943134818907225,0.7499330891026621,0.1606530656413969,0.0595652685104964,1.0306954410552875,1.846579502513889,-0.1562082970933848,0.0245959107166543,2051,results/music_external_review/20260917T133518483857Z/reference_arrangement_penalties.csv,67d11393f1ae62361838d60f4aeba6a374e9854a6ea36d10606df46bd45989a9,results/music_external_review/20260917T133518483857Z/review.json,f8bbd3cd9256b33aeb731d98a280a49da00f052fd0d181dcf29d6cb4bc00143d,percentage points,MAE(ratio10) - MAE(balanced),60,3,8.974545454545455,c
original_grouping,IGTB256,2,HC-014,music_weighted,300,ratio10,-0.5986319420485722,-0.958506507793628,0.0299110625883797,0.1074653904395642,-1.060081838328761,-2.21302926546203,-0.4451846651526346,-0.010872336375947,2069,results/music_external_review/20260917T133518483857Z/reference_arrangement_penalties.csv,67d11393f1ae62361838d60f4aeba6a374e9854a6ea36d10606df46bd45989a9,results/music_external_review/20260917T133518483857Z/review.json,f8bbd3cd9256b33aeb731d98a280a49da00f052fd0d181dcf29d6cb4bc00143d,percentage points,MAE(ratio10) - MAE(balanced),60,3,9.025454545454545,c
original_grouping,IGTB256,2,HC-572,music_weighted,300,ratio10,-0.6112983300471649,-0.958277307329469,-0.2821314988766182,0.2487754342237033,-0.9807797381292545,-2.532977369231841,-0.3630587964641023,0.2423819881951239,2087,results/music_external_review/20260917T133518483857Z/reference_arrangement_penalties.csv,67d11393f1ae62361838d60f4aeba6a374e9854a6ea36d10606df46bd45989a9,results/music_external_review/20260917T133518483857Z/review.json,f8bbd3cd9256b33aeb731d98a280a49da00f052fd0d181dcf29d6cb4bc00143d,percentage points,MAE(ratio10) - MAE(balanced),60,3,9.076363636363636,c
original_grouping,IGTB256,2,IGTB1921,music_weighted,300,ratio10,-0.3103955802512944,-0.6812887346793192,0.98330837907724,0.1319223229455023,-1.0867039755944985,-2.4017762604912827,0.2685268059757792,0.2423492465795022,2105,results/music_external_review/20260917T133518483857Z/reference_arrangement_penalties.csv,67d11393f1ae62361838d60f4aeba6a374e9854a6ea36d10606df46bd45989a9,results/music_external_review/20260917T133518483857Z/review.json,f8bbd3cd9256b33aeb731d98a280a49da00f052fd0d181dcf29d6cb4bc00143d,percentage points,MAE(ratio10) - MAE(balanced),60,3,9.127272727272727,c
original_grouping,IGTB256,3,IGTB1966,music_weighted,300,ratio10,-0.03113353528971,-0.0933348149974946,0.5467406807445798,0.2365810178382391,-1.362354081205439,0.4744647554605607,-0.5758960131611369,0.4936624285849263,2123,results/music_external_review/20260917T133518483857Z/reference_arrangement_penalties.csv,67d11393f1ae62361838d60f4aeba6a374e9854a6ea36d10606df46bd45989a9,results/music_external_review/20260917T133518483857Z/review.json,f8bbd3cd9256b33aeb731d98a280a49da00f052fd0d181dcf29d6cb4bc00143d,percentage points,MAE(ratio10) - MAE(balanced),60,3,9.178181818181818,c
original_grouping,IGTB256,3,IGTB498,music_weighted,300,ratio10,-0.0885220795776241,-0.2660031742255002,0.1452211570721438,0.3373369245804117,-1.7182136975431737,0.8792710680703055,-0.075899462120968,-0.0988484675244682,2141,results/music_external_review/20260917T133518483857Z/reference_arrangement_penalties.csv,67d11393f1ae62361838d60f4aeba6a374e9854a6ea36d10606df46bd45989a9,results/music_external_review/20260917T133518483857Z/review.json,f8bbd3cd9256b33aeb731d98a280a49da00f052fd0d181dcf29d6cb4bc00143d,percentage points,MAE(ratio10) - MAE(balanced),60,3,9.229090909090909,c
original_grouping,IGTB256,3,IGTB826,music_weighted,300,ratio10,-0.2793451569592671,-0.4060231716223921,0.4153307145873475,0.2604391507569242,-1.3810133433397878,0.040590133550234,-0.5770516750756775,-0.4343659222346454,2159,results/music_external_review/20260917T133518483857Z/reference_arrangement_penalties.csv,67d11393f1ae62361838d60f4aeba6a374e9854a6ea36d10606df46bd45989a9,results/music_external_review/20260917T133518483857Z/review.json,f8bbd3cd9256b33aeb731d98a280a49da00f052fd0d181dcf29d6cb4bc00143d,percentage points,MAE(ratio10) - MAE(balanced),60,3,9.28,c
original_grouping,IGTB498,0,HC-502,music_weighted,300,ratio10,-0.2981924452428552,-0.5714449271672624,-0.2121787283519594,0.2093767242203702,-1.856599081190988,-1.1812980168779297,0.1091858630180371,1.1423585677253385,2177,results/music_external_review/20260917T133518483857Z/reference_arrangement_penalties.csv,67d11393f1ae62361838d60f4aeba6a374e9854a6ea36d10606df46bd45989a9,results/music_external_review/20260917T133518483857Z/review.json,f8bbd3cd9256b33aeb731d98a280a49da00f052fd0d181dcf29d6cb4bc00143d,percentage points,MAE(ratio10) - MAE(balanced),60,3,9.72,c
original_grouping,IGTB498,0,IGTB256,music_weighted,300,ratio10,0.395346410687183,0.5605202779531846,0.1878339707004959,-0.1097822684193533,0.9336172470485667,0.5036777812727481,0.1193762780278605,0.7373554554927751,2195,results/music_external_review/20260917T133518483857Z/reference_arrangement_penalties.csv,67d11393f1ae62361838d60f4aeba6a374e9854a6ea36d10606df46bd45989a9,results/music_external_review/20260917T133518483857Z/review.json,f8bbd3cd9256b33aeb731d98a280a49da00f052fd0d181dcf29d6cb4bc00143d,percentage points,MAE(ratio10) - MAE(balanced),60,3,9.770909090909091,c
original_grouping,IGTB498,0,IGTB514,music_weighted,300,ratio10,-0.1285834292641365,-0.3499977440374596,-0.1700955854447211,-0.0289939451320508,-1.4393751515390856,-1.251688686933956,0.1568029669907669,1.961849826474208,2213,results/music_external_review/20260917T133518483857Z/reference_arrangement_penalties.csv,67d11393f1ae62361838d60f4aeba6a374e9854a6ea36d10606df46bd45989a9,results/music_external_review/20260917T133518483857Z/review.json,f8bbd3cd9256b33aeb731d98a280a49da00f052fd0d181dcf29d6cb4bc00143d,percentage points,MAE(ratio10) - MAE(balanced),60,3,9.821818181818182,c
original_grouping,IGTB498,1,IGTB1506,music_weighted,300,ratio10,0.2764957070241775,0.455998731240372,0.1493294208787541,-0.0353321772086783,0.2838943258966052,1.2859976356589662,0.0640247656906467,-0.0889397287712259,2231,results/music_external_review/20260917T133518483857Z/reference_arrangement_penalties.csv,67d11393f1ae62361838d60f4aeba6a374e9854a6ea36d10606df46bd45989a9,results/music_external_review/20260917T133518483857Z/review.json,f8bbd3cd9256b33aeb731d98a280a49da00f052fd0d181dcf29d6cb4bc00143d,percentage points,MAE(ratio10) - MAE(balanced),60,3,9.872727272727273,c
original_grouping,IGTB498,1,IGTB1650,music_weighted,300,ratio10,-0.1243138407019996,-0.1470606634138504,-0.0648337123502743,-0.3074878448723733,-0.7024488144564377,0.4144086869771072,0.0627652126762919,-0.1482865721863035,2249,results/music_external_review/20260917T133518483857Z/reference_arrangement_penalties.csv,67d11393f1ae62361838d60f4aeba6a374e9854a6ea36d10606df46bd45989a9,results/music_external_review/20260917T133518483857Z/review.json,f8bbd3cd9256b33aeb731d98a280a49da00f052fd0d181dcf29d6cb4bc00143d,percentage points,MAE(ratio10) - MAE(balanced),60,3,9.923636363636364,c
original_grouping,IGTB498,1,IGTB508,music_weighted,300,ratio10,-0.0480959741158682,-0.125386331972948,0.208129141550331,-0.069406808322494,-1.1873276215178237,0.5316307760867969,0.0682910783166378,0.1601075891913469,2267,results/music_external_review/20260917T133518483857Z/reference_arrangement_penalties.csv,67d11393f1ae62361838d60f4aeba6a374e9854a6ea36d10606df46bd45989a9,results/music_external_review/20260917T133518483857Z/review.json,f8bbd3cd9256b33aeb731d98a280a49da00f052fd0d181dcf29d6cb4bc00143d,percentage points,MAE(ratio10) - MAE(balanced),60,3,9.974545454545455,c
original_grouping,IGTB498,2,HC-572,music_weighted,300,ratio10,-0.378811536472581,-0.7385639244367673,0.1840402705094289,0.1235730211954027,-1.8531678058427192,-1.317843991957002,-0.2267229532664855,0.8172522405258896,2285,results/music_external_review/20260917T133518483857Z/reference_arrangement_penalties.csv,67d11393f1ae62361838d60f4aeba6a374e9854a6ea36d10606df46bd45989a9,results/music_external_review/20260917T133518483857Z/review.json,f8bbd3cd9256b33aeb731d98a280a49da00f052fd0d181dcf29d6cb4bc00143d,percentage points,MAE(ratio10) - MAE(balanced),60,3,10.025454545454545,c
original_grouping,IGTB498,2,IGTB1913,music_weighted,300,ratio10,-0.3569336795327979,-0.7137757752692113,-0.0469654272715041,0.2441757796110079,-1.68566042046191,-1.562309600561718,-0.0147445261453355,0.9239021176326734,2303,results/music_external_review/20260917T133518483857Z/reference_arrangement_penalties.csv,67d11393f1ae62361838d60f4aeba6a374e9854a6ea36d10606df46bd45989a9,results/music_external_review/20260917T133518483857Z/review.json,f8bbd3cd9256b33aeb731d98a280a49da00f052fd0d181dcf29d6cb4bc00143d,percentage points,MAE(ratio10) - MAE(balanced),60,3,10.076363636363636,c
original_grouping,IGTB498,2,IGTB195,music_weighted,300,ratio10,-0.255534913062815,-0.4310250279953195,-0.1202810552693579,0.256832055317624,-1.1454503689958038,-0.6549353631702758,-0.0341424321918067,0.1647676859327281,2321,results/music_external_review/20260917T133518483857Z/reference_arrangement_penalties.csv,67d11393f1ae62361838d60f4aeba6a374e9854a6ea36d10606df46bd45989a9,results/music_external_review/20260917T133518483857Z/review.json,f8bbd3cd9256b33aeb731d98a280a49da00f052fd0d181dcf29d6cb4bc00143d,percentage points,MAE(ratio10) - MAE(balanced),60,3,10.127272727272727,c
original_grouping,IGTB498,3,HC-014,music_weighted,300,ratio10,0.1012030859892563,0.1933366851376781,0.0054101978825041,0.0558946478140851,-0.0264576085165671,0.4811654800359724,-0.0362407569670985,0.1274465556866393,2339,results/music_external_review/20260917T133518483857Z/reference_arrangement_penalties.csv,67d11393f1ae62361838d60f4aeba6a374e9854a6ea36d10606df46bd45989a9,results/music_external_review/20260917T133518483857Z/review.json,f8bbd3cd9256b33aeb731d98a280a49da00f052fd0d181dcf29d6cb4bc00143d,percentage points,MAE(ratio10) - MAE(balanced),60,3,10.178181818181818,c
original_grouping,IGTB498,3,IGTB1921,music_weighted,300,ratio10,0.190400008171442,0.1602544926276445,0.5918695258960404,0.0279792698186254,-0.1349748788833316,0.745914924213012,0.2912824970178794,-0.3796712890335743,2357,results/music_external_review/20260917T133518483857Z/reference_arrangement_penalties.csv,67d11393f1ae62361838d60f4aeba6a374e9854a6ea36d10606df46bd45989a9,results/music_external_review/20260917T133518483857Z/review.json,f8bbd3cd9256b33aeb731d98a280a49da00f052fd0d181dcf29d6cb4bc00143d,percentage points,MAE(ratio10) - MAE(balanced),60,3,10.229090909090909,c
original_grouping,IGTB498,3,IGTB826,music_weighted,300,ratio10,-0.1143598985959809,-0.246206411342506,0.3843750117140259,-0.0049456270438076,-1.3600097484684914,0.2138518842933115,-0.1071565195692987,0.1877256074983707,2375,results/music_external_review/20260917T133518483857Z/reference_arrangement_penalties.csv,67d11393f1ae62361838d60f4aeba6a374e9854a6ea36d10606df46bd45989a9,results/music_external_review/20260917T133518483857Z/review.json,f8bbd3cd9256b33aeb731d98a280a49da00f052fd0d181dcf29d6cb4bc00143d,percentage points,MAE(ratio10) - MAE(balanced),60,3,10.28,c
original_grouping,IGTB508,0,IGTB1650,music_weighted,300,ratio10,0.1397114694645854,0.2857052596371127,-0.0686053442024647,0.2013723227217495,-0.2797843120944736,0.6096996192970484,0.136400227100407,0.2391863039652583,2393,results/music_external_review/20260917T133518483857Z/reference_arrangement_penalties.csv,67d11393f1ae62361838d60f4aeba6a374e9854a6ea36d10606df46bd45989a9,results/music_external_review/20260917T133518483857Z/review.json,f8bbd3cd9256b33aeb731d98a280a49da00f052fd0d181dcf29d6cb4bc00143d,percentage points,MAE(ratio10) - MAE(balanced),60,3,10.72,c
original_grouping,IGTB508,0,IGTB1913,music_weighted,300,ratio10,0.5347251165134739,0.7748854997078893,0.3880975670037365,0.1269841410795873,0.3823576211625742,1.506115069470537,0.4813730236703278,0.3234232766940965,2411,results/music_external_review/20260917T133518483857Z/reference_arrangement_penalties.csv,67d11393f1ae62361838d60f4aeba6a374e9854a6ea36d10606df46bd45989a9,results/music_external_review/20260917T133518483857Z/review.json,f8bbd3cd9256b33aeb731d98a280a49da00f052fd0d181dcf29d6cb4bc00143d,percentage points,MAE(ratio10) - MAE(balanced),60,3,10.770909090909091,c
original_grouping,IGTB508,0,IGTB195,music_weighted,300,ratio10,0.2930112035157686,0.4040516877565306,0.1018705756704573,0.2059652108902734,0.046435521874334,0.8775777409601934,0.1496309076453754,0.3765872640539738,2429,results/music_external_review/20260917T133518483857Z/reference_arrangement_penalties.csv,67d11393f1ae62361838d60f4aeba6a374e9854a6ea36d10606df46bd45989a9,results/music_external_review/20260917T133518483857Z/review.json,f8bbd3cd9256b33aeb731d98a280a49da00f052fd0d181dcf29d6cb4bc00143d,percentage points,MAE(ratio10) - MAE(balanced),60,3,10.821818181818182,c
original_grouping,IGTB508,1,HC-014,music_weighted,300,ratio10,-0.4328602189917658,-0.4834445070580274,-0.4772619756388586,0.1196397279387288,-0.9689363451522948,-1.377978861516135,-0.4780330794371361,0.5854092198551014,2447,results/music_external_review/20260917T133518483857Z/reference_arrangement_penalties.csv,67d11393f1ae62361838d60f4aeba6a374e9854a6ea36d10606df46bd45989a9,results/music_external_review/20260917T133518483857Z/review.json,f8bbd3cd9256b33aeb731d98a280a49da00f052fd0d181dcf29d6cb4bc00143d,percentage points,MAE(ratio10) - MAE(balanced),60,3,10.872727272727273,c
original_grouping,IGTB508,1,HC-572,music_weighted,300,ratio10,-0.4481993991374345,-0.4740912422588339,-0.719326379672864,0.2872750622383154,-0.9327665440788528,-1.521021321298859,-0.4202038900686505,0.6168466780562964,2465,results/music_external_review/20260917T133518483857Z/reference_arrangement_penalties.csv,67d11393f1ae62361838d60f4aeba6a374e9854a6ea36d10606df46bd45989a9,results/music_external_review/20260917T133518483857Z/review.json,f8bbd3cd9256b33aeb731d98a280a49da00f052fd0d181dcf29d6cb4bc00143d,percentage points,MAE(ratio10) - MAE(balanced),60,3,10.923636363636364,c
original_grouping,IGTB508,1,IGTB1921,music_weighted,300,ratio10,-0.1344512811087876,-0.2602983411401517,0.6464563583066015,0.33068236346347,-1.5106554517711013,-1.3774102150113547,0.4907621879440616,0.6134570704155984,2483,results/music_external_review/20260917T133518483857Z/reference_arrangement_penalties.csv,67d11393f1ae62361838d60f4aeba6a374e9854a6ea36d10606df46bd45989a9,results/music_external_review/20260917T133518483857Z/review.json,f8bbd3cd9256b33aeb731d98a280a49da00f052fd0d181dcf29d6cb4bc00143d,percentage points,MAE(ratio10) - MAE(balanced),60,3,10.974545454545455,c
original_grouping,IGTB508,2,IGTB1966,music_weighted,300,ratio10,0.25738402374489,0.4353928681300025,0.5470797322476533,-0.0394249046368666,-0.7192571672112922,1.659250128834959,-0.4989497524634961,0.5956061056983739,2501,results/music_external_review/20260917T133518483857Z/reference_arrangement_penalties.csv,67d11393f1ae62361838d60f4aeba6a374e9854a6ea36d10606df46bd45989a9,results/music_external_review/20260917T133518483857Z/review.json,f8bbd3cd9256b33aeb731d98a280a49da00f052fd0d181dcf29d6cb4bc00143d,percentage points,MAE(ratio10) - MAE(balanced),60,3,11.025454545454545,c
original_grouping,IGTB508,2,IGTB498,music_weighted,300,ratio10,0.0974716635071945,0.1160480112229926,0.1804187338237236,0.1498463909950515,-1.6429668238423043,1.5766663067866138,0.0699210316806949,0.2509443415993929,2519,results/music_external_review/20260917T133518483857Z/reference_arrangement_penalties.csv,67d11393f1ae62361838d60f4aeba6a374e9854a6ea36d10606df46bd45989a9,results/music_external_review/20260917T133518483857Z/review.json,f8bbd3cd9256b33aeb731d98a280a49da00f052fd0d181dcf29d6cb4bc00143d,percentage points,MAE(ratio10) - MAE(balanced),60,3,11.076363636363636,c
original_grouping,IGTB508,2,IGTB826,music_weighted,300,ratio10,0.0801541566290034,0.169171425148579,0.2192805441736464,-0.103474799005403,-0.7669566571481691,1.4410210956199556,-0.3300968488649417,0.0211516049989308,2537,results/music_external_review/20260917T133518483857Z/reference_arrangement_penalties.csv,67d11393f1ae62361838d60f4aeba6a374e9854a6ea36d10606df46bd45989a9,results/music_external_review/20260917T133518483857Z/review.json,f8bbd3cd9256b33aeb731d98a280a49da00f052fd0d181dcf29d6cb4bc00143d,percentage points,MAE(ratio10) - MAE(balanced),60,3,11.127272727272727,c
original_grouping,IGTB508,3,HC-502,music_weighted,300,ratio10,-0.2006157890439028,-0.339190502041492,0.1259765508505131,0.1939929007834541,-1.5169651542378924,-0.6299609861308341,0.2229482051360803,0.4003137493352605,2555,results/music_external_review/20260917T133518483857Z/reference_arrangement_penalties.csv,67d11393f1ae62361838d60f4aeba6a374e9854a6ea36d10606df46bd45989a9,results/music_external_review/20260917T133518483857Z/review.json,f8bbd3cd9256b33aeb731d98a280a49da00f052fd0d181dcf29d6cb4bc00143d,percentage points,MAE(ratio10) - MAE(balanced),60,3,11.178181818181818,c
original_grouping,IGTB508,3,IGTB256,music_weighted,300,ratio10,0.5084487642166347,0.6788062602138643,0.401528580574625,0.1939496151428236,0.8633584952470003,0.955069063833126,0.2877002298578472,0.3490866006443821,2573,results/music_external_review/20260917T133518483857Z/reference_arrangement_penalties.csv,67d11393f1ae62361838d60f4aeba6a374e9854a6ea36d10606df46bd45989a9,results/music_external_review/20260917T133518483857Z/review.json,f8bbd3cd9256b33aeb731d98a280a49da00f052fd0d181dcf29d6cb4bc00143d,percentage points,MAE(ratio10) - MAE(balanced),60,3,11.229090909090909,c
original_grouping,IGTB508,3,IGTB514,music_weighted,300,ratio10,-0.1039157079087263,-0.2284130435340618,0.104354889813761,0.2755555914149724,-0.959505274190364,-0.5672568146219893,0.3395119478980671,0.183845412233197,2591,results/music_external_review/20260917T133518483857Z/reference_arrangement_penalties.csv,67d11393f1ae62361838d60f4aeba6a374e9854a6ea36d10606df46bd45989a9,results/music_external_review/20260917T133518483857Z/review.json,f8bbd3cd9256b33aeb731d98a280a49da00f052fd0d181dcf29d6cb4bc00143d,percentage points,MAE(ratio10) - MAE(balanced),60,3,11.28,c
original_grouping,IGTB514,0,IGTB1506,music_weighted,300,ratio10,0.2149097328322817,0.359112636924568,0.3416834038574191,-0.0857913847976658,0.7132454108123931,0.8448844801947972,-0.4392693397991035,-0.0852941732741532,2609,results/music_external_review/20260917T133518483857Z/reference_arrangement_penalties.csv,67d11393f1ae62361838d60f4aeba6a374e9854a6ea36d10606df46bd45989a9,results/music_external_review/20260917T133518483857Z/review.json,f8bbd3cd9256b33aeb731d98a280a49da00f052fd0d181dcf29d6cb4bc00143d,percentage points,MAE(ratio10) - MAE(balanced),60,3,11.72,c
original_grouping,IGTB514,0,IGTB1650,music_weighted,300,ratio10,0.4130318987687392,0.5535703571396516,0.5338873810866775,0.0070085189300181,1.098533157829879,1.0121117848725605,-0.0866849142222584,-0.0866645358844432,2627,results/music_external_review/20260917T133518483857Z/reference_arrangement_penalties.csv,67d11393f1ae62361838d60f4aeba6a374e9854a6ea36d10606df46bd45989a9,results/music_external_review/20260917T133518483857Z/review.json,f8bbd3cd9256b33aeb731d98a280a49da00f052fd0d181dcf29d6cb4bc00143d,percentage points,MAE(ratio10) - MAE(balanced),60,3,11.770909090909091,c
original_grouping,IGTB514,0,IGTB508,music_weighted,300,ratio10,0.4248937078968593,0.6046442326233091,0.5280123945148051,-0.011756463585144,0.8991550607540353,1.2634996950171855,-0.2191590459202282,0.0896106066004886,2645,results/music_external_review/20260917T133518483857Z/reference_arrangement_penalties.csv,67d11393f1ae62361838d60f4aeba6a374e9854a6ea36d10606df46bd45989a9,results/music_external_review/20260917T133518483857Z/review.json,f8bbd3cd9256b33aeb731d98a280a49da00f052fd0d181dcf29d6cb4bc00143d,percentage points,MAE(ratio10) - MAE(balanced),60,3,11.821818181818182,c
original_grouping,IGTB514,1,HC-572,music_weighted,300,ratio10,0.2604466486980053,0.3564749318278039,0.6544354643171042,-0.4340307308759658,-0.0108342028319376,0.6843392065523863,-0.2178878091471157,0.8866579641735599,2663,results/music_external_review/20260917T133518483857Z/reference_arrangement_penalties.csv,67d11393f1ae62361838d60f4aeba6a374e9854a6ea36d10606df46bd45989a9,results/music_external_review/20260917T133518483857Z/review.json,f8bbd3cd9256b33aeb731d98a280a49da00f052fd0d181dcf29d6cb4bc00143d,percentage points,MAE(ratio10) - MAE(balanced),60,3,11.872727272727273,c
original_grouping,IGTB514,1,IGTB1913,music_weighted,300,ratio10,0.26222413298246,0.2633550684948861,0.2807611116091486,-0.0400441735207765,-0.1648770974133992,0.4340461812040865,0.1085864998934239,0.9548722761222764,2681,results/music_external_review/20260917T133518483857Z/reference_arrangement_penalties.csv,67d11393f1ae62361838d60f4aeba6a374e9854a6ea36d10606df46bd45989a9,results/music_external_review/20260917T133518483857Z/review.json,f8bbd3cd9256b33aeb731d98a280a49da00f052fd0d181dcf29d6cb4bc00143d,percentage points,MAE(ratio10) - MAE(balanced),60,3,11.923636363636364,c
original_grouping,IGTB514,1,IGTB195,music_weighted,300,ratio10,0.3268541568286072,0.542817440722992,0.5088026087945846,-0.748274850406442,0.8151580474751694,1.412428037481697,-0.1361229658287809,0.109134063455414,2699,results/music_external_review/20260917T133518483857Z/reference_arrangement_penalties.csv,67d11393f1ae62361838d60f4aeba6a374e9854a6ea36d10606df46bd45989a9,results/music_external_review/20260917T133518483857Z/review.json,f8bbd3cd9256b33aeb731d98a280a49da00f052fd0d181dcf29d6cb4bc00143d,percentage points,MAE(ratio10) - MAE(balanced),60,3,11.974545454545455,c
original_grouping,IGTB514,2,HC-014,music_weighted,300,ratio10,0.1431199204940829,0.3630755241314522,-0.8562473881262076,0.2024906679278852,0.9599391992294904,0.9525158359704088,-0.54286261311768,0.1428838210806016,2717,results/music_external_review/20260917T133518483857Z/reference_arrangement_penalties.csv,67d11393f1ae62361838d60f4aeba6a374e9854a6ea36d10606df46bd45989a9,results/music_external_review/20260917T133518483857Z/review.json,f8bbd3cd9256b33aeb731d98a280a49da00f052fd0d181dcf29d6cb4bc00143d,percentage points,MAE(ratio10) - MAE(balanced),60,3,12.025454545454545,c
original_grouping,IGTB514,2,IGTB1921,music_weighted,300,ratio10,0.4326689196263876,0.6469077600531737,0.0424641104201209,0.2353079964151972,1.109423672267682,1.2789244371649826,0.1219676958100195,-0.1920743943196839,2735,results/music_external_review/20260917T133518483857Z/reference_arrangement_penalties.csv,67d11393f1ae62361838d60f4aeba6a374e9854a6ea36d10606df46bd45989a9,results/music_external_review/20260917T133518483857Z/review.json,f8bbd3cd9256b33aeb731d98a280a49da00f052fd0d181dcf29d6cb4bc00143d,percentage points,MAE(ratio10) - MAE(balanced),60,3,12.076363636363636,c
original_grouping,IGTB514,2,IGTB826,music_weighted,300,ratio10,0.1495518838890052,0.26880076125372,-0.2668541508132931,0.2036191578271157,0.2732017786884889,0.8961501136912478,-0.212764317436596,0.0039587213770619,2753,results/music_external_review/20260917T133518483857Z/reference_arrangement_penalties.csv,67d11393f1ae62361838d60f4aeba6a374e9854a6ea36d10606df46bd45989a9,results/music_external_review/20260917T133518483857Z/review.json,f8bbd3cd9256b33aeb731d98a280a49da00f052fd0d181dcf29d6cb4bc00143d,percentage points,MAE(ratio10) - MAE(balanced),60,3,12.127272727272727,c
original_grouping,IGTB514,3,HC-502,music_weighted,300,ratio10,0.4555354956128035,0.6373095597354193,0.3183797026361737,0.3467959625402719,0.4138786621716808,1.1942730387893263,-0.0779176116624548,0.5378032192018313,2771,results/music_external_review/20260917T133518483857Z/reference_arrangement_penalties.csv,67d11393f1ae62361838d60f4aeba6a374e9854a6ea36d10606df46bd45989a9,results/music_external_review/20260917T133518483857Z/review.json,f8bbd3cd9256b33aeb731d98a280a49da00f052fd0d181dcf29d6cb4bc00143d,percentage points,MAE(ratio10) - MAE(balanced),60,3,12.178181818181818,c
original_grouping,IGTB514,3,IGTB1966,music_weighted,300,ratio10,0.663659605253829,0.9635789679075047,0.1528723028984763,0.4738847974153606,1.3457008032528277,1.666687516926608,-0.149850955313062,0.492663166342757,2789,results/music_external_review/20260917T133518483857Z/reference_arrangement_penalties.csv,67d11393f1ae62361838d60f4aeba6a374e9854a6ea36d10606df46bd45989a9,results/music_external_review/20260917T133518483857Z/review.json,f8bbd3cd9256b33aeb731d98a280a49da00f052fd0d181dcf29d6cb4bc00143d,percentage points,MAE(ratio10) - MAE(balanced),60,3,12.229090909090909,c
original_grouping,IGTB514,3,IGTB498,music_weighted,300,ratio10,0.6954199038967026,1.077361799928274,-0.1854252789850133,0.1602125864160523,1.6584128382862957,1.926300159781439,0.021598423705443,0.5914206941759969,2807,results/music_external_review/20260917T133518483857Z/reference_arrangement_penalties.csv,67d11393f1ae62361838d60f4aeba6a374e9854a6ea36d10606df46bd45989a9,results/music_external_review/20260917T133518483857Z/review.json,f8bbd3cd9256b33aeb731d98a280a49da00f052fd0d181dcf29d6cb4bc00143d,percentage points,MAE(ratio10) - MAE(balanced),60,3,12.28,c
original_grouping,IGTB826,0,HC-502,music_weighted,300,ratio10,-1.6821892789265351,-2.2049623903929,-0.3172131690828776,-0.1691368142833007,-3.701221212668533,-4.020374107683419,-0.3516132078528062,-1.5335771619882734,2825,results/music_external_review/20260917T133518483857Z/reference_arrangement_penalties.csv,67d11393f1ae62361838d60f4aeba6a374e9854a6ea36d10606df46bd45989a9,results/music_external_review/20260917T133518483857Z/review.json,f8bbd3cd9256b33aeb731d98a280a49da00f052fd0d181dcf29d6cb4bc00143d,percentage points,MAE(ratio10) - MAE(balanced),60,3,12.72,c
original_grouping,IGTB826,0,IGTB1966,music_weighted,300,ratio10,-1.320213374529451,-1.6545342865297168,-0.2561025527003351,0.0726148967105693,-2.379883551151992,-3.30020928800347,-0.5209591976872403,-1.5367405543442465,2843,results/music_external_review/20260917T133518483857Z/reference_arrangement_penalties.csv,67d11393f1ae62361838d60f4aeba6a374e9854a6ea36d10606df46bd45989a9,results/music_external_review/20260917T133518483857Z/review.json,f8bbd3cd9256b33aeb731d98a280a49da00f052fd0d181dcf29d6cb4bc00143d,percentage points,MAE(ratio10) - MAE(balanced),60,3,12.770909090909091,c
original_grouping,IGTB826,0,IGTB498,music_weighted,300,ratio10,-0.651187163160964,-0.831574483497094,-0.633958723691848,0.065803519134674,-1.1771118976097807,-1.253367222670522,-0.0731459587951854,-0.8353426953331143,2861,results/music_external_review/20260917T133518483857Z/reference_arrangement_penalties.csv,67d11393f1ae62361838d60f4aeba6a374e9854a6ea36d10606df46bd45989a9,results/music_external_review/20260917T133518483857Z/review.json,f8bbd3cd9256b33aeb731d98a280a49da00f052fd0d181dcf29d6cb4bc00143d,percentage points,MAE(ratio10) - MAE(balanced),60,3,12.821818181818182,c
original_grouping,IGTB826,1,IGTB1506,music_weighted,300,ratio10,0.2727612255554082,0.5040995353691028,-0.4734887163200973,0.2519613548894249,0.6566655924732181,1.455926131627553,0.0920456912055163,-0.3465427005431681,2879,results/music_external_review/20260917T133518483857Z/reference_arrangement_penalties.csv,67d11393f1ae62361838d60f4aeba6a374e9854a6ea36d10606df46bd45989a9,results/music_external_review/20260917T133518483857Z/review.json,f8bbd3cd9256b33aeb731d98a280a49da00f052fd0d181dcf29d6cb4bc00143d,percentage points,MAE(ratio10) - MAE(balanced),60,3,12.872727272727273,c
original_grouping,IGTB826,1,IGTB256,music_weighted,300,ratio10,0.1163632728020847,0.3240804623771495,-0.4524595001294868,-0.0106788722465968,0.3111692207528748,1.3290357687806231,-0.1789585412733095,-0.2999284390715889,2897,results/music_external_review/20260917T133518483857Z/reference_arrangement_penalties.csv,67d11393f1ae62361838d60f4aeba6a374e9854a6ea36d10606df46bd45989a9,results/music_external_review/20260917T133518483857Z/review.json,f8bbd3cd9256b33aeb731d98a280a49da00f052fd0d181dcf29d6cb4bc00143d,percentage points,MAE(ratio10) - MAE(balanced),60,3,12.923636363636364,c
original_grouping,IGTB826,1,IGTB514,music_weighted,300,ratio10,-0.0490042510938769,0.1371383167950321,-0.3503950865288717,-0.1676748882626277,-0.0931868843002614,0.9716868752516646,-0.0356795330208558,-0.6187759897023124,2915,results/music_external_review/20260917T133518483857Z/reference_arrangement_penalties.csv,67d11393f1ae62361838d60f4aeba6a374e9854a6ea36d10606df46bd45989a9,results/music_external_review/20260917T133518483857Z/review.json,f8bbd3cd9256b33aeb731d98a280a49da00f052fd0d181dcf29d6cb4bc00143d,percentage points,MAE(ratio10) - MAE(balanced),60,3,12.974545454545455,c
original_grouping,IGTB826,2,IGTB1650,music_weighted,300,ratio10,-1.1924227734769617,-1.6069799918361285,-0.002598597472036,0.0787192680170333,-2.8707472562135483,-2.814314506148011,-0.1368172630846051,-1.4087782859606048,2933,results/music_external_review/20260917T133518483857Z/reference_arrangement_penalties.csv,67d11393f1ae62361838d60f4aeba6a374e9854a6ea36d10606df46bd45989a9,results/music_external_review/20260917T133518483857Z/review.json,f8bbd3cd9256b33aeb731d98a280a49da00f052fd0d181dcf29d6cb4bc00143d,percentage points,MAE(ratio10) - MAE(balanced),60,3,13.025454545454545,c
original_grouping,IGTB826,2,IGTB195,music_weighted,300,ratio10,-0.8430207513218586,-1.1352425070553187,-0.0159672533971006,0.1450299003686234,-2.080759077502554,-1.989621627276199,-0.1625013432633517,-0.954305106860588,2951,results/music_external_review/20260917T133518483857Z/reference_arrangement_penalties.csv,67d11393f1ae62361838d60f4aeba6a374e9854a6ea36d10606df46bd45989a9,results/music_external_review/20260917T133518483857Z/review.json,f8bbd3cd9256b33aeb731d98a280a49da00f052fd0d181dcf29d6cb4bc00143d,percentage points,MAE(ratio10) - MAE(balanced),60,3,13.076363636363636,c
original_grouping,IGTB826,2,IGTB508,music_weighted,300,ratio10,-0.8380001873793298,-1.0965903035032396,0.1061396123175092,0.0936155608258855,-1.8640285530025715,-2.106332854832196,-0.1905397370234696,-1.0668551525611418,2969,results/music_external_review/20260917T133518483857Z/reference_arrangement_penalties.csv,67d11393f1ae62361838d60f4aeba6a374e9854a6ea36d10606df46bd45989a9,results/music_external_review/20260917T133518483857Z/review.json,f8bbd3cd9256b33aeb731d98a280a49da00f052fd0d181dcf29d6cb4bc00143d,percentage points,MAE(ratio10) - MAE(balanced),60,3,13.127272727272727,c
original_grouping,IGTB826,3,HC-014,music_weighted,300,ratio10,-0.6112053046362126,-0.949097515268446,-0.2485287996367784,0.2111823894630057,-1.31309360265642,-2.271521319390299,-0.0944655400244183,0.0491950444276155,2987,results/music_external_review/20260917T133518483857Z/reference_arrangement_penalties.csv,67d11393f1ae62361838d60f4aeba6a374e9854a6ea36d10606df46bd45989a9,results/music_external_review/20260917T133518483857Z/review.json,f8bbd3cd9256b33aeb731d98a280a49da00f052fd0d181dcf29d6cb4bc00143d,percentage points,MAE(ratio10) - MAE(balanced),60,3,13.178181818181818,c
original_grouping,IGTB826,3,HC-572,music_weighted,300,ratio10,-0.6051955090085368,-1.123656871876683,1.3893635183025668,0.3713671860328222,-2.8215884256966675,-2.519797386838736,-0.2006244531233928,0.1501065072721767,3005,results/music_external_review/20260917T133518483857Z/reference_arrangement_penalties.csv,67d11393f1ae62361838d60f4aeba6a374e9854a6ea36d10606df46bd45989a9,results/music_external_review/20260917T133518483857Z/review.json,f8bbd3cd9256b33aeb731d98a280a49da00f052fd0d181dcf29d6cb4bc00143d,percentage points,MAE(ratio10) - MAE(balanced),60,3,13.229090909090909,c
original_grouping,IGTB826,3,IGTB1913,music_weighted,300,ratio10,-1.0715400102132455,-1.774217218273317,0.061154233216131,0.4861860171075916,-2.9647803764721896,-4.37680338345928,0.0233901617773995,0.3416132865508678,3023,results/music_external_review/20260917T133518483857Z/reference_arrangement_penalties.csv,67d11393f1ae62361838d60f4aeba6a374e9854a6ea36d10606df46bd45989a9,results/music_external_review/20260917T133518483857Z/review.json,f8bbd3cd9256b33aeb731d98a280a49da00f052fd0d181dcf29d6cb4bc00143d,percentage points,MAE(ratio10) - MAE(balanced),60,3,13.28,c
original_grouping,HC-014,0,IGTB1921,music_nnls,60,ratio10,1.2313181257538974,1.931918163410536,0.6287603180478556,0.6534323217567416,2.666840532346612,4.374788947672061,-2.09714127246716,1.1612279071672398,2,results/music_external_review/20260917T133518483857Z/reference_arrangement_penalties.csv,67d11393f1ae62361838d60f4aeba6a374e9854a6ea36d10606df46bd45989a9,results/music_external_review/20260917T133518483857Z/review.json,f8bbd3cd9256b33aeb731d98a280a49da00f052fd0d181dcf29d6cb4bc00143d,percentage points,MAE(ratio10) - MAE(balanced),60,3,-0.28,d
original_grouping,HC-014,0,IGTB1966,music_nnls,60,ratio10,1.7110122320212813,2.2903687982886605,0.826098213035886,0.8573279973429713,2.9243040993752807,2.078744860670816,0.016903461209337,3.5626947604933843,20,results/music_external_review/20260917T133518483857Z/reference_arrangement_penalties.csv,67d11393f1ae62361838d60f4aeba6a374e9854a6ea36d10606df46bd45989a9,results/music_external_review/20260917T133518483857Z/review.json,f8bbd3cd9256b33aeb731d98a280a49da00f052fd0d181dcf29d6cb4bc00143d,percentage points,MAE(ratio10) - MAE(balanced),60,3,-0.22909090909090912,d
original_grouping,HC-014,0,IGTB826,music_nnls,60,ratio10,0.8102063076492001,0.8162055058873628,0.3230730909901868,0.6541462807891224,2.454022227958738,1.921208538708101,0.619195772024209,-1.1104080645752012,38,results/music_external_review/20260917T133518483857Z/reference_arrangement_penalties.csv,67d11393f1ae62361838d60f4aeba6a374e9854a6ea36d10606df46bd45989a9,results/music_external_review/20260917T133518483857Z/review.json,f8bbd3cd9256b33aeb731d98a280a49da00f052fd0d181dcf29d6cb4bc00143d,percentage points,MAE(ratio10) - MAE(balanced),60,3,-0.17818181818181822,d
original_grouping,HC-014,1,HC-502,music_nnls,60,ratio10,0.1764640889952373,0.2211305067447765,1.3816777976638528,1.2202051463450896,-0.0541189880183302,-1.3478747632572732,-1.091601963776822,0.9504973050148988,56,results/music_external_review/20260917T133518483857Z/reference_arrangement_penalties.csv,67d11393f1ae62361838d60f4aeba6a374e9854a6ea36d10606df46bd45989a9,results/music_external_review/20260917T133518483857Z/review.json,f8bbd3cd9256b33aeb731d98a280a49da00f052fd0d181dcf29d6cb4bc00143d,percentage points,MAE(ratio10) - MAE(balanced),60,3,-0.1272727272727273,d
original_grouping,HC-014,1,IGTB256,music_nnls,60,ratio10,0.1953552813719539,0.2551070624150036,1.0582727687266906,-0.1968867786936681,-0.7983256987793226,0.3920009999602282,-0.8983523086863294,1.615422705704125,74,results/music_external_review/20260917T133518483857Z/reference_arrangement_penalties.csv,67d11393f1ae62361838d60f4aeba6a374e9854a6ea36d10606df46bd45989a9,results/music_external_review/20260917T133518483857Z/review.json,f8bbd3cd9256b33aeb731d98a280a49da00f052fd0d181dcf29d6cb4bc00143d,percentage points,MAE(ratio10) - MAE(balanced),60,3,-0.07636363636363638,d
original_grouping,HC-014,1,IGTB498,music_nnls,60,ratio10,-0.0408124070050094,-0.1391827637474129,-0.843376754180425,0.3403650172418764,-0.4079283539450384,0.9235318676666744,0.8829974989333866,-1.140463717746525,92,results/music_external_review/20260917T133518483857Z/reference_arrangement_penalties.csv,67d11393f1ae62361838d60f4aeba6a374e9854a6ea36d10606df46bd45989a9,results/music_external_review/20260917T133518483857Z/review.json,f8bbd3cd9256b33aeb731d98a280a49da00f052fd0d181dcf29d6cb4bc00143d,percentage points,MAE(ratio10) - MAE(balanced),60,3,-0.025454545454545452,d
original_grouping,HC-014,2,IGTB1506,music_nnls,60,ratio10,-0.9070618313500312,-0.7342330498602597,-0.7968009433227956,0.119735268818325,-2.932692972909288,-0.0483064103384793,-2.267837170230018,0.4835312398820826,110,results/music_external_review/20260917T133518483857Z/reference_arrangement_penalties.csv,67d11393f1ae62361838d60f4aeba6a374e9854a6ea36d10606df46bd45989a9,results/music_external_review/20260917T133518483857Z/review.json,f8bbd3cd9256b33aeb731d98a280a49da00f052fd0d181dcf29d6cb4bc00143d,percentage points,MAE(ratio10) - MAE(balanced),60,3,0.025454545454545452,d
original_grouping,HC-014,2,IGTB508,music_nnls,60,ratio10,-0.2834064728741273,-0.0175987468400819,-1.0214787830737302,-0.0228929025010035,0.6202586548855914,3.126579878070961,-1.8548816589007997,-2.5480240257257853,128,results/music_external_review/20260917T133518483857Z/reference_arrangement_penalties.csv,67d11393f1ae62361838d60f4aeba6a374e9854a6ea36d10606df46bd45989a9,results/music_external_review/20260917T133518483857Z/review.json,f8bbd3cd9256b33aeb731d98a280a49da00f052fd0d181dcf29d6cb4bc00143d,percentage points,MAE(ratio10) - MAE(balanced),60,3,0.07636363636363636,d
original_grouping,HC-014,2,IGTB514,music_nnls,60,ratio10,-0.084715176003691,0.2595707285269257,0.0646075946362616,0.3858779788243753,-2.632279020155843,1.386441673145539,-1.19068967446156,1.4777503919890738,146,results/music_external_review/20260917T133518483857Z/reference_arrangement_penalties.csv,67d11393f1ae62361838d60f4aeba6a374e9854a6ea36d10606df46bd45989a9,results/music_external_review/20260917T133518483857Z/review.json,f8bbd3cd9256b33aeb731d98a280a49da00f052fd0d181dcf29d6cb4bc00143d,percentage points,MAE(ratio10) - MAE(balanced),60,3,0.12727272727272726,d
original_grouping,HC-014,3,IGTB1650,music_nnls,60,ratio10,0.023484588668764,-0.1961337128591847,0.7377101177203182,0.553268799872394,0.6982780303700817,-0.6759125389217407,1.319345232164271,-2.4917821091927457,164,results/music_external_review/20260917T133518483857Z/reference_arrangement_penalties.csv,67d11393f1ae62361838d60f4aeba6a374e9854a6ea36d10606df46bd45989a9,results/music_external_review/20260917T133518483857Z/review.json,f8bbd3cd9256b33aeb731d98a280a49da00f052fd0d181dcf29d6cb4bc00143d,percentage points,MAE(ratio10) - MAE(balanced),60,3,0.17818181818181816,d
original_grouping,HC-014,3,IGTB1913,music_nnls,60,ratio10,0.3369366411526552,0.6161187144813538,0.3103990891971281,0.2627959398105813,2.272307428784481,0.4968392018239369,-0.7436290855797129,-0.577092727120494,182,results/music_external_review/20260917T133518483857Z/reference_arrangement_penalties.csv,67d11393f1ae62361838d60f4aeba6a374e9854a6ea36d10606df46bd45989a9,results/music_external_review/20260917T133518483857Z/review.json,f8bbd3cd9256b33aeb731d98a280a49da00f052fd0d181dcf29d6cb4bc00143d,percentage points,MAE(ratio10) - MAE(balanced),60,3,0.22909090909090912,d
original_grouping,HC-014,3,IGTB195,music_nnls,60,ratio10,0.1411032613694717,0.3851601110862556,0.0547846765245027,0.0355585366874482,1.0152943248544453,1.0860129182540772,-2.068928890326979,0.7238980022233202,200,results/music_external_review/20260917T133518483857Z/reference_arrangement_penalties.csv,67d11393f1ae62361838d60f4aeba6a374e9854a6ea36d10606df46bd45989a9,results/music_external_review/20260917T133518483857Z/review.json,f8bbd3cd9256b33aeb731d98a280a49da00f052fd0d181dcf29d6cb4bc00143d,percentage points,MAE(ratio10) - MAE(balanced),60,3,0.28,d
original_grouping,HC-502,0,IGTB1506,music_nnls,60,ratio10,0.4521938392920547,0.0876863646941133,3.400833127415908,-1.5644308007204957,3.373063065177884,-0.4478957183912784,1.556708560633797,-3.605115198363528,218,results/music_external_review/20260917T133518483857Z/reference_arrangement_penalties.csv,67d11393f1ae62361838d60f4aeba6a374e9854a6ea36d10606df46bd45989a9,results/music_external_review/20260917T133518483857Z/review.json,f8bbd3cd9256b33aeb731d98a280a49da00f052fd0d181dcf29d6cb4bc00143d,percentage points,MAE(ratio10) - MAE(balanced),60,3,0.72,d
original_grouping,HC-502,0,IGTB256,music_nnls,60,ratio10,0.5684558099566145,0.2836283966473024,4.785592315411307,-1.2445600054252963,2.138356497468,0.4993727419019527,1.724427160725414,-4.492453850341718,236,results/music_external_review/20260917T133518483857Z/reference_arrangement_penalties.csv,67d11393f1ae62361838d60f4aeba6a374e9854a6ea36d10606df46bd45989a9,results/music_external_review/20260917T133518483857Z/review.json,f8bbd3cd9256b33aeb731d98a280a49da00f052fd0d181dcf29d6cb4bc00143d,percentage points,MAE(ratio10) - MAE(balanced),60,3,0.7709090909090909,d
original_grouping,HC-502,0,IGTB514,music_nnls,60,ratio10,-0.0247217597932744,-0.1399248587239881,2.43963512064227,-1.096979615362101,0.2827086441124767,0.6969170910590294,1.1143386386791228,-3.584950437890488,254,results/music_external_review/20260917T133518483857Z/reference_arrangement_penalties.csv,67d11393f1ae62361838d60f4aeba6a374e9854a6ea36d10606df46bd45989a9,results/music_external_review/20260917T133518483857Z/review.json,f8bbd3cd9256b33aeb731d98a280a49da00f052fd0d181dcf29d6cb4bc00143d,percentage points,MAE(ratio10) - MAE(balanced),60,3,0.8218181818181818,d
original_grouping,HC-502,1,IGTB1650,music_nnls,60,ratio10,0.1193852833670757,-0.7116741557201542,3.830893286651773,0.5656220113417543,4.440664103917229,-1.795906316088559,-0.2011926793526695,-6.123768706267059,272,results/music_external_review/20260917T133518483857Z/reference_arrangement_penalties.csv,67d11393f1ae62361838d60f4aeba6a374e9854a6ea36d10606df46bd45989a9,results/music_external_review/20260917T133518483857Z/review.json,f8bbd3cd9256b33aeb731d98a280a49da00f052fd0d181dcf29d6cb4bc00143d,percentage points,MAE(ratio10) - MAE(balanced),60,3,0.8727272727272727,d
original_grouping,HC-502,1,IGTB195,music_nnls,60,ratio10,1.0313277949448985,0.4725452953155609,3.3843176208744827,1.4397723516006655,2.1428470639539987,-0.8159242447868779,0.8248479617025775,-0.7878939836754395,290,results/music_external_review/20260917T133518483857Z/reference_arrangement_penalties.csv,67d11393f1ae62361838d60f4aeba6a374e9854a6ea36d10606df46bd45989a9,results/music_external_review/20260917T133518483857Z/review.json,f8bbd3cd9256b33aeb731d98a280a49da00f052fd0d181dcf29d6cb4bc00143d,percentage points,MAE(ratio10) - MAE(balanced),60,3,0.9236363636363636,d
original_grouping,HC-502,1,IGTB508,music_nnls,60,ratio10,0.7662770922583155,0.6475969060817711,2.975260906857624,-0.1597769241711553,2.22126557426942,0.2991388586588211,0.202542530446762,-0.9407683925115776,308,results/music_external_review/20260917T133518483857Z/reference_arrangement_penalties.csv,67d11393f1ae62361838d60f4aeba6a374e9854a6ea36d10606df46bd45989a9,results/music_external_review/20260917T133518483857Z/review.json,f8bbd3cd9256b33aeb731d98a280a49da00f052fd0d181dcf29d6cb4bc00143d,percentage points,MAE(ratio10) - MAE(balanced),60,3,0.9745454545454546,d
original_grouping,HC-502,2,HC-014,music_nnls,60,ratio10,0.8288815254581986,0.8117101564386326,0.302859544360167,0.3260486190150019,1.23463432867617,1.7509622636010445,-0.8435022285177313,2.2022866256145464,326,results/music_external_review/20260917T133518483857Z/reference_arrangement_penalties.csv,67d11393f1ae62361838d60f4aeba6a374e9854a6ea36d10606df46bd45989a9,results/music_external_review/20260917T133518483857Z/review.json,f8bbd3cd9256b33aeb731d98a280a49da00f052fd0d181dcf29d6cb4bc00143d,percentage points,MAE(ratio10) - MAE(balanced),60,3,1.0254545454545454,d
original_grouping,HC-502,2,HC-572,music_nnls,60,ratio10,1.398509493625722,1.5982600999624323,2.3827153654989166,1.4562352108018082,-0.6920723960505388,3.099749209281709,-0.0863459564877909,2.2307755287102218,344,results/music_external_review/20260917T133518483857Z/reference_arrangement_penalties.csv,67d11393f1ae62361838d60f4aeba6a374e9854a6ea36d10606df46bd45989a9,results/music_external_review/20260917T133518483857Z/review.json,f8bbd3cd9256b33aeb731d98a280a49da00f052fd0d181dcf29d6cb4bc00143d,percentage points,MAE(ratio10) - MAE(balanced),60,3,1.0763636363636364,d
original_grouping,HC-502,2,IGTB1913,music_nnls,60,ratio10,1.3119943928861184,1.4522271325852,2.055174023471253,0.8512648436471807,-4.596888277723332,3.6294069314086186,-0.1965518290730545,6.129560665586083,362,results/music_external_review/20260917T133518483857Z/reference_arrangement_penalties.csv,67d11393f1ae62361838d60f4aeba6a374e9854a6ea36d10606df46bd45989a9,results/music_external_review/20260917T133518483857Z/review.json,f8bbd3cd9256b33aeb731d98a280a49da00f052fd0d181dcf29d6cb4bc00143d,percentage points,MAE(ratio10) - MAE(balanced),60,3,1.1272727272727272,d
original_grouping,HC-502,3,IGTB1921,music_nnls,60,ratio10,0.728056544378166,1.250159177305601,0.3366846036425325,1.1856669065846952,-2.14475225617492,2.129741806772669,0.4023286589402092,2.458669546503817,380,results/music_external_review/20260917T133518483857Z/reference_arrangement_penalties.csv,67d11393f1ae62361838d60f4aeba6a374e9854a6ea36d10606df46bd45989a9,results/music_external_review/20260917T133518483857Z/review.json,f8bbd3cd9256b33aeb731d98a280a49da00f052fd0d181dcf29d6cb4bc00143d,percentage points,MAE(ratio10) - MAE(balanced),60,3,1.1781818181818182,d
original_grouping,HC-502,3,IGTB1966,music_nnls,60,ratio10,0.8322498330915362,0.6996312536511666,1.8155670608345944,1.4260100994065448,-1.7891265446976377,-2.2788714829591634,0.3818926029765238,5.438027262988357,398,results/music_external_review/20260917T133518483857Z/reference_arrangement_penalties.csv,67d11393f1ae62361838d60f4aeba6a374e9854a6ea36d10606df46bd45989a9,results/music_external_review/20260917T133518483857Z/review.json,f8bbd3cd9256b33aeb731d98a280a49da00f052fd0d181dcf29d6cb4bc00143d,percentage points,MAE(ratio10) - MAE(balanced),60,3,1.229090909090909,d
original_grouping,HC-502,3,IGTB826,music_nnls,60,ratio10,0.4780550634907672,0.6828108061884105,-0.2254293232077623,0.6366271210763155,-2.0536175912523014,3.0080472331913195,0.086805448946522,1.4158974921905312,416,results/music_external_review/20260917T133518483857Z/reference_arrangement_penalties.csv,67d11393f1ae62361838d60f4aeba6a374e9854a6ea36d10606df46bd45989a9,results/music_external_review/20260917T133518483857Z/review.json,f8bbd3cd9256b33aeb731d98a280a49da00f052fd0d181dcf29d6cb4bc00143d,percentage points,MAE(ratio10) - MAE(balanced),60,3,1.28,d
original_grouping,HC-572,0,HC-014,music_nnls,60,ratio10,0.4914540199081005,0.3542016852444457,1.7277274515991656,0.987889120653874,-0.8057728711047304,-2.2798861263247048,1.1305946038981507,2.188171940726827,434,results/music_external_review/20260917T133518483857Z/reference_arrangement_penalties.csv,67d11393f1ae62361838d60f4aeba6a374e9854a6ea36d10606df46bd45989a9,results/music_external_review/20260917T133518483857Z/review.json,f8bbd3cd9256b33aeb731d98a280a49da00f052fd0d181dcf29d6cb4bc00143d,percentage points,MAE(ratio10) - MAE(balanced),60,3,1.72,d
original_grouping,HC-572,0,IGTB1921,music_nnls,60,ratio10,-0.8707456576034782,-1.8167768604696093,-1.163338627570861,1.0987698289010974,-4.971277005464016,-5.949195322551298,0.374479823743396,5.386087357320797,452,results/music_external_review/20260917T133518483857Z/reference_arrangement_penalties.csv,67d11393f1ae62361838d60f4aeba6a374e9854a6ea36d10606df46bd45989a9,results/music_external_review/20260917T133518483857Z/review.json,f8bbd3cd9256b33aeb731d98a280a49da00f052fd0d181dcf29d6cb4bc00143d,percentage points,MAE(ratio10) - MAE(balanced),60,3,1.770909090909091,d
original_grouping,HC-572,0,IGTB826,music_nnls,60,ratio10,-1.5226286953315786,-2.634166110302278,-1.3469981755611091,1.5130942285396864,-5.867236272298352,-10.16455081151491,2.6974638669409985,4.032454991904205,470,results/music_external_review/20260917T133518483857Z/reference_arrangement_penalties.csv,67d11393f1ae62361838d60f4aeba6a374e9854a6ea36d10606df46bd45989a9,results/music_external_review/20260917T133518483857Z/review.json,f8bbd3cd9256b33aeb731d98a280a49da00f052fd0d181dcf29d6cb4bc00143d,percentage points,MAE(ratio10) - MAE(balanced),60,3,1.8218181818181818,d
original_grouping,HC-572,1,HC-502,music_nnls,60,ratio10,0.2768418403976647,0.8007544887937079,0.3517492067188409,-0.1938161429260453,0.6874033616215955,3.58819381410038,-2.9794347752838792,0.2069555781551224,488,results/music_external_review/20260917T133518483857Z/reference_arrangement_penalties.csv,67d11393f1ae62361838d60f4aeba6a374e9854a6ea36d10606df46bd45989a9,results/music_external_review/20260917T133518483857Z/review.json,f8bbd3cd9256b33aeb731d98a280a49da00f052fd0d181dcf29d6cb4bc00143d,percentage points,MAE(ratio10) - MAE(balanced),60,3,1.8727272727272728,d
original_grouping,HC-572,1,IGTB1966,music_nnls,60,ratio10,-0.3961843091907941,-0.3890004313728304,0.9718542712626188,-0.460325609186953,-1.2436457028879635,-2.856939308863469,-0.6514865207329438,1.8634370152639383,506,results/music_external_review/20260917T133518483857Z/reference_arrangement_penalties.csv,67d11393f1ae62361838d60f4aeba6a374e9854a6ea36d10606df46bd45989a9,results/music_external_review/20260917T133518483857Z/review.json,f8bbd3cd9256b33aeb731d98a280a49da00f052fd0d181dcf29d6cb4bc00143d,percentage points,MAE(ratio10) - MAE(balanced),60,3,1.9236363636363636,d
original_grouping,HC-572,1,IGTB498,music_nnls,60,ratio10,0.4080824625652665,0.7907314849841607,0.4885260164327931,-0.4781536869194125,0.3124389593532319,2.830644452311626,-0.527084690370203,-0.177876275416433,524,results/music_external_review/20260917T133518483857Z/reference_arrangement_penalties.csv,67d11393f1ae62361838d60f4aeba6a374e9854a6ea36d10606df46bd45989a9,results/music_external_review/20260917T133518483857Z/review.json,f8bbd3cd9256b33aeb731d98a280a49da00f052fd0d181dcf29d6cb4bc00143d,percentage points,MAE(ratio10) - MAE(balanced),60,3,1.9745454545454546,d
original_grouping,HC-572,2,IGTB1506,music_nnls,60,ratio10,-0.7145748292065405,-0.8663402705872932,-0.2783359009644223,0.1763579338525468,1.9933037425707192,-1.886844521740596,-1.406834786850068,-2.885095442107417,542,results/music_external_review/20260917T133518483857Z/reference_arrangement_penalties.csv,67d11393f1ae62361838d60f4aeba6a374e9854a6ea36d10606df46bd45989a9,results/music_external_review/20260917T133518483857Z/review.json,f8bbd3cd9256b33aeb731d98a280a49da00f052fd0d181dcf29d6cb4bc00143d,percentage points,MAE(ratio10) - MAE(balanced),60,3,2.0254545454545454,d
original_grouping,HC-572,2,IGTB256,music_nnls,60,ratio10,-1.2671599830382851,-1.1761649241723444,-1.983771332151562,0.2587754430939555,0.870031860064127,-2.4157372155933845,-1.6243889733673575,-2.707869680275508,560,results/music_external_review/20260917T133518483857Z/reference_arrangement_penalties.csv,67d11393f1ae62361838d60f4aeba6a374e9854a6ea36d10606df46bd45989a9,results/music_external_review/20260917T133518483857Z/review.json,f8bbd3cd9256b33aeb731d98a280a49da00f052fd0d181dcf29d6cb4bc00143d,percentage points,MAE(ratio10) - MAE(balanced),60,3,2.076363636363636,d
original_grouping,HC-572,2,IGTB514,music_nnls,60,ratio10,-0.2997308449241371,-0.3125510477001253,-0.4654145286716333,0.6439145530844722,0.9456680113328834,0.0383472531548746,-0.2636394738987376,-2.69726088454669,578,results/music_external_review/20260917T133518483857Z/reference_arrangement_penalties.csv,67d11393f1ae62361838d60f4aeba6a374e9854a6ea36d10606df46bd45989a9,results/music_external_review/20260917T133518483857Z/review.json,f8bbd3cd9256b33aeb731d98a280a49da00f052fd0d181dcf29d6cb4bc00143d,percentage points,MAE(ratio10) - MAE(balanced),60,3,2.1272727272727274,d
original_grouping,HC-572,3,IGTB1650,music_nnls,60,ratio10,-0.1093086539475668,0.1798966094473743,0.0190586165967419,0.4760693630351897,3.540409518511849,2.366282320457909,-0.0097050026097038,-7.047966739677409,596,results/music_external_review/20260917T133518483857Z/reference_arrangement_penalties.csv,67d11393f1ae62361838d60f4aeba6a374e9854a6ea36d10606df46bd45989a9,results/music_external_review/20260917T133518483857Z/review.json,f8bbd3cd9256b33aeb731d98a280a49da00f052fd0d181dcf29d6cb4bc00143d,percentage points,MAE(ratio10) - MAE(balanced),60,3,2.178181818181818,d
original_grouping,HC-572,3,IGTB195,music_nnls,60,ratio10,-0.1325932254930363,0.2651843624774974,-1.5840128828274709,0.4513627578425183,1.792618377383926,1.7739621145819011,-2.316249479827684,-0.9132402401114036,614,results/music_external_review/20260917T133518483857Z/reference_arrangement_penalties.csv,67d11393f1ae62361838d60f4aeba6a374e9854a6ea36d10606df46bd45989a9,results/music_external_review/20260917T133518483857Z/review.json,f8bbd3cd9256b33aeb731d98a280a49da00f052fd0d181dcf29d6cb4bc00143d,percentage points,MAE(ratio10) - MAE(balanced),60,3,2.229090909090909,d
original_grouping,HC-572,3,IGTB508,music_nnls,60,ratio10,-0.7497797847693309,-0.4965506391360652,0.3424606652666055,0.0310592665023317,1.728435184255123,1.872327145811631,-0.6245471146042816,-7.84841385584737,632,results/music_external_review/20260917T133518483857Z/reference_arrangement_penalties.csv,67d11393f1ae62361838d60f4aeba6a374e9854a6ea36d10606df46bd45989a9,results/music_external_review/20260917T133518483857Z/review.json,f8bbd3cd9256b33aeb731d98a280a49da00f052fd0d181dcf29d6cb4bc00143d,percentage points,MAE(ratio10) - MAE(balanced),60,3,2.2800000000000002,d
original_grouping,IGTB1506,0,IGTB1650,music_nnls,60,ratio10,-1.0043240682233554,-1.5124547807526938,0.7299343798608758,0.6472359524715902,-2.599774139183284,-3.4570691618260656,0.1703289850426351,-1.5166004257058807,650,results/music_external_review/20260917T133518483857Z/reference_arrangement_penalties.csv,67d11393f1ae62361838d60f4aeba6a374e9854a6ea36d10606df46bd45989a9,results/music_external_review/20260917T133518483857Z/review.json,f8bbd3cd9256b33aeb731d98a280a49da00f052fd0d181dcf29d6cb4bc00143d,percentage points,MAE(ratio10) - MAE(balanced),60,3,2.7199999999999998,d
original_grouping,IGTB1506,0,IGTB195,music_nnls,60,ratio10,-0.423845618949263,-0.9916241463880948,0.7190456454274481,0.0551682769098518,-2.4357289540963025,-3.345174563872459,1.674865779722298,0.7887501022135893,668,results/music_external_review/20260917T133518483857Z/reference_arrangement_penalties.csv,67d11393f1ae62361838d60f4aeba6a374e9854a6ea36d10606df46bd45989a9,results/music_external_review/20260917T133518483857Z/review.json,f8bbd3cd9256b33aeb731d98a280a49da00f052fd0d181dcf29d6cb4bc00143d,percentage points,MAE(ratio10) - MAE(balanced),60,3,2.770909090909091,d
original_grouping,IGTB1506,0,IGTB508,music_nnls,60,ratio10,-0.3649425721183649,-0.837784921369129,1.8769305630123267,0.5971534843882897,-2.8256637987784594,-1.7024542954133128,0.1432022969843264,-0.2788236829033492,686,results/music_external_review/20260917T133518483857Z/reference_arrangement_penalties.csv,67d11393f1ae62361838d60f4aeba6a374e9854a6ea36d10606df46bd45989a9,results/music_external_review/20260917T133518483857Z/review.json,f8bbd3cd9256b33aeb731d98a280a49da00f052fd0d181dcf29d6cb4bc00143d,percentage points,MAE(ratio10) - MAE(balanced),60,3,2.821818181818182,d
original_grouping,IGTB1506,1,HC-014,music_nnls,60,ratio10,0.2670894575705557,0.4805074917279729,0.8999617213529949,1.1634633607017824,2.122097241698172,-1.9155116459193955,-0.0076452324760897,-0.6598286999341523,704,results/music_external_review/20260917T133518483857Z/reference_arrangement_penalties.csv,67d11393f1ae62361838d60f4aeba6a374e9854a6ea36d10606df46bd45989a9,results/music_external_review/20260917T133518483857Z/review.json,f8bbd3cd9256b33aeb731d98a280a49da00f052fd0d181dcf29d6cb4bc00143d,percentage points,MAE(ratio10) - MAE(balanced),60,3,2.8727272727272726,d
original_grouping,IGTB1506,1,HC-572,music_nnls,60,ratio10,0.0506002895301011,-0.5637712345703308,-0.6699067478068449,2.8351278859972724,-1.7972717275861496,-2.4820598020505096,0.7901852290931214,1.627526899533722,722,results/music_external_review/20260917T133518483857Z/reference_arrangement_penalties.csv,67d11393f1ae62361838d60f4aeba6a374e9854a6ea36d10606df46bd45989a9,results/music_external_review/20260917T133518483857Z/review.json,f8bbd3cd9256b33aeb731d98a280a49da00f052fd0d181dcf29d6cb4bc00143d,percentage points,MAE(ratio10) - MAE(balanced),60,3,2.923636363636364,d
original_grouping,IGTB1506,1,IGTB1913,music_nnls,60,ratio10,0.2935213193279586,0.072002968948593,-0.1700183480066842,1.8934472107333136,0.2862383581783871,-1.1722197322587595,-0.2546177066238653,1.1782981339453458,740,results/music_external_review/20260917T133518483857Z/reference_arrangement_penalties.csv,67d11393f1ae62361838d60f4aeba6a374e9854a6ea36d10606df46bd45989a9,results/music_external_review/20260917T133518483857Z/review.json,f8bbd3cd9256b33aeb731d98a280a49da00f052fd0d181dcf29d6cb4bc00143d,percentage points,MAE(ratio10) - MAE(balanced),60,3,2.9745454545454546,d
original_grouping,IGTB1506,2,IGTB1921,music_nnls,60,ratio10,-0.4401800844844354,-0.5010431741830691,2.10721704388758,0.09556727206886,-3.046758106630688,-2.9128012631931224,-0.8819320536221145,1.9976266005828696,758,results/music_external_review/20260917T133518483857Z/reference_arrangement_penalties.csv,67d11393f1ae62361838d60f4aeba6a374e9854a6ea36d10606df46bd45989a9,results/music_external_review/20260917T133518483857Z/review.json,f8bbd3cd9256b33aeb731d98a280a49da00f052fd0d181dcf29d6cb4bc00143d,percentage points,MAE(ratio10) - MAE(balanced),60,3,3.0254545454545454,d
original_grouping,IGTB1506,2,IGTB1966,music_nnls,60,ratio10,-0.0488210446432044,-0.1878625696673399,1.5537974592295374,0.7113020311026542,-2.5729984516164888,-2.712273458141619,0.8221401760379781,1.9051059755287136,776,results/music_external_review/20260917T133518483857Z/reference_arrangement_penalties.csv,67d11393f1ae62361838d60f4aeba6a374e9854a6ea36d10606df46bd45989a9,results/music_external_review/20260917T133518483857Z/review.json,f8bbd3cd9256b33aeb731d98a280a49da00f052fd0d181dcf29d6cb4bc00143d,percentage points,MAE(ratio10) - MAE(balanced),60,3,3.076363636363636,d
original_grouping,IGTB1506,2,IGTB826,music_nnls,60,ratio10,-0.0702640838181053,-0.2142685239804508,0.684537679118004,0.5907471444141674,-1.5416391368213738,-1.6311029828435948,0.4883943968433515,0.9874783963808172,794,results/music_external_review/20260917T133518483857Z/reference_arrangement_penalties.csv,67d11393f1ae62361838d60f4aeba6a374e9854a6ea36d10606df46bd45989a9,results/music_external_review/20260917T133518483857Z/review.json,f8bbd3cd9256b33aeb731d98a280a49da00f052fd0d181dcf29d6cb4bc00143d,percentage points,MAE(ratio10) - MAE(balanced),60,3,3.1272727272727274,d
original_grouping,IGTB1506,3,HC-502,music_nnls,60,ratio10,-0.1923099106745522,-0.4025251671945964,2.6095327880574506,-0.9533754668268511,-3.671471172113619,-0.0394536724169683,0.3714190961132483,0.5294889631394442,812,results/music_external_review/20260917T133518483857Z/reference_arrangement_penalties.csv,67d11393f1ae62361838d60f4aeba6a374e9854a6ea36d10606df46bd45989a9,results/music_external_review/20260917T133518483857Z/review.json,f8bbd3cd9256b33aeb731d98a280a49da00f052fd0d181dcf29d6cb4bc00143d,percentage points,MAE(ratio10) - MAE(balanced),60,3,3.178181818181818,d
original_grouping,IGTB1506,3,IGTB256,music_nnls,60,ratio10,0.8706146106208196,1.1663439373509097,1.1627024876494951,0.5565741379203177,1.8881635493144289,1.6695522559406906,0.069812487871097,-0.1231172549711197,830,results/music_external_review/20260917T133518483857Z/reference_arrangement_penalties.csv,67d11393f1ae62361838d60f4aeba6a374e9854a6ea36d10606df46bd45989a9,results/music_external_review/20260917T133518483857Z/review.json,f8bbd3cd9256b33aeb731d98a280a49da00f052fd0d181dcf29d6cb4bc00143d,percentage points,MAE(ratio10) - MAE(balanced),60,3,3.229090909090909,d
original_grouping,IGTB1506,3,IGTB498,music_nnls,60,ratio10,0.4803301666393177,0.5591772439335353,1.8836654966810555,-0.7597917587235222,0.2329540928741008,0.9346662221246668,-0.0235278958310258,0.614014842710624,848,results/music_external_review/20260917T133518483857Z/reference_arrangement_penalties.csv,67d11393f1ae62361838d60f4aeba6a374e9854a6ea36d10606df46bd45989a9,results/music_external_review/20260917T133518483857Z/review.json,f8bbd3cd9256b33aeb731d98a280a49da00f052fd0d181dcf29d6cb4bc00143d,percentage points,MAE(ratio10) - MAE(balanced),60,3,3.2800000000000002,d
original_grouping,IGTB1650,0,HC-572,music_nnls,60,ratio10,0.1947185344127878,0.5110386850684567,0.6876407197344476,-2.132566388421378,0.8357307114433853,1.3768382378547506,0.92841098341271,-0.5277430575471871,866,results/music_external_review/20260917T133518483857Z/reference_arrangement_penalties.csv,67d11393f1ae62361838d60f4aeba6a374e9854a6ea36d10606df46bd45989a9,results/music_external_review/20260917T133518483857Z/review.json,f8bbd3cd9256b33aeb731d98a280a49da00f052fd0d181dcf29d6cb4bc00143d,percentage points,MAE(ratio10) - MAE(balanced),60,3,3.7199999999999998,d
original_grouping,IGTB1650,0,IGTB1913,music_nnls,60,ratio10,0.7376926126184918,1.0891236722954154,5.462382085169619,-3.358110365193014,0.480860319163368,1.0732595418649684,1.0060264797897274,-0.2382623850837092,884,results/music_external_review/20260917T133518483857Z/reference_arrangement_penalties.csv,67d11393f1ae62361838d60f4aeba6a374e9854a6ea36d10606df46bd45989a9,results/music_external_review/20260917T133518483857Z/review.json,f8bbd3cd9256b33aeb731d98a280a49da00f052fd0d181dcf29d6cb4bc00143d,percentage points,MAE(ratio10) - MAE(balanced),60,3,3.770909090909091,d
original_grouping,IGTB1650,0,IGTB195,music_nnls,60,ratio10,-0.3030043795934765,-0.3322211066906788,-1.560617491615404,1.46398746896723,-0.0132565291938633,-1.220462079047961,0.4315998723450667,-0.9192775190159144,902,results/music_external_review/20260917T133518483857Z/reference_arrangement_penalties.csv,67d11393f1ae62361838d60f4aeba6a374e9854a6ea36d10606df46bd45989a9,results/music_external_review/20260917T133518483857Z/review.json,f8bbd3cd9256b33aeb731d98a280a49da00f052fd0d181dcf29d6cb4bc00143d,percentage points,MAE(ratio10) - MAE(balanced),60,3,3.821818181818182,d
original_grouping,IGTB1650,1,HC-014,music_nnls,60,ratio10,-0.6400272600074489,-0.8202950852999861,1.1010029769269742,-2.4386356559009874,-1.1085392921123054,-1.2907473891853063,1.330771145655561,-1.4340153454286346,920,results/music_external_review/20260917T133518483857Z/reference_arrangement_penalties.csv,67d11393f1ae62361838d60f4aeba6a374e9854a6ea36d10606df46bd45989a9,results/music_external_review/20260917T133518483857Z/review.json,f8bbd3cd9256b33aeb731d98a280a49da00f052fd0d181dcf29d6cb4bc00143d,percentage points,MAE(ratio10) - MAE(balanced),60,3,3.8727272727272726,d
original_grouping,IGTB1650,1,IGTB1921,music_nnls,60,ratio10,-0.6377127616933513,-0.6636091252119763,-0.6080918141498693,-0.1309399428257423,-1.455235089064831,-1.8682646949861184,-0.2122053977629697,0.4484603686294256,938,results/music_external_review/20260917T133518483857Z/reference_arrangement_penalties.csv,67d11393f1ae62361838d60f4aeba6a374e9854a6ea36d10606df46bd45989a9,results/music_external_review/20260917T133518483857Z/review.json,f8bbd3cd9256b33aeb731d98a280a49da00f052fd0d181dcf29d6cb4bc00143d,percentage points,MAE(ratio10) - MAE(balanced),60,3,3.923636363636364,d
original_grouping,IGTB1650,1,IGTB826,music_nnls,60,ratio10,0.158976325691031,0.2052525149460387,2.168714063273922,-0.900774194674364,-1.2476140646527485,-1.7654246812316308,1.5655502697791055,1.1334065616519036,956,results/music_external_review/20260917T133518483857Z/reference_arrangement_penalties.csv,67d11393f1ae62361838d60f4aeba6a374e9854a6ea36d10606df46bd45989a9,results/music_external_review/20260917T133518483857Z/review.json,f8bbd3cd9256b33aeb731d98a280a49da00f052fd0d181dcf29d6cb4bc00143d,percentage points,MAE(ratio10) - MAE(balanced),60,3,3.9745454545454546,d
original_grouping,IGTB1650,2,HC-502,music_nnls,60,ratio10,-0.7139788851349986,-1.0602906997045314,3.356105272172094,-0.3526928518750852,-2.972695575337031,-2.269402510748015,-0.3042303141156988,-1.740957330906247,974,results/music_external_review/20260917T133518483857Z/reference_arrangement_penalties.csv,67d11393f1ae62361838d60f4aeba6a374e9854a6ea36d10606df46bd45989a9,results/music_external_review/20260917T133518483857Z/review.json,f8bbd3cd9256b33aeb731d98a280a49da00f052fd0d181dcf29d6cb4bc00143d,percentage points,MAE(ratio10) - MAE(balanced),60,3,4.025454545454545,d
original_grouping,IGTB1650,2,IGTB1966,music_nnls,60,ratio10,0.0584674341609422,0.0866403464309403,2.4212453606276583,-0.0529987130948113,-0.8797876761290847,-0.3656665178739602,-0.0563574066759942,-0.7156304418881506,992,results/music_external_review/20260917T133518483857Z/reference_arrangement_penalties.csv,67d11393f1ae62361838d60f4aeba6a374e9854a6ea36d10606df46bd45989a9,results/music_external_review/20260917T133518483857Z/review.json,f8bbd3cd9256b33aeb731d98a280a49da00f052fd0d181dcf29d6cb4bc00143d,percentage points,MAE(ratio10) - MAE(balanced),60,3,4.076363636363636,d
original_grouping,IGTB1650,2,IGTB498,music_nnls,60,ratio10,0.4564677902010429,0.690205486471815,1.420272937610174,0.1549673689692278,0.5704565162566617,-0.1520545523853722,1.494083136346949,-0.7489186655913789,1010,results/music_external_review/20260917T133518483857Z/reference_arrangement_penalties.csv,67d11393f1ae62361838d60f4aeba6a374e9854a6ea36d10606df46bd45989a9,results/music_external_review/20260917T133518483857Z/review.json,f8bbd3cd9256b33aeb731d98a280a49da00f052fd0d181dcf29d6cb4bc00143d,percentage points,MAE(ratio10) - MAE(balanced),60,3,4.127272727272727,d
original_grouping,IGTB1650,3,IGTB1506,music_nnls,60,ratio10,0.7635739773906066,0.921980154204346,5.787109223286934,-0.654421533882568,0.3875983035798572,-0.3583278361791707,-0.6268388161949524,0.0463245237335425,1028,results/music_external_review/20260917T133518483857Z/reference_arrangement_penalties.csv,67d11393f1ae62361838d60f4aeba6a374e9854a6ea36d10606df46bd45989a9,results/music_external_review/20260917T133518483857Z/review.json,f8bbd3cd9256b33aeb731d98a280a49da00f052fd0d181dcf29d6cb4bc00143d,percentage points,MAE(ratio10) - MAE(balanced),60,3,4.178181818181818,d
original_grouping,IGTB1650,3,IGTB256,music_nnls,60,ratio10,0.8474906692739369,1.3052210600477518,4.803878189936564,-0.8305735630053471,2.0852126356685616,1.3975922973227828,-1.2774469825241728,-1.093718561754763,1046,results/music_external_review/20260917T133518483857Z/reference_arrangement_penalties.csv,67d11393f1ae62361838d60f4aeba6a374e9854a6ea36d10606df46bd45989a9,results/music_external_review/20260917T133518483857Z/review.json,f8bbd3cd9256b33aeb731d98a280a49da00f052fd0d181dcf29d6cb4bc00143d,percentage points,MAE(ratio10) - MAE(balanced),60,3,4.2290909090909095,d
original_grouping,IGTB1650,3,IGTB514,music_nnls,60,ratio10,0.331399839178346,0.2945334593434298,3.1509795420153623,-1.3514827169112562,-0.2246355475239034,-0.1492507569259533,1.2450358345950705,-0.6822473201792412,1064,results/music_external_review/20260917T133518483857Z/reference_arrangement_penalties.csv,67d11393f1ae62361838d60f4aeba6a374e9854a6ea36d10606df46bd45989a9,results/music_external_review/20260917T133518483857Z/review.json,f8bbd3cd9256b33aeb731d98a280a49da00f052fd0d181dcf29d6cb4bc00143d,percentage points,MAE(ratio10) - MAE(balanced),60,3,4.28,d
original_grouping,IGTB1913,0,HC-014,music_nnls,60,ratio10,-0.3786220821483587,0.012747167544301,1.465001540146956,-1.5190024446011778,0.3885696003757048,-0.9607915194348216,-1.5749280046641347,-0.0705816647127082,1082,results/music_external_review/20260917T133518483857Z/reference_arrangement_penalties.csv,67d11393f1ae62361838d60f4aeba6a374e9854a6ea36d10606df46bd45989a9,results/music_external_review/20260917T133518483857Z/review.json,f8bbd3cd9256b33aeb731d98a280a49da00f052fd0d181dcf29d6cb4bc00143d,percentage points,MAE(ratio10) - MAE(balanced),60,3,4.72,d
original_grouping,IGTB1913,0,HC-572,music_nnls,60,ratio10,-0.2953587949673542,-0.5223190078341896,-1.070144862776044,0.41568855735349,-0.299228196834999,-2.1183747204294514,-0.854535046753231,2.154441499636095,1100,results/music_external_review/20260917T133518483857Z/reference_arrangement_penalties.csv,67d11393f1ae62361838d60f4aeba6a374e9854a6ea36d10606df46bd45989a9,results/music_external_review/20260917T133518483857Z/review.json,f8bbd3cd9256b33aeb731d98a280a49da00f052fd0d181dcf29d6cb4bc00143d,percentage points,MAE(ratio10) - MAE(balanced),60,3,4.7709090909090905,d
original_grouping,IGTB1913,0,IGTB1921,music_nnls,60,ratio10,0.4325342408459381,0.3911101439993996,-0.1179608837275372,0.9452766893373,1.3782989990310377,-1.3110936116885512,0.0092018910035296,1.6914823611198408,1118,results/music_external_review/20260917T133518483857Z/reference_arrangement_penalties.csv,67d11393f1ae62361838d60f4aeba6a374e9854a6ea36d10606df46bd45989a9,results/music_external_review/20260917T133518483857Z/review.json,f8bbd3cd9256b33aeb731d98a280a49da00f052fd0d181dcf29d6cb4bc00143d,percentage points,MAE(ratio10) - MAE(balanced),60,3,4.821818181818182,d
original_grouping,IGTB1913,1,IGTB1966,music_nnls,60,ratio10,-0.8181907293950181,-0.7974349793993804,-5.457666963644552,-0.4458421904901648,0.6446524421335467,1.534249149951128,-0.3849998037285808,-0.799537010591466,1136,results/music_external_review/20260917T133518483857Z/reference_arrangement_penalties.csv,67d11393f1ae62361838d60f4aeba6a374e9854a6ea36d10606df46bd45989a9,results/music_external_review/20260917T133518483857Z/review.json,f8bbd3cd9256b33aeb731d98a280a49da00f052fd0d181dcf29d6cb4bc00143d,percentage points,MAE(ratio10) - MAE(balanced),60,3,4.872727272727273,d
original_grouping,IGTB1913,1,IGTB498,music_nnls,60,ratio10,-1.6678228981443683,-2.0138625090557607,-5.5484026210458826,0.6596075567164073,-2.2520766677487125,-0.3829868519162133,-0.1765311594854141,-2.306547645386367,1154,results/music_external_review/20260917T133518483857Z/reference_arrangement_penalties.csv,67d11393f1ae62361838d60f4aeba6a374e9854a6ea36d10606df46bd45989a9,results/music_external_review/20260917T133518483857Z/review.json,f8bbd3cd9256b33aeb731d98a280a49da00f052fd0d181dcf29d6cb4bc00143d,percentage points,MAE(ratio10) - MAE(balanced),60,3,4.923636363636364,d
original_grouping,IGTB1913,1,IGTB826,music_nnls,60,ratio10,0.0454411700263421,0.0737761347254209,-4.116712034253792,0.8535957038057891,2.4030786930123007,1.7070821173215844,0.6621992039356001,-1.236596663663407,1172,results/music_external_review/20260917T133518483857Z/reference_arrangement_penalties.csv,67d11393f1ae62361838d60f4aeba6a374e9854a6ea36d10606df46bd45989a9,results/music_external_review/20260917T133518483857Z/review.json,f8bbd3cd9256b33aeb731d98a280a49da00f052fd0d181dcf29d6cb4bc00143d,percentage points,MAE(ratio10) - MAE(balanced),60,3,4.974545454545455,d
original_grouping,IGTB1913,2,HC-502,music_nnls,60,ratio10,1.1343823749311357,1.5319890837833836,8.743241486946236,-1.523842735430998,-0.5865152123919306,-0.2420872256206414,0.6106109239857082,-0.1951129879015747,1190,results/music_external_review/20260917T133518483857Z/reference_arrangement_penalties.csv,67d11393f1ae62361838d60f4aeba6a374e9854a6ea36d10606df46bd45989a9,results/music_external_review/20260917T133518483857Z/review.json,f8bbd3cd9256b33aeb731d98a280a49da00f052fd0d181dcf29d6cb4bc00143d,percentage points,MAE(ratio10) - MAE(balanced),60,3,5.025454545454545,d
original_grouping,IGTB1913,2,IGTB256,music_nnls,60,ratio10,0.4678817623124482,0.5203106908165015,3.533672365936248,-0.4792418225794692,-0.522878662390123,-0.8410106511791194,0.7403437771682415,0.3764055669189076,1208,results/music_external_review/20260917T133518483857Z/reference_arrangement_penalties.csv,67d11393f1ae62361838d60f4aeba6a374e9854a6ea36d10606df46bd45989a9,results/music_external_review/20260917T133518483857Z/review.json,f8bbd3cd9256b33aeb731d98a280a49da00f052fd0d181dcf29d6cb4bc00143d,percentage points,MAE(ratio10) - MAE(balanced),60,3,5.076363636363636,d
original_grouping,IGTB1913,2,IGTB514,music_nnls,60,ratio10,0.3698387089701855,0.354994581113538,5.67074885894554,-1.17593752235251,-2.852885658561356,-0.5316186484868155,1.0433586547307754,0.0653665695454636,1226,results/music_external_review/20260917T133518483857Z/reference_arrangement_penalties.csv,67d11393f1ae62361838d60f4aeba6a374e9854a6ea36d10606df46bd45989a9,results/music_external_review/20260917T133518483857Z/review.json,f8bbd3cd9256b33aeb731d98a280a49da00f052fd0d181dcf29d6cb4bc00143d,percentage points,MAE(ratio10) - MAE(balanced),60,3,5.127272727272727,d
original_grouping,IGTB1913,3,IGTB1506,music_nnls,60,ratio10,-0.0797782163012187,-0.3392187494161959,-2.1802281164144235,0.4316820138099899,0.4994119041181608,0.0264839665775262,0.8991378119536391,-0.1551568778522043,1244,results/music_external_review/20260917T133518483857Z/reference_arrangement_penalties.csv,67d11393f1ae62361838d60f4aeba6a374e9854a6ea36d10606df46bd45989a9,results/music_external_review/20260917T133518483857Z/review.json,f8bbd3cd9256b33aeb731d98a280a49da00f052fd0d181dcf29d6cb4bc00143d,percentage points,MAE(ratio10) - MAE(balanced),60,3,5.178181818181818,d
original_grouping,IGTB1913,3,IGTB1650,music_nnls,60,ratio10,0.2833917310261382,0.3481364239756058,-1.8463888741932415,0.419630137569478,2.4315988046319914,0.9378912920732322,0.8033663563548834,-1.0457473302795164,1262,results/music_external_review/20260917T133518483857Z/reference_arrangement_penalties.csv,67d11393f1ae62361838d60f4aeba6a374e9854a6ea36d10606df46bd45989a9,results/music_external_review/20260917T133518483857Z/review.json,f8bbd3cd9256b33aeb731d98a280a49da00f052fd0d181dcf29d6cb4bc00143d,percentage points,MAE(ratio10) - MAE(balanced),60,3,5.2290909090909095,d
original_grouping,IGTB1913,3,IGTB508,music_nnls,60,ratio10,0.8347483369271755,0.8748986161723527,-1.693595370537782,1.208477292147752,4.466422241844979,0.6767521819779088,1.0452571891372808,-0.6948235130070758,1280,results/music_external_review/20260917T133518483857Z/reference_arrangement_penalties.csv,67d11393f1ae62361838d60f4aeba6a374e9854a6ea36d10606df46bd45989a9,results/music_external_review/20260917T133518483857Z/review.json,f8bbd3cd9256b33aeb731d98a280a49da00f052fd0d181dcf29d6cb4bc00143d,percentage points,MAE(ratio10) - MAE(balanced),60,3,5.28,d
original_grouping,IGTB1921,0,IGTB1966,music_nnls,60,ratio10,-0.4466058562000978,-0.7734475883777829,0.1829668587496546,-0.0988148383313786,-1.8942691151384927,-1.9907471389847304,0.3741616527268512,0.7470674437775174,1298,results/music_external_review/20260917T133518483857Z/reference_arrangement_penalties.csv,67d11393f1ae62361838d60f4aeba6a374e9854a6ea36d10606df46bd45989a9,results/music_external_review/20260917T133518483857Z/review.json,f8bbd3cd9256b33aeb731d98a280a49da00f052fd0d181dcf29d6cb4bc00143d,percentage points,MAE(ratio10) - MAE(balanced),60,3,5.72,d
original_grouping,IGTB1921,0,IGTB498,music_nnls,60,ratio10,-0.3314096708131792,-0.4953640597023481,-0.5793694270646281,0.2217885766363617,-1.0171166115833667,-0.5552951400641212,0.497289649115411,-0.5557550719187323,1316,results/music_external_review/20260917T133518483857Z/reference_arrangement_penalties.csv,67d11393f1ae62361838d60f4aeba6a374e9854a6ea36d10606df46bd45989a9,results/music_external_review/20260917T133518483857Z/review.json,f8bbd3cd9256b33aeb731d98a280a49da00f052fd0d181dcf29d6cb4bc00143d,percentage points,MAE(ratio10) - MAE(balanced),60,3,5.7709090909090905,d
original_grouping,IGTB1921,0,IGTB826,music_nnls,60,ratio10,-0.1500279951613897,-0.4956838413163052,0.2892935995411758,0.6048267063611064,-2.045682902962699,-0.8422305228432208,0.9920512332920924,0.1015739156432179,1334,results/music_external_review/20260917T133518483857Z/reference_arrangement_penalties.csv,67d11393f1ae62361838d60f4aeba6a374e9854a6ea36d10606df46bd45989a9,results/music_external_review/20260917T133518483857Z/review.json,f8bbd3cd9256b33aeb731d98a280a49da00f052fd0d181dcf29d6cb4bc00143d,percentage points,MAE(ratio10) - MAE(balanced),60,3,5.821818181818182,d
original_grouping,IGTB1921,1,HC-502,music_nnls,60,ratio10,-0.4124144943043208,-1.1533428704949875,4.852832885550341,-1.1274126976834988,-5.936076396638435,-2.7789889875050418,1.3466631782701672,1.1684950521805502,1352,results/music_external_review/20260917T133518483857Z/reference_arrangement_penalties.csv,67d11393f1ae62361838d60f4aeba6a374e9854a6ea36d10606df46bd45989a9,results/music_external_review/20260917T133518483857Z/review.json,f8bbd3cd9256b33aeb731d98a280a49da00f052fd0d181dcf29d6cb4bc00143d,percentage points,MAE(ratio10) - MAE(balanced),60,3,5.872727272727273,d
original_grouping,IGTB1921,1,IGTB256,music_nnls,60,ratio10,-0.3418111102836495,-0.8249814336398822,2.276630537490716,-0.2440961978666568,-2.406672238088692,-2.2653058085662856,0.4574712543919762,0.1311057909370578,1370,results/music_external_review/20260917T133518483857Z/reference_arrangement_penalties.csv,67d11393f1ae62361838d60f4aeba6a374e9854a6ea36d10606df46bd45989a9,results/music_external_review/20260917T133518483857Z/review.json,f8bbd3cd9256b33aeb731d98a280a49da00f052fd0d181dcf29d6cb4bc00143d,percentage points,MAE(ratio10) - MAE(balanced),60,3,5.923636363636364,d
original_grouping,IGTB1921,1,IGTB514,music_nnls,60,ratio10,-0.446555976170549,-1.0142983053965546,2.1161929978272096,-0.6354938445959976,-3.402947611833832,-2.5380257724983437,0.736181696485812,1.0447566775918593,1388,results/music_external_review/20260917T133518483857Z/reference_arrangement_penalties.csv,67d11393f1ae62361838d60f4aeba6a374e9854a6ea36d10606df46bd45989a9,results/music_external_review/20260917T133518483857Z/review.json,f8bbd3cd9256b33aeb731d98a280a49da00f052fd0d181dcf29d6cb4bc00143d,percentage points,MAE(ratio10) - MAE(balanced),60,3,5.974545454545455,d
original_grouping,IGTB1921,2,IGTB1506,music_nnls,60,ratio10,1.3422470755741782,1.5666095114802292,2.343911627036724,0.1696453784927561,1.8016173275807588,1.208114528459344,1.1551403386948762,1.375053253180599,1406,results/music_external_review/20260917T133518483857Z/reference_arrangement_penalties.csv,67d11393f1ae62361838d60f4aeba6a374e9854a6ea36d10606df46bd45989a9,results/music_external_review/20260917T133518483857Z/review.json,f8bbd3cd9256b33aeb731d98a280a49da00f052fd0d181dcf29d6cb4bc00143d,percentage points,MAE(ratio10) - MAE(balanced),60,3,6.025454545454545,d
original_grouping,IGTB1921,2,IGTB1650,music_nnls,60,ratio10,1.8184324044391411,2.044093490054603,3.937526881975684,0.2926066567164826,1.2941088890277714,1.8006792731478212,1.2138032233977605,2.371869502369324,1424,results/music_external_review/20260917T133518483857Z/reference_arrangement_penalties.csv,67d11393f1ae62361838d60f4aeba6a374e9854a6ea36d10606df46bd45989a9,results/music_external_review/20260917T133518483857Z/review.json,f8bbd3cd9256b33aeb731d98a280a49da00f052fd0d181dcf29d6cb4bc00143d,percentage points,MAE(ratio10) - MAE(balanced),60,3,6.076363636363636,d
original_grouping,IGTB1921,2,IGTB508,music_nnls,60,ratio10,1.1143785261789494,1.1181748388620285,3.30938540081483,0.8681844580531346,0.588883780133955,0.2776912382692962,1.3689648184462309,0.2731614613562431,1442,results/music_external_review/20260917T133518483857Z/reference_arrangement_penalties.csv,67d11393f1ae62361838d60f4aeba6a374e9854a6ea36d10606df46bd45989a9,results/music_external_review/20260917T133518483857Z/review.json,f8bbd3cd9256b33aeb731d98a280a49da00f052fd0d181dcf29d6cb4bc00143d,percentage points,MAE(ratio10) - MAE(balanced),60,3,6.127272727272727,d
original_grouping,IGTB1921,3,HC-572,music_nnls,60,ratio10,0.2605315580686505,0.6867757182118126,1.2356389628969056,-0.7338364925377633,0.3794672442106831,1.1310668487269628,-0.7318687052488541,0.2827214903639594,1460,results/music_external_review/20260917T133518483857Z/reference_arrangement_penalties.csv,67d11393f1ae62361838d60f4aeba6a374e9854a6ea36d10606df46bd45989a9,results/music_external_review/20260917T133518483857Z/review.json,f8bbd3cd9256b33aeb731d98a280a49da00f052fd0d181dcf29d6cb4bc00143d,percentage points,MAE(ratio10) - MAE(balanced),60,3,6.178181818181818,d
original_grouping,IGTB1921,3,IGTB1913,music_nnls,60,ratio10,-0.1500259342076841,0.1914583004194288,4.812929944496758,-1.813956411007768,-2.442705737096805,-0.2511453282124115,-1.7699769105957768,0.564698837169888,1478,results/music_external_review/20260917T133518483857Z/reference_arrangement_penalties.csv,67d11393f1ae62361838d60f4aeba6a374e9854a6ea36d10606df46bd45989a9,results/music_external_review/20260917T133518483857Z/review.json,f8bbd3cd9256b33aeb731d98a280a49da00f052fd0d181dcf29d6cb4bc00143d,percentage points,MAE(ratio10) - MAE(balanced),60,3,6.2290909090909095,d
original_grouping,IGTB1921,3,IGTB195,music_nnls,60,ratio10,-0.7268918686241794,-1.243838572851549,0.3859835052320939,0.6032587248758294,-2.9991924310807323,-4.2427982148954175,1.4764739350137006,0.4149232691094505,1496,results/music_external_review/20260917T133518483857Z/reference_arrangement_penalties.csv,67d11393f1ae62361838d60f4aeba6a374e9854a6ea36d10606df46bd45989a9,results/music_external_review/20260917T133518483857Z/review.json,f8bbd3cd9256b33aeb731d98a280a49da00f052fd0d181dcf29d6cb4bc00143d,percentage points,MAE(ratio10) - MAE(balanced),60,3,6.28,d
original_grouping,IGTB195,0,HC-014,music_nnls,60,ratio10,0.3645840454099553,0.401476466459783,-1.0873458020014906,-0.159950206857756,1.9164229173489933,0.3681349321977625,-0.4920223741966542,1.642264805968891,1514,results/music_external_review/20260917T133518483857Z/reference_arrangement_penalties.csv,67d11393f1ae62361838d60f4aeba6a374e9854a6ea36d10606df46bd45989a9,results/music_external_review/20260917T133518483857Z/review.json,f8bbd3cd9256b33aeb731d98a280a49da00f052fd0d181dcf29d6cb4bc00143d,percentage points,MAE(ratio10) - MAE(balanced),60,3,6.72,d
original_grouping,IGTB195,0,HC-572,music_nnls,60,ratio10,0.7332050426941902,1.0087032137184757,2.089008554717063,-0.1092786159728647,-0.0683011874727959,1.140021778852464,0.0713843062082041,1.276395419833089,1532,results/music_external_review/20260917T133518483857Z/reference_arrangement_penalties.csv,67d11393f1ae62361838d60f4aeba6a374e9854a6ea36d10606df46bd45989a9,results/music_external_review/20260917T133518483857Z/review.json,f8bbd3cd9256b33aeb731d98a280a49da00f052fd0d181dcf29d6cb4bc00143d,percentage points,MAE(ratio10) - MAE(balanced),60,3,6.7709090909090905,d
original_grouping,IGTB195,0,IGTB1913,music_nnls,60,ratio10,1.2505220222639768,1.4608431794471983,1.157031823214163,-0.213563544751877,-2.82443975744356,3.207382614743635,0.0222433436932393,6.154477654128279,1550,results/music_external_review/20260917T133518483857Z/reference_arrangement_penalties.csv,67d11393f1ae62361838d60f4aeba6a374e9854a6ea36d10606df46bd45989a9,results/music_external_review/20260917T133518483857Z/review.json,f8bbd3cd9256b33aeb731d98a280a49da00f052fd0d181dcf29d6cb4bc00143d,percentage points,MAE(ratio10) - MAE(balanced),60,3,6.821818181818182,d
original_grouping,IGTB195,1,IGTB1921,music_nnls,60,ratio10,0.3540161552463487,0.718401506399365,0.4754418327262837,0.8157058231465861,-1.6624551931282097,-0.8745902820817193,-0.7633243841305212,4.13331913494567,1568,results/music_external_review/20260917T133518483857Z/reference_arrangement_penalties.csv,67d11393f1ae62361838d60f4aeba6a374e9854a6ea36d10606df46bd45989a9,results/music_external_review/20260917T133518483857Z/review.json,f8bbd3cd9256b33aeb731d98a280a49da00f052fd0d181dcf29d6cb4bc00143d,percentage points,MAE(ratio10) - MAE(balanced),60,3,6.872727272727273,d
original_grouping,IGTB195,1,IGTB1966,music_nnls,60,ratio10,0.9241659179504608,0.7851332168150454,2.126375161574648,1.271396090413098,-1.6322383187628118,-2.992067048449123,0.6337288109124308,6.13780081201451,1586,results/music_external_review/20260917T133518483857Z/reference_arrangement_penalties.csv,67d11393f1ae62361838d60f4aeba6a374e9854a6ea36d10606df46bd45989a9,results/music_external_review/20260917T133518483857Z/review.json,f8bbd3cd9256b33aeb731d98a280a49da00f052fd0d181dcf29d6cb4bc00143d,percentage points,MAE(ratio10) - MAE(balanced),60,3,6.923636363636364,d
original_grouping,IGTB195,1,IGTB826,music_nnls,60,ratio10,-0.0942984319501002,-0.099804300595599,-0.6048529291554982,0.4496504166342258,-3.401152812922778,0.2481184100149793,-0.0788721293499404,2.821318453078393,1604,results/music_external_review/20260917T133518483857Z/reference_arrangement_penalties.csv,67d11393f1ae62361838d60f4aeba6a374e9854a6ea36d10606df46bd45989a9,results/music_external_review/20260917T133518483857Z/review.json,f8bbd3cd9256b33aeb731d98a280a49da00f052fd0d181dcf29d6cb4bc00143d,percentage points,MAE(ratio10) - MAE(balanced),60,3,6.974545454545455,d
original_grouping,IGTB195,2,HC-502,music_nnls,60,ratio10,1.177046033155657,1.5494608914362098,1.6798002160723775,1.0851250623320376,1.2910442391281884,2.4103994784990683,-0.1275256496697412,0.7234328525720193,1622,results/music_external_review/20260917T133518483857Z/reference_arrangement_penalties.csv,67d11393f1ae62361838d60f4aeba6a374e9854a6ea36d10606df46bd45989a9,results/music_external_review/20260917T133518483857Z/review.json,f8bbd3cd9256b33aeb731d98a280a49da00f052fd0d181dcf29d6cb4bc00143d,percentage points,MAE(ratio10) - MAE(balanced),60,3,7.025454545454545,d
original_grouping,IGTB195,2,IGTB256,music_nnls,60,ratio10,0.9154108022117672,0.9006427825802049,2.196686059061145,0.5104606139046,0.8642586925323812,0.5117774674002981,0.5376592137202937,0.87162276665188,1640,results/music_external_review/20260917T133518483857Z/reference_arrangement_penalties.csv,67d11393f1ae62361838d60f4aeba6a374e9854a6ea36d10606df46bd45989a9,results/music_external_review/20260917T133518483857Z/review.json,f8bbd3cd9256b33aeb731d98a280a49da00f052fd0d181dcf29d6cb4bc00143d,percentage points,MAE(ratio10) - MAE(balanced),60,3,7.076363636363636,d
original_grouping,IGTB195,2,IGTB498,music_nnls,60,ratio10,0.6762665047079893,0.5906870419147042,1.3374057245641218,0.6531092444618065,0.5891187581364438,0.053605172634987,0.3096457999337064,1.1147143285168883,1658,results/music_external_review/20260917T133518483857Z/reference_arrangement_penalties.csv,67d11393f1ae62361838d60f4aeba6a374e9854a6ea36d10606df46bd45989a9,results/music_external_review/20260917T133518483857Z/review.json,f8bbd3cd9256b33aeb731d98a280a49da00f052fd0d181dcf29d6cb4bc00143d,percentage points,MAE(ratio10) - MAE(balanced),60,3,7.127272727272727,d
original_grouping,IGTB195,3,IGTB1506,music_nnls,60,ratio10,-0.942098985748959,-1.301480936856037,0.0311769846677825,0.1448535528650122,-5.431577759597316,-1.66529714712953,0.5454874543026774,0.7227630003976374,1676,results/music_external_review/20260917T133518483857Z/reference_arrangement_penalties.csv,67d11393f1ae62361838d60f4aeba6a374e9854a6ea36d10606df46bd45989a9,results/music_external_review/20260917T133518483857Z/review.json,f8bbd3cd9256b33aeb731d98a280a49da00f052fd0d181dcf29d6cb4bc00143d,percentage points,MAE(ratio10) - MAE(balanced),60,3,7.178181818181818,d
original_grouping,IGTB195,3,IGTB508,music_nnls,60,ratio10,-0.6290674983869078,-1.1556166382982858,1.4470859846659323,-1.2481574339263668,-2.9404860386432645,-1.3455774621817114,1.0827987574169973,-0.7700687976530247,1694,results/music_external_review/20260917T133518483857Z/reference_arrangement_penalties.csv,67d11393f1ae62361838d60f4aeba6a374e9854a6ea36d10606df46bd45989a9,results/music_external_review/20260917T133518483857Z/review.json,f8bbd3cd9256b33aeb731d98a280a49da00f052fd0d181dcf29d6cb4bc00143d,percentage points,MAE(ratio10) - MAE(balanced),60,3,7.2290909090909095,d
original_grouping,IGTB195,3,IGTB514,music_nnls,60,ratio10,0.4304552369446703,0.1422768119670415,1.4729867488977202,-0.3715621751774128,-2.57741028310784,-0.1506924569086258,0.488795912715135,3.720613675249063,1712,results/music_external_review/20260917T133518483857Z/reference_arrangement_penalties.csv,67d11393f1ae62361838d60f4aeba6a374e9854a6ea36d10606df46bd45989a9,results/music_external_review/20260917T133518483857Z/review.json,f8bbd3cd9256b33aeb731d98a280a49da00f052fd0d181dcf29d6cb4bc00143d,percentage points,MAE(ratio10) - MAE(balanced),60,3,7.28,d
original_grouping,IGTB1966,0,HC-502,music_nnls,60,ratio10,-0.0603746421576344,0.5508186640497236,4.298374285497295,-1.927666216116081,-1.3596811931313757,-1.616378481497996,-0.3228117309885164,0.5659154832908599,1730,results/music_external_review/20260917T133518483857Z/reference_arrangement_penalties.csv,67d11393f1ae62361838d60f4aeba6a374e9854a6ea36d10606df46bd45989a9,results/music_external_review/20260917T133518483857Z/review.json,f8bbd3cd9256b33aeb731d98a280a49da00f052fd0d181dcf29d6cb4bc00143d,percentage points,MAE(ratio10) - MAE(balanced),60,3,7.72,d
original_grouping,IGTB1966,0,IGTB256,music_nnls,60,ratio10,-0.4675112716202481,-0.359687169094335,-1.422639737103924,-0.4588206674987604,0.5740580197883477,-0.941817472378516,-0.6828337749292087,0.1269860024005559,1748,results/music_external_review/20260917T133518483857Z/reference_arrangement_penalties.csv,67d11393f1ae62361838d60f4aeba6a374e9854a6ea36d10606df46bd45989a9,results/music_external_review/20260917T133518483857Z/review.json,f8bbd3cd9256b33aeb731d98a280a49da00f052fd0d181dcf29d6cb4bc00143d,percentage points,MAE(ratio10) - MAE(balanced),60,3,7.7709090909090905,d
original_grouping,IGTB1966,0,IGTB498,music_nnls,60,ratio10,-0.824485240418483,-0.7014937646759377,-0.0199195695125997,-1.5448864496492392,-0.6654210513715433,-1.3378693734880749,-1.0071735007438072,-0.3716414977456468,1766,results/music_external_review/20260917T133518483857Z/reference_arrangement_penalties.csv,67d11393f1ae62361838d60f4aeba6a374e9854a6ea36d10606df46bd45989a9,results/music_external_review/20260917T133518483857Z/review.json,f8bbd3cd9256b33aeb731d98a280a49da00f052fd0d181dcf29d6cb4bc00143d,percentage points,MAE(ratio10) - MAE(balanced),60,3,7.821818181818182,d
original_grouping,IGTB1966,1,IGTB1506,music_nnls,60,ratio10,0.0976099300364009,-0.1281662101845435,-3.0747354565362945,0.7092839024622468,-0.2406805094611407,1.0132047056605942,1.2831590750129296,0.8954278630800685,1784,results/music_external_review/20260917T133518483857Z/reference_arrangement_penalties.csv,67d11393f1ae62361838d60f4aeba6a374e9854a6ea36d10606df46bd45989a9,results/music_external_review/20260917T133518483857Z/review.json,f8bbd3cd9256b33aeb731d98a280a49da00f052fd0d181dcf29d6cb4bc00143d,percentage points,MAE(ratio10) - MAE(balanced),60,3,7.872727272727273,d
original_grouping,IGTB1966,1,IGTB508,music_nnls,60,ratio10,0.8830128729915045,0.8117464641856162,-0.9225719248641504,0.962444579274192,1.5604677262091993,0.9435623016707873,2.4155940411855923,0.3385805144734118,1802,results/music_external_review/20260917T133518483857Z/reference_arrangement_penalties.csv,67d11393f1ae62361838d60f4aeba6a374e9854a6ea36d10606df46bd45989a9,results/music_external_review/20260917T133518483857Z/review.json,f8bbd3cd9256b33aeb731d98a280a49da00f052fd0d181dcf29d6cb4bc00143d,percentage points,MAE(ratio10) - MAE(balanced),60,3,7.923636363636364,d
original_grouping,IGTB1966,1,IGTB514,music_nnls,60,ratio10,0.2922368309287699,0.0753226551107851,-2.3823228803575485,0.5997426332681332,1.1866562010937094,1.2283791225448468,0.7508804190027915,0.3700854900206981,1820,results/music_external_review/20260917T133518483857Z/reference_arrangement_penalties.csv,67d11393f1ae62361838d60f4aeba6a374e9854a6ea36d10606df46bd45989a9,results/music_external_review/20260917T133518483857Z/review.json,f8bbd3cd9256b33aeb731d98a280a49da00f052fd0d181dcf29d6cb4bc00143d,percentage points,MAE(ratio10) - MAE(balanced),60,3,7.974545454545455,d
original_grouping,IGTB1966,2,IGTB1650,music_nnls,60,ratio10,-0.7979962190750659,-1.1823243898198998,-3.1288240890437,-0.9056998503991278,-0.9561219384976885,-3.063729092387576,0.4303683973787936,2.8360292584989093,1838,results/music_external_review/20260917T133518483857Z/reference_arrangement_penalties.csv,67d11393f1ae62361838d60f4aeba6a374e9854a6ea36d10606df46bd45989a9,results/music_external_review/20260917T133518483857Z/review.json,f8bbd3cd9256b33aeb731d98a280a49da00f052fd0d181dcf29d6cb4bc00143d,percentage points,MAE(ratio10) - MAE(balanced),60,3,8.025454545454545,d
original_grouping,IGTB1966,2,IGTB1913,music_nnls,60,ratio10,0.1474007292952032,0.2469208217271793,-1.913602509814745,-0.9365613478910412,2.137862598600679,0.5481422859043233,-0.1419407086788701,1.190504057650882,1856,results/music_external_review/20260917T133518483857Z/reference_arrangement_penalties.csv,67d11393f1ae62361838d60f4aeba6a374e9854a6ea36d10606df46bd45989a9,results/music_external_review/20260917T133518483857Z/review.json,f8bbd3cd9256b33aeb731d98a280a49da00f052fd0d181dcf29d6cb4bc00143d,percentage points,MAE(ratio10) - MAE(balanced),60,3,8.076363636363636,d
original_grouping,IGTB1966,2,IGTB195,music_nnls,60,ratio10,-0.3435768013469434,-0.7823484501450679,-2.3372563225074163,-0.3485838230681957,-0.7221766955426274,-1.453605865189397,1.5562799705051162,1.2438819277208693,1874,results/music_external_review/20260917T133518483857Z/reference_arrangement_penalties.csv,67d11393f1ae62361838d60f4aeba6a374e9854a6ea36d10606df46bd45989a9,results/music_external_review/20260917T133518483857Z/review.json,f8bbd3cd9256b33aeb731d98a280a49da00f052fd0d181dcf29d6cb4bc00143d,percentage points,MAE(ratio10) - MAE(balanced),60,3,8.127272727272727,d
original_grouping,IGTB1966,3,HC-014,music_nnls,60,ratio10,-0.5550190508838673,-0.994977819496567,-5.500158556634674,-0.6482076150385205,3.04306488507109,1.1269201796628838,-1.089443974262194,-0.2622892241017876,1892,results/music_external_review/20260917T133518483857Z/reference_arrangement_penalties.csv,67d11393f1ae62361838d60f4aeba6a374e9854a6ea36d10606df46bd45989a9,results/music_external_review/20260917T133518483857Z/review.json,f8bbd3cd9256b33aeb731d98a280a49da00f052fd0d181dcf29d6cb4bc00143d,percentage points,MAE(ratio10) - MAE(balanced),60,3,8.178181818181818,d
original_grouping,IGTB1966,3,HC-572,music_nnls,60,ratio10,0.45008079783335,0.4286522978855122,-2.092829673475113,0.893999852039526,3.3028909670016477,-0.1248643014827892,-0.4576614749112328,1.1789494178280693,1910,results/music_external_review/20260917T133518483857Z/reference_arrangement_penalties.csv,67d11393f1ae62361838d60f4aeba6a374e9854a6ea36d10606df46bd45989a9,results/music_external_review/20260917T133518483857Z/review.json,f8bbd3cd9256b33aeb731d98a280a49da00f052fd0d181dcf29d6cb4bc00143d,percentage points,MAE(ratio10) - MAE(balanced),60,3,8.229090909090909,d
original_grouping,IGTB1966,3,IGTB1921,music_nnls,60,ratio10,0.388846835910953,0.1489703457791318,-2.1628479925403883,1.4163836137187673,1.056137932597244,1.3011659224242578,0.3039523788160169,0.4182891604498187,1928,results/music_external_review/20260917T133518483857Z/reference_arrangement_penalties.csv,67d11393f1ae62361838d60f4aeba6a374e9854a6ea36d10606df46bd45989a9,results/music_external_review/20260917T133518483857Z/review.json,f8bbd3cd9256b33aeb731d98a280a49da00f052fd0d181dcf29d6cb4bc00143d,percentage points,MAE(ratio10) - MAE(balanced),60,3,8.28,d
original_grouping,IGTB256,0,IGTB1506,music_nnls,60,ratio10,0.3277184877848157,-0.114223208267885,2.046691052873803,0.2806472872067418,-2.115664677296349,-1.3842029610580209,1.3610545548248316,1.7777856701578902,1946,results/music_external_review/20260917T133518483857Z/reference_arrangement_penalties.csv,67d11393f1ae62361838d60f4aeba6a374e9854a6ea36d10606df46bd45989a9,results/music_external_review/20260917T133518483857Z/review.json,f8bbd3cd9256b33aeb731d98a280a49da00f052fd0d181dcf29d6cb4bc00143d,percentage points,MAE(ratio10) - MAE(balanced),60,3,8.72,d
original_grouping,IGTB256,0,IGTB508,music_nnls,60,ratio10,0.5320196427589422,0.3256461572962413,1.5380771476676836,0.1755029502085431,-1.0130700403768051,0.5471980436675309,1.3933950775343569,0.5510146778523587,1964,results/music_external_review/20260917T133518483857Z/reference_arrangement_penalties.csv,67d11393f1ae62361838d60f4aeba6a374e9854a6ea36d10606df46bd45989a9,results/music_external_review/20260917T133518483857Z/review.json,f8bbd3cd9256b33aeb731d98a280a49da00f052fd0d181dcf29d6cb4bc00143d,percentage points,MAE(ratio10) - MAE(balanced),60,3,8.770909090909091,d
original_grouping,IGTB256,0,IGTB514,music_nnls,60,ratio10,0.146839850843996,-0.2231380404763543,1.9304692590730768,-0.0976503255602496,-1.906898114264558,-1.6715229268553808,0.5047191445750323,2.121922068096059,1982,results/music_external_review/20260917T133518483857Z/reference_arrangement_penalties.csv,67d11393f1ae62361838d60f4aeba6a374e9854a6ea36d10606df46bd45989a9,results/music_external_review/20260917T133518483857Z/review.json,f8bbd3cd9256b33aeb731d98a280a49da00f052fd0d181dcf29d6cb4bc00143d,percentage points,MAE(ratio10) - MAE(balanced),60,3,8.821818181818182,d
original_grouping,IGTB256,1,IGTB1650,music_nnls,60,ratio10,-0.1682123167855128,-0.2905660259772007,0.8467166385882606,0.0291543869797559,-0.9753253472668152,-1.259315087029938,-0.3658749281589775,0.71537043617464,2000,results/music_external_review/20260917T133518483857Z/reference_arrangement_penalties.csv,67d11393f1ae62361838d60f4aeba6a374e9854a6ea36d10606df46bd45989a9,results/music_external_review/20260917T133518483857Z/review.json,f8bbd3cd9256b33aeb731d98a280a49da00f052fd0d181dcf29d6cb4bc00143d,percentage points,MAE(ratio10) - MAE(balanced),60,3,8.872727272727273,d
original_grouping,IGTB256,1,IGTB1913,music_nnls,60,ratio10,0.3159801287994658,0.3007365907855502,1.1654919632444574,0.0770949554861377,0.1674944064801771,0.5746625965655133,-0.0790817637483484,-0.0097813852311427,2018,results/music_external_review/20260917T133518483857Z/reference_arrangement_penalties.csv,67d11393f1ae62361838d60f4aeba6a374e9854a6ea36d10606df46bd45989a9,results/music_external_review/20260917T133518483857Z/review.json,f8bbd3cd9256b33aeb731d98a280a49da00f052fd0d181dcf29d6cb4bc00143d,percentage points,MAE(ratio10) - MAE(balanced),60,3,8.923636363636364,d
original_grouping,IGTB256,1,IGTB195,music_nnls,60,ratio10,1.293100045479023,1.453468873502058,1.4526031057363318,0.2662714865867065,0.6336732763953598,1.7438997789147284,2.029604252150256,1.632548373090742,2036,results/music_external_review/20260917T133518483857Z/reference_arrangement_penalties.csv,67d11393f1ae62361838d60f4aeba6a374e9854a6ea36d10606df46bd45989a9,results/music_external_review/20260917T133518483857Z/review.json,f8bbd3cd9256b33aeb731d98a280a49da00f052fd0d181dcf29d6cb4bc00143d,percentage points,MAE(ratio10) - MAE(balanced),60,3,8.974545454545455,d
original_grouping,IGTB256,2,HC-014,music_nnls,60,ratio10,-0.5676835979998277,-0.4479239579141277,-1.438149701140799,-0.8996947665253119,0.4225207918068444,0.2012574818850654,-1.4982609996343503,-0.1937743943904106,2054,results/music_external_review/20260917T133518483857Z/reference_arrangement_penalties.csv,67d11393f1ae62361838d60f4aeba6a374e9854a6ea36d10606df46bd45989a9,results/music_external_review/20260917T133518483857Z/review.json,f8bbd3cd9256b33aeb731d98a280a49da00f052fd0d181dcf29d6cb4bc00143d,percentage points,MAE(ratio10) - MAE(balanced),60,3,9.025454545454545,d
original_grouping,IGTB256,2,HC-572,music_nnls,60,ratio10,-0.4224918148102,-0.4863605078411631,0.3431726220570926,0.5629858546715218,-0.5251667387418882,-1.9677864009498656,-1.3967349507108502,0.4485787248127884,2072,results/music_external_review/20260917T133518483857Z/reference_arrangement_penalties.csv,67d11393f1ae62361838d60f4aeba6a374e9854a6ea36d10606df46bd45989a9,results/music_external_review/20260917T133518483857Z/review.json,f8bbd3cd9256b33aeb731d98a280a49da00f052fd0d181dcf29d6cb4bc00143d,percentage points,MAE(ratio10) - MAE(balanced),60,3,9.076363636363636,d
original_grouping,IGTB256,2,IGTB1921,music_nnls,60,ratio10,0.7501429013765051,1.0989762937574843,0.7232845978665546,0.9857525214887488,0.6621159184143399,2.305585202008525,-0.395672398032762,0.2197915665136185,2090,results/music_external_review/20260917T133518483857Z/reference_arrangement_penalties.csv,67d11393f1ae62361838d60f4aeba6a374e9854a6ea36d10606df46bd45989a9,results/music_external_review/20260917T133518483857Z/review.json,f8bbd3cd9256b33aeb731d98a280a49da00f052fd0d181dcf29d6cb4bc00143d,percentage points,MAE(ratio10) - MAE(balanced),60,3,9.127272727272727,d
original_grouping,IGTB256,3,IGTB1966,music_nnls,60,ratio10,0.7994743229173383,0.9049514354132774,2.523993678788335,-0.197175460644615,-1.342403451366324,-0.4141559519419044,-0.3360250446100318,4.562612167278575,2108,results/music_external_review/20260917T133518483857Z/reference_arrangement_penalties.csv,67d11393f1ae62361838d60f4aeba6a374e9854a6ea36d10606df46bd45989a9,results/music_external_review/20260917T133518483857Z/review.json,f8bbd3cd9256b33aeb731d98a280a49da00f052fd0d181dcf29d6cb4bc00143d,percentage points,MAE(ratio10) - MAE(balanced),60,3,9.178181818181818,d
original_grouping,IGTB256,3,IGTB498,music_nnls,60,ratio10,0.3944332680533954,0.2738872437504261,1.2187107368382215,0.4710647134152721,-1.6286389554658105,-0.3872718932111209,0.242539796156602,2.450195210587202,2126,results/music_external_review/20260917T133518483857Z/reference_arrangement_penalties.csv,67d11393f1ae62361838d60f4aeba6a374e9854a6ea36d10606df46bd45989a9,results/music_external_review/20260917T133518483857Z/review.json,f8bbd3cd9256b33aeb731d98a280a49da00f052fd0d181dcf29d6cb4bc00143d,percentage points,MAE(ratio10) - MAE(balanced),60,3,9.229090909090909,d
original_grouping,IGTB256,3,IGTB826,music_nnls,60,ratio10,1.0349586481570432,1.266325745406326,2.022798619638223,0.2569344752875268,0.7309991703366363,2.0163674992842857,0.3414013408057169,0.8412507835898551,2144,results/music_external_review/20260917T133518483857Z/reference_arrangement_penalties.csv,67d11393f1ae62361838d60f4aeba6a374e9854a6ea36d10606df46bd45989a9,results/music_external_review/20260917T133518483857Z/review.json,f8bbd3cd9256b33aeb731d98a280a49da00f052fd0d181dcf29d6cb4bc00143d,percentage points,MAE(ratio10) - MAE(balanced),60,3,9.28,d
original_grouping,IGTB498,0,HC-502,music_nnls,60,ratio10,-0.1706535339632728,-0.448210398589696,-0.0284142060759923,0.8536355420419031,-1.26815215798999,-1.2745621339376945,-0.0769902409435705,0.7705619931256963,2162,results/music_external_review/20260917T133518483857Z/reference_arrangement_penalties.csv,67d11393f1ae62361838d60f4aeba6a374e9854a6ea36d10606df46bd45989a9,results/music_external_review/20260917T133518483857Z/review.json,f8bbd3cd9256b33aeb731d98a280a49da00f052fd0d181dcf29d6cb4bc00143d,percentage points,MAE(ratio10) - MAE(balanced),60,3,9.72,d
original_grouping,IGTB498,0,IGTB256,music_nnls,60,ratio10,0.9362913947044038,1.350907120211566,0.3217836220737152,0.3898933040801959,2.2282743538068908,2.827481751180874,-0.4549499948963487,0.3052653319811072,2180,results/music_external_review/20260917T133518483857Z/reference_arrangement_penalties.csv,67d11393f1ae62361838d60f4aeba6a374e9854a6ea36d10606df46bd45989a9,results/music_external_review/20260917T133518483857Z/review.json,f8bbd3cd9256b33aeb731d98a280a49da00f052fd0d181dcf29d6cb4bc00143d,percentage points,MAE(ratio10) - MAE(balanced),60,3,9.770909090909091,d
original_grouping,IGTB498,0,IGTB514,music_nnls,60,ratio10,0.1635926230738983,0.0189197232222195,-0.2242040577447675,0.6114178834102773,-1.6678560622000866,1.1560886480215435,0.3296554481231143,0.7764538788333001,2198,results/music_external_review/20260917T133518483857Z/reference_arrangement_penalties.csv,67d11393f1ae62361838d60f4aeba6a374e9854a6ea36d10606df46bd45989a9,results/music_external_review/20260917T133518483857Z/review.json,f8bbd3cd9256b33aeb731d98a280a49da00f052fd0d181dcf29d6cb4bc00143d,percentage points,MAE(ratio10) - MAE(balanced),60,3,9.821818181818182,d
original_grouping,IGTB498,1,IGTB1506,music_nnls,60,ratio10,0.8894004394344799,1.079761595976836,0.9453576192156564,0.751559918477598,2.086834605937724,1.0058090386098963,0.8518618184164686,-0.3050203640504771,2216,results/music_external_review/20260917T133518483857Z/reference_arrangement_penalties.csv,67d11393f1ae62361838d60f4aeba6a374e9854a6ea36d10606df46bd45989a9,results/music_external_review/20260917T133518483857Z/review.json,f8bbd3cd9256b33aeb731d98a280a49da00f052fd0d181dcf29d6cb4bc00143d,percentage points,MAE(ratio10) - MAE(balanced),60,3,9.872727272727273,d
original_grouping,IGTB498,1,IGTB1650,music_nnls,60,ratio10,1.19663390929803,1.3930238698449096,1.2583226974949724,0.3468564103556497,1.5636033918305077,1.8539548242789647,0.9036565097911978,1.2534096220368758,2234,results/music_external_review/20260917T133518483857Z/reference_arrangement_penalties.csv,67d11393f1ae62361838d60f4aeba6a374e9854a6ea36d10606df46bd45989a9,results/music_external_review/20260917T133518483857Z/review.json,f8bbd3cd9256b33aeb731d98a280a49da00f052fd0d181dcf29d6cb4bc00143d,percentage points,MAE(ratio10) - MAE(balanced),60,3,9.923636363636364,d
original_grouping,IGTB498,1,IGTB508,music_nnls,60,ratio10,1.9157667223486003,2.336531699354645,1.4338818459489355,-0.1241995808940859,3.231796896668982,4.328763655591685,1.5182641754210329,1.1060933413550642,2252,results/music_external_review/20260917T133518483857Z/reference_arrangement_penalties.csv,67d11393f1ae62361838d60f4aeba6a374e9854a6ea36d10606df46bd45989a9,results/music_external_review/20260917T133518483857Z/review.json,f8bbd3cd9256b33aeb731d98a280a49da00f052fd0d181dcf29d6cb4bc00143d,percentage points,MAE(ratio10) - MAE(balanced),60,3,9.974545454545455,d
original_grouping,IGTB498,2,HC-572,music_nnls,60,ratio10,0.1421593355384619,-0.4957960275076738,2.5974972809312,0.0564582944714187,-2.008763973175318,-1.6813152842534922,-0.0542655620544515,1.9433452573113987,2270,results/music_external_review/20260917T133518483857Z/reference_arrangement_penalties.csv,67d11393f1ae62361838d60f4aeba6a374e9854a6ea36d10606df46bd45989a9,results/music_external_review/20260917T133518483857Z/review.json,f8bbd3cd9256b33aeb731d98a280a49da00f052fd0d181dcf29d6cb4bc00143d,percentage points,MAE(ratio10) - MAE(balanced),60,3,10.025454545454545,d
original_grouping,IGTB498,2,IGTB1913,music_nnls,60,ratio10,0.6889089002027026,0.4652139180235927,3.2940142906340566,0.3899434836651559,0.4069698808719593,-1.192020699968925,0.0152868808028387,1.219259565211116,2288,results/music_external_review/20260917T133518483857Z/reference_arrangement_penalties.csv,67d11393f1ae62361838d60f4aeba6a374e9854a6ea36d10606df46bd45989a9,results/music_external_review/20260917T133518483857Z/review.json,f8bbd3cd9256b33aeb731d98a280a49da00f052fd0d181dcf29d6cb4bc00143d,percentage points,MAE(ratio10) - MAE(balanced),60,3,10.076363636363636,d
original_grouping,IGTB498,2,IGTB195,music_nnls,60,ratio10,-0.0961259731396769,-1.1126306803696144,1.9525172389991967,1.3394051627969563,-2.658691992637487,-3.3853342660361445,0.963542732922823,1.211805285116585,2306,results/music_external_review/20260917T133518483857Z/reference_arrangement_penalties.csv,67d11393f1ae62361838d60f4aeba6a374e9854a6ea36d10606df46bd45989a9,results/music_external_review/20260917T133518483857Z/review.json,f8bbd3cd9256b33aeb731d98a280a49da00f052fd0d181dcf29d6cb4bc00143d,percentage points,MAE(ratio10) - MAE(balanced),60,3,10.127272727272727,d
original_grouping,IGTB498,3,HC-014,music_nnls,60,ratio10,0.3041562221099986,0.3984908953005645,0.1734790652573649,-0.0907499349963385,0.2603166193420127,0.4529534999378636,0.5079789796630051,0.5209591034560779,2324,results/music_external_review/20260917T133518483857Z/reference_arrangement_penalties.csv,67d11393f1ae62361838d60f4aeba6a374e9854a6ea36d10606df46bd45989a9,results/music_external_review/20260917T133518483857Z/review.json,f8bbd3cd9256b33aeb731d98a280a49da00f052fd0d181dcf29d6cb4bc00143d,percentage points,MAE(ratio10) - MAE(balanced),60,3,10.178181818181818,d
original_grouping,IGTB498,3,IGTB1921,music_nnls,60,ratio10,0.5346768182561651,0.5206894313776783,-0.1948257808937652,0.3445946167702736,0.2559207692946678,0.7647475949666551,0.6749586057351471,1.3626651036640116,2342,results/music_external_review/20260917T133518483857Z/reference_arrangement_penalties.csv,67d11393f1ae62361838d60f4aeba6a374e9854a6ea36d10606df46bd45989a9,results/music_external_review/20260917T133518483857Z/review.json,f8bbd3cd9256b33aeb731d98a280a49da00f052fd0d181dcf29d6cb4bc00143d,percentage points,MAE(ratio10) - MAE(balanced),60,3,10.229090909090909,d
original_grouping,IGTB498,3,IGTB826,music_nnls,60,ratio10,1.7799268908397294,2.268801334356781,0.5577299826343461,0.4629391533842665,3.032321978295239,3.9275896327230257,1.6920666891534684,1.006913908848028,2360,results/music_external_review/20260917T133518483857Z/reference_arrangement_penalties.csv,67d11393f1ae62361838d60f4aeba6a374e9854a6ea36d10606df46bd45989a9,results/music_external_review/20260917T133518483857Z/review.json,f8bbd3cd9256b33aeb731d98a280a49da00f052fd0d181dcf29d6cb4bc00143d,percentage points,MAE(ratio10) - MAE(balanced),60,3,10.28,d
original_grouping,IGTB508,0,IGTB1650,music_nnls,60,ratio10,-0.0734932419480173,-0.0743877887258054,0.8946682349086139,0.2586954973575644,-0.7282007292286481,-1.6204376719082454,0.756908659801401,-0.0025934426187933,2378,results/music_external_review/20260917T133518483857Z/reference_arrangement_penalties.csv,67d11393f1ae62361838d60f4aeba6a374e9854a6ea36d10606df46bd45989a9,results/music_external_review/20260917T133518483857Z/review.json,f8bbd3cd9256b33aeb731d98a280a49da00f052fd0d181dcf29d6cb4bc00143d,percentage points,MAE(ratio10) - MAE(balanced),60,3,10.72,d
original_grouping,IGTB508,0,IGTB1913,music_nnls,60,ratio10,-0.1907973325921482,-0.1985880705403002,0.1642798017735618,0.2832031826953309,-0.904733990468179,-0.8641333179442291,0.1022222765474045,0.0743780518432103,2396,results/music_external_review/20260917T133518483857Z/reference_arrangement_penalties.csv,67d11393f1ae62361838d60f4aeba6a374e9854a6ea36d10606df46bd45989a9,results/music_external_review/20260917T133518483857Z/review.json,f8bbd3cd9256b33aeb731d98a280a49da00f052fd0d181dcf29d6cb4bc00143d,percentage points,MAE(ratio10) - MAE(balanced),60,3,10.770909090909091,d
original_grouping,IGTB508,0,IGTB195,music_nnls,60,ratio10,0.9613448699549864,1.4536961186856088,0.3778996518260938,0.0784077196727178,2.23447373223726,2.403067847241136,-0.4711593800213092,1.1453796487740198,2414,results/music_external_review/20260917T133518483857Z/reference_arrangement_penalties.csv,67d11393f1ae62361838d60f4aeba6a374e9854a6ea36d10606df46bd45989a9,results/music_external_review/20260917T133518483857Z/review.json,f8bbd3cd9256b33aeb731d98a280a49da00f052fd0d181dcf29d6cb4bc00143d,percentage points,MAE(ratio10) - MAE(balanced),60,3,10.821818181818182,d
original_grouping,IGTB508,1,HC-014,music_nnls,60,ratio10,0.0017449387031889,0.2686055454066298,-1.4174204177958365,-0.3389658443311834,1.94422552677066,0.5515907177182968,-1.1341919228582626,0.4052315727154544,2432,results/music_external_review/20260917T133518483857Z/reference_arrangement_penalties.csv,67d11393f1ae62361838d60f4aeba6a374e9854a6ea36d10606df46bd45989a9,results/music_external_review/20260917T133518483857Z/review.json,f8bbd3cd9256b33aeb731d98a280a49da00f052fd0d181dcf29d6cb4bc00143d,percentage points,MAE(ratio10) - MAE(balanced),60,3,10.872727272727273,d
original_grouping,IGTB508,1,HC-572,music_nnls,60,ratio10,-0.0881962342744164,-0.1094870800569736,0.6211013448249736,1.056514024001681,0.4241036816622271,-2.200787891643801,-0.3423074056463677,-0.0878011588452332,2450,results/music_external_review/20260917T133518483857Z/reference_arrangement_penalties.csv,67d11393f1ae62361838d60f4aeba6a374e9854a6ea36d10606df46bd45989a9,results/music_external_review/20260917T133518483857Z/review.json,f8bbd3cd9256b33aeb731d98a280a49da00f052fd0d181dcf29d6cb4bc00143d,percentage points,MAE(ratio10) - MAE(balanced),60,3,10.923636363636364,d
original_grouping,IGTB508,1,IGTB1921,music_nnls,60,ratio10,0.7500303253305161,0.9533960005804591,0.2920923271915147,1.5365999596788678,1.7755915455935325,0.2736912541411663,0.1200954793346185,0.5021113860433717,2468,results/music_external_review/20260917T133518483857Z/reference_arrangement_penalties.csv,67d11393f1ae62361838d60f4aeba6a374e9854a6ea36d10606df46bd45989a9,results/music_external_review/20260917T133518483857Z/review.json,f8bbd3cd9256b33aeb731d98a280a49da00f052fd0d181dcf29d6cb4bc00143d,percentage points,MAE(ratio10) - MAE(balanced),60,3,10.974545454545455,d
original_grouping,IGTB508,2,IGTB1966,music_nnls,60,ratio10,0.4319565932006596,0.464219153029872,3.005993455601649,0.6098835455214311,-2.1049010626210767,-1.6053632366683928,-0.8371079195954612,3.523234776965806,2486,results/music_external_review/20260917T133518483857Z/reference_arrangement_penalties.csv,67d11393f1ae62361838d60f4aeba6a374e9854a6ea36d10606df46bd45989a9,results/music_external_review/20260917T133518483857Z/review.json,f8bbd3cd9256b33aeb731d98a280a49da00f052fd0d181dcf29d6cb4bc00143d,percentage points,MAE(ratio10) - MAE(balanced),60,3,11.025454545454545,d
original_grouping,IGTB508,2,IGTB498,music_nnls,60,ratio10,-0.2756459424135877,-0.5068804190842128,2.236830123682368,0.5308885702239784,-2.243860908042889,-2.7203129999972973,-1.055537971129736,1.5981175307820443,2504,results/music_external_review/20260917T133518483857Z/reference_arrangement_penalties.csv,67d11393f1ae62361838d60f4aeba6a374e9854a6ea36d10606df46bd45989a9,results/music_external_review/20260917T133518483857Z/review.json,f8bbd3cd9256b33aeb731d98a280a49da00f052fd0d181dcf29d6cb4bc00143d,percentage points,MAE(ratio10) - MAE(balanced),60,3,11.076363636363636,d
original_grouping,IGTB508,2,IGTB826,music_nnls,60,ratio10,0.1646258046501844,0.075501569177955,2.298028246689906,0.4222735404471772,-0.8027760166088872,-0.4752381676383326,-1.0883626634195078,0.6338298884307576,2522,results/music_external_review/20260917T133518483857Z/reference_arrangement_penalties.csv,67d11393f1ae62361838d60f4aeba6a374e9854a6ea36d10606df46bd45989a9,results/music_external_review/20260917T133518483857Z/review.json,f8bbd3cd9256b33aeb731d98a280a49da00f052fd0d181dcf29d6cb4bc00143d,percentage points,MAE(ratio10) - MAE(balanced),60,3,11.127272727272727,d
original_grouping,IGTB508,3,HC-502,music_nnls,60,ratio10,-0.4308236451386417,-0.6006743775453167,0.2260208703085531,0.1901237236762324,-0.9604137367639344,-1.0947640422772176,-0.6398791053872231,-0.3060295803882613,2540,results/music_external_review/20260917T133518483857Z/reference_arrangement_penalties.csv,67d11393f1ae62361838d60f4aeba6a374e9854a6ea36d10606df46bd45989a9,results/music_external_review/20260917T133518483857Z/review.json,f8bbd3cd9256b33aeb731d98a280a49da00f052fd0d181dcf29d6cb4bc00143d,percentage points,MAE(ratio10) - MAE(balanced),60,3,11.178181818181818,d
original_grouping,IGTB508,3,IGTB256,music_nnls,60,ratio10,0.8893192908381474,1.3545871122320636,1.3906019003567196,0.3549742154979957,2.729861986373481,1.3693047716097229,-0.96854279603382,0.4597156672247815,2558,results/music_external_review/20260917T133518483857Z/reference_arrangement_penalties.csv,67d11393f1ae62361838d60f4aeba6a374e9854a6ea36d10606df46bd45989a9,results/music_external_review/20260917T133518483857Z/review.json,f8bbd3cd9256b33aeb731d98a280a49da00f052fd0d181dcf29d6cb4bc00143d,percentage points,MAE(ratio10) - MAE(balanced),60,3,11.229090909090909,d
original_grouping,IGTB508,3,IGTB514,music_nnls,60,ratio10,0.2220135398714325,0.3232715817714106,-0.1340023255986029,0.4939076517854514,0.1651506241200323,0.2430456266905624,0.1179080745472431,0.4460715876839183,2576,results/music_external_review/20260917T133518483857Z/reference_arrangement_penalties.csv,67d11393f1ae62361838d60f4aeba6a374e9854a6ea36d10606df46bd45989a9,results/music_external_review/20260917T133518483857Z/review.json,f8bbd3cd9256b33aeb731d98a280a49da00f052fd0d181dcf29d6cb4bc00143d,percentage points,MAE(ratio10) - MAE(balanced),60,3,11.28,d
original_grouping,IGTB514,0,IGTB1506,music_nnls,60,ratio10,0.7483250526183564,0.8333351804454688,1.7524991165268449,0.7599549960149146,-0.8283571547573506,1.2406306602983614,0.7388648130929464,0.82635788453442,2594,results/music_external_review/20260917T133518483857Z/reference_arrangement_penalties.csv,67d11393f1ae62361838d60f4aeba6a374e9854a6ea36d10606df46bd45989a9,results/music_external_review/20260917T133518483857Z/review.json,f8bbd3cd9256b33aeb731d98a280a49da00f052fd0d181dcf29d6cb4bc00143d,percentage points,MAE(ratio10) - MAE(balanced),60,3,11.72,d
original_grouping,IGTB514,0,IGTB1650,music_nnls,60,ratio10,0.6286569829213319,0.443160945125274,2.295716277789087,0.5595627395578426,-0.0584423790460936,-1.0044560884454716,0.8603659675713398,1.1191953801012982,2612,results/music_external_review/20260917T133518483857Z/reference_arrangement_penalties.csv,67d11393f1ae62361838d60f4aeba6a374e9854a6ea36d10606df46bd45989a9,results/music_external_review/20260917T133518483857Z/review.json,f8bbd3cd9256b33aeb731d98a280a49da00f052fd0d181dcf29d6cb4bc00143d,percentage points,MAE(ratio10) - MAE(balanced),60,3,11.770909090909091,d
original_grouping,IGTB514,0,IGTB508,music_nnls,60,ratio10,0.4973276371234545,0.1475603296397287,2.675349052727927,1.1369723941671612,-1.0184714679251454,-2.0717964066079064,1.7326412698035505,0.5292709805751491,2630,results/music_external_review/20260917T133518483857Z/reference_arrangement_penalties.csv,67d11393f1ae62361838d60f4aeba6a374e9854a6ea36d10606df46bd45989a9,results/music_external_review/20260917T133518483857Z/review.json,f8bbd3cd9256b33aeb731d98a280a49da00f052fd0d181dcf29d6cb4bc00143d,percentage points,MAE(ratio10) - MAE(balanced),60,3,11.821818181818182,d
original_grouping,IGTB514,1,HC-572,music_nnls,60,ratio10,0.2069614710317041,0.2706434783372635,1.0413004034268818,-0.2743090466560708,0.1526213789959526,-0.2950918570027172,-0.2202985377015146,0.8375464851276949,2648,results/music_external_review/20260917T133518483857Z/reference_arrangement_penalties.csv,67d11393f1ae62361838d60f4aeba6a374e9854a6ea36d10606df46bd45989a9,results/music_external_review/20260917T133518483857Z/review.json,f8bbd3cd9256b33aeb731d98a280a49da00f052fd0d181dcf29d6cb4bc00143d,percentage points,MAE(ratio10) - MAE(balanced),60,3,11.872727272727273,d
original_grouping,IGTB514,1,IGTB1913,music_nnls,60,ratio10,0.7113219876048856,1.2213583645715358,1.6800150588001073,-0.6794077074697876,2.293374501471796,1.154357944725207,-0.5655798344911908,0.3851719625931729,2666,results/music_external_review/20260917T133518483857Z/reference_arrangement_penalties.csv,67d11393f1ae62361838d60f4aeba6a374e9854a6ea36d10606df46bd45989a9,results/music_external_review/20260917T133518483857Z/review.json,f8bbd3cd9256b33aeb731d98a280a49da00f052fd0d181dcf29d6cb4bc00143d,percentage points,MAE(ratio10) - MAE(balanced),60,3,11.923636363636364,d
original_grouping,IGTB514,1,IGTB195,music_nnls,60,ratio10,0.5293438438417751,0.5080989658951215,-0.5558610889985428,0.9229441556678158,1.9692378288860048,-0.6870353778665522,1.5529925228558243,-0.0262149774939112,2684,results/music_external_review/20260917T133518483857Z/reference_arrangement_penalties.csv,67d11393f1ae62361838d60f4aeba6a374e9854a6ea36d10606df46bd45989a9,results/music_external_review/20260917T133518483857Z/review.json,f8bbd3cd9256b33aeb731d98a280a49da00f052fd0d181dcf29d6cb4bc00143d,percentage points,MAE(ratio10) - MAE(balanced),60,3,11.974545454545455,d
original_grouping,IGTB514,2,HC-014,music_nnls,60,ratio10,-0.2932288912649002,-0.2217569922547944,-2.320293583823481,-1.2730526830537263,1.1082134669867552,1.4972196502612447,0.306879349455964,-1.0783395474161612,2702,results/music_external_review/20260917T133518483857Z/reference_arrangement_penalties.csv,67d11393f1ae62361838d60f4aeba6a374e9854a6ea36d10606df46bd45989a9,results/music_external_review/20260917T133518483857Z/review.json,f8bbd3cd9256b33aeb731d98a280a49da00f052fd0d181dcf29d6cb4bc00143d,percentage points,MAE(ratio10) - MAE(balanced),60,3,12.025454545454545,d
original_grouping,IGTB514,2,IGTB1921,music_nnls,60,ratio10,0.0831399728442328,0.1258497447296608,-1.8147253058788824,0.1423347508276473,0.856339993510464,1.5382001921023194,0.457311372908106,-0.6806211664042643,2720,results/music_external_review/20260917T133518483857Z/reference_arrangement_penalties.csv,67d11393f1ae62361838d60f4aeba6a374e9854a6ea36d10606df46bd45989a9,results/music_external_review/20260917T133518483857Z/review.json,f8bbd3cd9256b33aeb731d98a280a49da00f052fd0d181dcf29d6cb4bc00143d,percentage points,MAE(ratio10) - MAE(balanced),60,3,12.076363636363636,d
original_grouping,IGTB514,2,IGTB826,music_nnls,60,ratio10,0.8251924874214466,0.960730293492658,0.6518643671711655,-0.1390868256652779,1.050573458188404,1.9030223208405423,1.808694422922544,-0.3239128189286976,2738,results/music_external_review/20260917T133518483857Z/reference_arrangement_penalties.csv,67d11393f1ae62361838d60f4aeba6a374e9854a6ea36d10606df46bd45989a9,results/music_external_review/20260917T133518483857Z/review.json,f8bbd3cd9256b33aeb731d98a280a49da00f052fd0d181dcf29d6cb4bc00143d,percentage points,MAE(ratio10) - MAE(balanced),60,3,12.127272727272727,d
original_grouping,IGTB514,3,HC-502,music_nnls,60,ratio10,-0.3487108330482716,-0.7182065481940331,2.752840783512718,-0.9218104494263908,-2.050984164152049,-1.147626684140285,0.2223383207433576,-0.947022804826982,2756,results/music_external_review/20260917T133518483857Z/reference_arrangement_penalties.csv,67d11393f1ae62361838d60f4aeba6a374e9854a6ea36d10606df46bd45989a9,results/music_external_review/20260917T133518483857Z/review.json,f8bbd3cd9256b33aeb731d98a280a49da00f052fd0d181dcf29d6cb4bc00143d,percentage points,MAE(ratio10) - MAE(balanced),60,3,12.178181818181818,d
original_grouping,IGTB514,3,IGTB1966,music_nnls,60,ratio10,0.0475083259318632,0.0729417876282133,1.3621971556831889,-1.5067020097586357,-0.3589099099571159,-0.2355252839561777,0.5198986109032558,0.5040913926766686,2774,results/music_external_review/20260917T133518483857Z/reference_arrangement_penalties.csv,67d11393f1ae62361838d60f4aeba6a374e9854a6ea36d10606df46bd45989a9,results/music_external_review/20260917T133518483857Z/review.json,f8bbd3cd9256b33aeb731d98a280a49da00f052fd0d181dcf29d6cb4bc00143d,percentage points,MAE(ratio10) - MAE(balanced),60,3,12.229090909090909,d
original_grouping,IGTB514,3,IGTB498,music_nnls,60,ratio10,-0.1526207634103477,-0.3844432631246077,1.6241517595888044,0.0735931865293919,-2.3102648814226794,-2.1327476871709146,1.0641355651055855,0.7654074769077318,2792,results/music_external_review/20260917T133518483857Z/reference_arrangement_penalties.csv,67d11393f1ae62361838d60f4aeba6a374e9854a6ea36d10606df46bd45989a9,results/music_external_review/20260917T133518483857Z/review.json,f8bbd3cd9256b33aeb731d98a280a49da00f052fd0d181dcf29d6cb4bc00143d,percentage points,MAE(ratio10) - MAE(balanced),60,3,12.28,d
original_grouping,IGTB826,0,HC-502,music_nnls,60,ratio10,-1.3770375664772605,-2.132246896255776,0.5392952528591795,0.3094011910242784,-6.481422554568461,-2.9474495481321354,0.0581388527017397,0.2598114072518313,2810,results/music_external_review/20260917T133518483857Z/reference_arrangement_penalties.csv,67d11393f1ae62361838d60f4aeba6a374e9854a6ea36d10606df46bd45989a9,results/music_external_review/20260917T133518483857Z/review.json,f8bbd3cd9256b33aeb731d98a280a49da00f052fd0d181dcf29d6cb4bc00143d,percentage points,MAE(ratio10) - MAE(balanced),60,3,12.72,d
original_grouping,IGTB826,0,IGTB1966,music_nnls,60,ratio10,-0.144541732989398,-0.4319597046650493,-0.2034162636665769,0.7505554118731705,-2.581074137625428,-0.5353382122721906,0.052920826561703,1.6491019771929498,2828,results/music_external_review/20260917T133518483857Z/reference_arrangement_penalties.csv,67d11393f1ae62361838d60f4aeba6a374e9854a6ea36d10606df46bd45989a9,results/music_external_review/20260917T133518483857Z/review.json,f8bbd3cd9256b33aeb731d98a280a49da00f052fd0d181dcf29d6cb4bc00143d,percentage points,MAE(ratio10) - MAE(balanced),60,3,12.770909090909091,d
original_grouping,IGTB826,0,IGTB498,music_nnls,60,ratio10,0.0048232784524588,-0.1570928112169059,-0.0886423361490393,0.6403275284944617,-1.144172683077729,-0.0591120277198591,0.9125402172062462,-0.2320010280393356,2846,results/music_external_review/20260917T133518483857Z/reference_arrangement_penalties.csv,67d11393f1ae62361838d60f4aeba6a374e9854a6ea36d10606df46bd45989a9,results/music_external_review/20260917T133518483857Z/review.json,f8bbd3cd9256b33aeb731d98a280a49da00f052fd0d181dcf29d6cb4bc00143d,percentage points,MAE(ratio10) - MAE(balanced),60,3,12.821818181818182,d
original_grouping,IGTB826,1,IGTB1506,music_nnls,60,ratio10,-0.4273600307686539,-0.4802248717229926,0.0833085300442112,0.0389378325907765,-2.268537276180265,-0.4927057248916101,0.7197547206729583,-0.6449182668479871,2864,results/music_external_review/20260917T133518483857Z/reference_arrangement_penalties.csv,67d11393f1ae62361838d60f4aeba6a374e9854a6ea36d10606df46bd45989a9,results/music_external_review/20260917T133518483857Z/review.json,f8bbd3cd9256b33aeb731d98a280a49da00f052fd0d181dcf29d6cb4bc00143d,percentage points,MAE(ratio10) - MAE(balanced),60,3,12.872727272727273,d
original_grouping,IGTB826,1,IGTB256,music_nnls,60,ratio10,-0.7566005533970541,-0.7297898910799546,-1.3447124755647435,-0.0829336931117634,-2.436763432836701,0.6445268941092178,0.4843581134389141,-1.804078726417248,2882,results/music_external_review/20260917T133518483857Z/reference_arrangement_penalties.csv,67d11393f1ae62361838d60f4aeba6a374e9854a6ea36d10606df46bd45989a9,results/music_external_review/20260917T133518483857Z/review.json,f8bbd3cd9256b33aeb731d98a280a49da00f052fd0d181dcf29d6cb4bc00143d,percentage points,MAE(ratio10) - MAE(balanced),60,3,12.923636363636364,d
original_grouping,IGTB826,1,IGTB514,music_nnls,60,ratio10,-0.2292785456492663,0.2430735046644538,-1.5271014169152588,0.0881840504788707,-1.0368497274496276,3.083428574371485,0.0641616410474405,-2.047494395428497,2900,results/music_external_review/20260917T133518483857Z/reference_arrangement_penalties.csv,67d11393f1ae62361838d60f4aeba6a374e9854a6ea36d10606df46bd45989a9,results/music_external_review/20260917T133518483857Z/review.json,f8bbd3cd9256b33aeb731d98a280a49da00f052fd0d181dcf29d6cb4bc00143d,percentage points,MAE(ratio10) - MAE(balanced),60,3,12.974545454545455,d
original_grouping,IGTB826,2,IGTB1650,music_nnls,60,ratio10,-1.6050985404598253,-1.9914505878112505,-0.4552025170039164,0.6444541823055807,-3.2873620407191626,-3.890106911688871,0.2519877679638524,-2.8943617236164334,2918,results/music_external_review/20260917T133518483857Z/reference_arrangement_penalties.csv,67d11393f1ae62361838d60f4aeba6a374e9854a6ea36d10606df46bd45989a9,results/music_external_review/20260917T133518483857Z/review.json,f8bbd3cd9256b33aeb731d98a280a49da00f052fd0d181dcf29d6cb4bc00143d,percentage points,MAE(ratio10) - MAE(balanced),60,3,13.025454545454545,d
original_grouping,IGTB826,2,IGTB195,music_nnls,60,ratio10,-0.4328157515968097,-0.8928772431191869,0.0533592794583844,0.2017714038413912,-2.59589919188686,-2.876534316742822,1.741001954151732,0.8794063615973239,2936,results/music_external_review/20260917T133518483857Z/reference_arrangement_penalties.csv,67d11393f1ae62361838d60f4aeba6a374e9854a6ea36d10606df46bd45989a9,results/music_external_review/20260917T133518483857Z/review.json,f8bbd3cd9256b33aeb731d98a280a49da00f052fd0d181dcf29d6cb4bc00143d,percentage points,MAE(ratio10) - MAE(balanced),60,3,13.076363636363636,d
original_grouping,IGTB826,2,IGTB508,music_nnls,60,ratio10,-0.70521583384832,-0.8010615562777463,-1.1517384380207252,0.2969766735198892,-1.8930992798873003,-1.06740117755763,0.1567485106862939,-0.5727812918304434,2954,results/music_external_review/20260917T133518483857Z/reference_arrangement_penalties.csv,67d11393f1ae62361838d60f4aeba6a374e9854a6ea36d10606df46bd45989a9,results/music_external_review/20260917T133518483857Z/review.json,f8bbd3cd9256b33aeb731d98a280a49da00f052fd0d181dcf29d6cb4bc00143d,percentage points,MAE(ratio10) - MAE(balanced),60,3,13.127272727272727,d
original_grouping,IGTB826,3,HC-014,music_nnls,60,ratio10,0.6618129874958371,1.2831882002987876,1.3983995655787802,0.8886549722677425,4.991797890908416,-1.5368355330486831,-0.0415104950158702,-1.729628475715364,2972,results/music_external_review/20260917T133518483857Z/reference_arrangement_penalties.csv,67d11393f1ae62361838d60f4aeba6a374e9854a6ea36d10606df46bd45989a9,results/music_external_review/20260917T133518483857Z/review.json,f8bbd3cd9256b33aeb731d98a280a49da00f052fd0d181dcf29d6cb4bc00143d,percentage points,MAE(ratio10) - MAE(balanced),60,3,13.178181818181818,d
original_grouping,IGTB826,3,HC-572,music_nnls,60,ratio10,0.4998102756257877,0.2138761496725769,-0.120449224084236,2.737596186434935,-1.203341607243091,-0.2573382393368204,0.8477466615200991,0.994647876463845,2990,results/music_external_review/20260917T133518483857Z/reference_arrangement_penalties.csv,67d11393f1ae62361838d60f4aeba6a374e9854a6ea36d10606df46bd45989a9,results/music_external_review/20260917T133518483857Z/review.json,f8bbd3cd9256b33aeb731d98a280a49da00f052fd0d181dcf29d6cb4bc00143d,percentage points,MAE(ratio10) - MAE(balanced),60,3,13.229090909090909,d
original_grouping,IGTB826,3,IGTB1913,music_nnls,60,ratio10,0.2678598021765438,0.2369216716419145,0.2709138146877202,1.7078659692312266,-0.0500041256008896,-0.8829640535474133,-0.1429691048096425,0.7043163130982736,3008,results/music_external_review/20260917T133518483857Z/reference_arrangement_penalties.csv,67d11393f1ae62361838d60f4aeba6a374e9854a6ea36d10606df46bd45989a9,results/music_external_review/20260917T133518483857Z/review.json,f8bbd3cd9256b33aeb731d98a280a49da00f052fd0d181dcf29d6cb4bc00143d,percentage points,MAE(ratio10) - MAE(balanced),60,3,13.28,d
original_grouping,HC-014,0,IGTB1921,music_nnls,120,ratio10,-0.4270212084129978,-0.3651015084040293,0.4626586167403069,-1.2977169481816195,0.0215929276637957,1.3062804763819842,-0.9317782407465762,-2.123164082335855,5,results/music_external_review/20260917T133518483857Z/reference_arrangement_penalties.csv,67d11393f1ae62361838d60f4aeba6a374e9854a6ea36d10606df46bd45989a9,results/music_external_review/20260917T133518483857Z/review.json,f8bbd3cd9256b33aeb731d98a280a49da00f052fd0d181dcf29d6cb4bc00143d,percentage points,MAE(ratio10) - MAE(balanced),60,3,-0.28,e
original_grouping,HC-014,0,IGTB1966,music_nnls,120,ratio10,0.0340780524486695,0.2074777108090436,0.676185464266016,-0.3512747789283394,-0.6413193945059457,0.4160342721655941,-0.0290136445809457,0.1338563962756624,23,results/music_external_review/20260917T133518483857Z/reference_arrangement_penalties.csv,67d11393f1ae62361838d60f4aeba6a374e9854a6ea36d10606df46bd45989a9,results/music_external_review/20260917T133518483857Z/review.json,f8bbd3cd9256b33aeb731d98a280a49da00f052fd0d181dcf29d6cb4bc00143d,percentage points,MAE(ratio10) - MAE(balanced),60,3,-0.22909090909090912,e
original_grouping,HC-014,0,IGTB826,music_nnls,120,ratio10,-0.2949161800503086,-0.4736908199823571,0.1690631349479674,-0.4958556133582326,-0.1275063871831996,-0.1894691620511752,0.1580713078465104,-1.2838003605036865,41,results/music_external_review/20260917T133518483857Z/reference_arrangement_penalties.csv,67d11393f1ae62361838d60f4aeba6a374e9854a6ea36d10606df46bd45989a9,results/music_external_review/20260917T133518483857Z/review.json,f8bbd3cd9256b33aeb731d98a280a49da00f052fd0d181dcf29d6cb4bc00143d,percentage points,MAE(ratio10) - MAE(balanced),60,3,-0.17818181818181822,e
original_grouping,HC-014,1,HC-502,music_nnls,120,ratio10,0.3753731392170224,0.9206673748105676,0.4473897879848254,-0.6548679843363473,3.642032954726408,-0.1960655227555666,-0.1453610865938179,-0.8408893137233594,59,results/music_external_review/20260917T133518483857Z/reference_arrangement_penalties.csv,67d11393f1ae62361838d60f4aeba6a374e9854a6ea36d10606df46bd45989a9,results/music_external_review/20260917T133518483857Z/review.json,f8bbd3cd9256b33aeb731d98a280a49da00f052fd0d181dcf29d6cb4bc00143d,percentage points,MAE(ratio10) - MAE(balanced),60,3,-0.1272727272727273,e
original_grouping,HC-014,1,IGTB256,music_nnls,120,ratio10,-0.5781125935680368,-0.4024705416608655,-0.3041445080399932,-1.5659519272624185,1.4133590336744537,0.1589478832795747,-0.2298604300272703,-2.9410256130325485,77,results/music_external_review/20260917T133518483857Z/reference_arrangement_penalties.csv,67d11393f1ae62361838d60f4aeba6a374e9854a6ea36d10606df46bd45989a9,results/music_external_review/20260917T133518483857Z/review.json,f8bbd3cd9256b33aeb731d98a280a49da00f052fd0d181dcf29d6cb4bc00143d,percentage points,MAE(ratio10) - MAE(balanced),60,3,-0.07636363636363638,e
original_grouping,HC-014,1,IGTB498,music_nnls,120,ratio10,-0.3525411099045299,-0.1276486567353452,-0.5415473581857572,-1.2034108047812082,2.1555951788218444,0.3500748545876823,0.5942103464683831,-3.47016887633811,95,results/music_external_review/20260917T133518483857Z/reference_arrangement_penalties.csv,67d11393f1ae62361838d60f4aeba6a374e9854a6ea36d10606df46bd45989a9,results/music_external_review/20260917T133518483857Z/review.json,f8bbd3cd9256b33aeb731d98a280a49da00f052fd0d181dcf29d6cb4bc00143d,percentage points,MAE(ratio10) - MAE(balanced),60,3,-0.025454545454545452,e
original_grouping,HC-014,2,IGTB1506,music_nnls,120,ratio10,0.3989008547265417,0.427256819050183,-1.6667367956209571,0.6110118493173993,2.1533801115439792,1.4274065976733634,-0.1485015937474888,0.0168449591929437,113,results/music_external_review/20260917T133518483857Z/reference_arrangement_penalties.csv,67d11393f1ae62361838d60f4aeba6a374e9854a6ea36d10606df46bd45989a9,results/music_external_review/20260917T133518483857Z/review.json,f8bbd3cd9256b33aeb731d98a280a49da00f052fd0d181dcf29d6cb4bc00143d,percentage points,MAE(ratio10) - MAE(balanced),60,3,0.025454545454545452,e
original_grouping,HC-014,2,IGTB508,music_nnls,120,ratio10,-0.3217114552720979,-0.2314215669335654,-0.6024230910879997,0.07237000286626,-0.2362006530084463,1.6390887366842362,-1.181892022774529,-1.6212117043120893,131,results/music_external_review/20260917T133518483857Z/reference_arrangement_penalties.csv,67d11393f1ae62361838d60f4aeba6a374e9854a6ea36d10606df46bd45989a9,results/music_external_review/20260917T133518483857Z/review.json,f8bbd3cd9256b33aeb731d98a280a49da00f052fd0d181dcf29d6cb4bc00143d,percentage points,MAE(ratio10) - MAE(balanced),60,3,0.07636363636363636,e
original_grouping,HC-014,2,IGTB514,music_nnls,120,ratio10,0.2198139270645714,0.588006973191126,-1.003668905159916,0.400033976154635,-1.2101015836709872,0.4102240296048491,-0.8175810075895075,3.539977053048358,149,results/music_external_review/20260917T133518483857Z/reference_arrangement_penalties.csv,67d11393f1ae62361838d60f4aeba6a374e9854a6ea36d10606df46bd45989a9,results/music_external_review/20260917T133518483857Z/review.json,f8bbd3cd9256b33aeb731d98a280a49da00f052fd0d181dcf29d6cb4bc00143d,percentage points,MAE(ratio10) - MAE(balanced),60,3,0.12727272727272726,e
original_grouping,HC-014,3,IGTB1650,music_nnls,120,ratio10,0.3228613905228699,-0.0840336859355001,0.7837213055882789,0.1545194484580344,2.7419792173210378,1.2431247281533988,1.5535848635402314,-4.539761219923748,167,results/music_external_review/20260917T133518483857Z/reference_arrangement_penalties.csv,67d11393f1ae62361838d60f4aeba6a374e9854a6ea36d10606df46bd45989a9,results/music_external_review/20260917T133518483857Z/review.json,f8bbd3cd9256b33aeb731d98a280a49da00f052fd0d181dcf29d6cb4bc00143d,percentage points,MAE(ratio10) - MAE(balanced),60,3,0.17818181818181816,e
original_grouping,HC-014,3,IGTB1913,music_nnls,120,ratio10,-0.2257212430871447,-0.403470096155323,0.5913482173046151,0.1039498937128563,0.0430623262546717,-1.3848151505545832,0.9326494082326836,-1.640522153473094,185,results/music_external_review/20260917T133518483857Z/reference_arrangement_penalties.csv,67d11393f1ae62361838d60f4aeba6a374e9854a6ea36d10606df46bd45989a9,results/music_external_review/20260917T133518483857Z/review.json,f8bbd3cd9256b33aeb731d98a280a49da00f052fd0d181dcf29d6cb4bc00143d,percentage points,MAE(ratio10) - MAE(balanced),60,3,0.22909090909090912,e
original_grouping,HC-014,3,IGTB195,music_nnls,120,ratio10,0.1561203895390513,-0.0978863569771677,0.5050213768866124,0.355198134826244,1.6372213240147573,-0.4257758632347877,0.7705231778265789,-1.9054658130850703,203,results/music_external_review/20260917T133518483857Z/reference_arrangement_penalties.csv,67d11393f1ae62361838d60f4aeba6a374e9854a6ea36d10606df46bd45989a9,results/music_external_review/20260917T133518483857Z/review.json,f8bbd3cd9256b33aeb731d98a280a49da00f052fd0d181dcf29d6cb4bc00143d,percentage points,MAE(ratio10) - MAE(balanced),60,3,0.28,e
original_grouping,HC-502,0,IGTB1506,music_nnls,120,ratio10,0.0332615130665759,-0.1298674899614517,-1.606382675909283,-0.0851438779338634,-1.0988735076998146,1.1531891190723695,0.4086598030946592,1.4281202177753711,221,results/music_external_review/20260917T133518483857Z/reference_arrangement_penalties.csv,67d11393f1ae62361838d60f4aeba6a374e9854a6ea36d10606df46bd45989a9,results/music_external_review/20260917T133518483857Z/review.json,f8bbd3cd9256b33aeb731d98a280a49da00f052fd0d181dcf29d6cb4bc00143d,percentage points,MAE(ratio10) - MAE(balanced),60,3,0.72,e
original_grouping,HC-502,0,IGTB256,music_nnls,120,ratio10,0.498553552003311,-0.2496984409290325,1.0405808082565389,-0.3027566248015575,2.539131043949951,-1.0144646482388482,1.2021911759298456,-0.4733604430760798,239,results/music_external_review/20260917T133518483857Z/reference_arrangement_penalties.csv,67d11393f1ae62361838d60f4aeba6a374e9854a6ea36d10606df46bd45989a9,results/music_external_review/20260917T133518483857Z/review.json,f8bbd3cd9256b33aeb731d98a280a49da00f052fd0d181dcf29d6cb4bc00143d,percentage points,MAE(ratio10) - MAE(balanced),60,3,0.7709090909090909,e
original_grouping,HC-502,0,IGTB514,music_nnls,120,ratio10,0.3063259553040599,0.3908725124152201,-2.371896932673457,0.0421129268569937,1.1908330823013131,0.7469758855381526,0.6830196898859632,1.546911079915361,257,results/music_external_review/20260917T133518483857Z/reference_arrangement_penalties.csv,67d11393f1ae62361838d60f4aeba6a374e9854a6ea36d10606df46bd45989a9,results/music_external_review/20260917T133518483857Z/review.json,f8bbd3cd9256b33aeb731d98a280a49da00f052fd0d181dcf29d6cb4bc00143d,percentage points,MAE(ratio10) - MAE(balanced),60,3,0.8218181818181818,e
original_grouping,HC-502,1,IGTB1650,music_nnls,120,ratio10,-0.6848916301619741,-0.7247489292725953,-0.10724154028825,0.7769306483769236,-0.76050296878808,-1.3309075391498544,-0.9384898778349412,-1.7491385032876423,275,results/music_external_review/20260917T133518483857Z/reference_arrangement_penalties.csv,67d11393f1ae62361838d60f4aeba6a374e9854a6ea36d10606df46bd45989a9,results/music_external_review/20260917T133518483857Z/review.json,f8bbd3cd9256b33aeb731d98a280a49da00f052fd0d181dcf29d6cb4bc00143d,percentage points,MAE(ratio10) - MAE(balanced),60,3,0.8727272727272727,e
original_grouping,HC-502,1,IGTB195,music_nnls,120,ratio10,-0.4059255528383523,-0.257234763086589,0.1191579278931359,1.306835742369026,-1.372703059451062,-1.7599626421052588,-0.7893734163107262,0.0604921305747807,293,results/music_external_review/20260917T133518483857Z/reference_arrangement_penalties.csv,67d11393f1ae62361838d60f4aeba6a374e9854a6ea36d10606df46bd45989a9,results/music_external_review/20260917T133518483857Z/review.json,f8bbd3cd9256b33aeb731d98a280a49da00f052fd0d181dcf29d6cb4bc00143d,percentage points,MAE(ratio10) - MAE(balanced),60,3,0.9236363636363636,e
original_grouping,HC-502,1,IGTB508,music_nnls,120,ratio10,-0.8668411752904864,-0.9358356439861844,0.5732446339023913,0.0429678795908424,-1.4084099724362442,-1.170526610662296,-0.6497987217565929,-2.5885242603810195,311,results/music_external_review/20260917T133518483857Z/reference_arrangement_penalties.csv,67d11393f1ae62361838d60f4aeba6a374e9854a6ea36d10606df46bd45989a9,results/music_external_review/20260917T133518483857Z/review.json,f8bbd3cd9256b33aeb731d98a280a49da00f052fd0d181dcf29d6cb4bc00143d,percentage points,MAE(ratio10) - MAE(balanced),60,3,0.9745454545454546,e
original_grouping,HC-502,2,HC-014,music_nnls,120,ratio10,-0.5571193223221435,-0.9398526873901268,-0.1464742038171112,0.6035879039623259,-3.692926605234983,-3.3165963354319428,-0.0202532920470532,3.229946598635899,329,results/music_external_review/20260917T133518483857Z/reference_arrangement_penalties.csv,67d11393f1ae62361838d60f4aeba6a374e9854a6ea36d10606df46bd45989a9,results/music_external_review/20260917T133518483857Z/review.json,f8bbd3cd9256b33aeb731d98a280a49da00f052fd0d181dcf29d6cb4bc00143d,percentage points,MAE(ratio10) - MAE(balanced),60,3,1.0254545454545454,e
original_grouping,HC-502,2,HC-572,music_nnls,120,ratio10,2.823597560456238,3.4455555713917545,6.850762835473923,1.184281166762323,-2.1873612304376877,5.9002425979126985,0.5125107991759076,4.681149193850242,347,results/music_external_review/20260917T133518483857Z/reference_arrangement_penalties.csv,67d11393f1ae62361838d60f4aeba6a374e9854a6ea36d10606df46bd45989a9,results/music_external_review/20260917T133518483857Z/review.json,f8bbd3cd9256b33aeb731d98a280a49da00f052fd0d181dcf29d6cb4bc00143d,percentage points,MAE(ratio10) - MAE(balanced),60,3,1.0763636363636364,e
original_grouping,HC-502,2,IGTB1913,music_nnls,120,ratio10,2.295143825277783,3.0050395675148454,3.068346785131648,0.0564858716765753,-4.734518148881308,6.589001069562382,1.0201294652933628,7.77141790888404,365,results/music_external_review/20260917T133518483857Z/reference_arrangement_penalties.csv,67d11393f1ae62361838d60f4aeba6a374e9854a6ea36d10606df46bd45989a9,results/music_external_review/20260917T133518483857Z/review.json,f8bbd3cd9256b33aeb731d98a280a49da00f052fd0d181dcf29d6cb4bc00143d,percentage points,MAE(ratio10) - MAE(balanced),60,3,1.1272727272727272,e
original_grouping,HC-502,3,IGTB1921,music_nnls,120,ratio10,0.2958096602870043,0.5780139362066292,-0.2605303277332532,-0.9648382252750076,2.875250168626116,3.86111993032841,0.0068873216585172,-3.743030905882743,383,results/music_external_review/20260917T133518483857Z/reference_arrangement_penalties.csv,67d11393f1ae62361838d60f4aeba6a374e9854a6ea36d10606df46bd45989a9,results/music_external_review/20260917T133518483857Z/review.json,f8bbd3cd9256b33aeb731d98a280a49da00f052fd0d181dcf29d6cb4bc00143d,percentage points,MAE(ratio10) - MAE(balanced),60,3,1.1781818181818182,e
original_grouping,HC-502,3,IGTB1966,music_nnls,120,ratio10,0.0663544071239454,0.0025728389869666,0.6662565493326531,-0.6001458337970337,0.8139192059610311,1.1069920484879503,0.2510933278583701,-1.839988855099298,401,results/music_external_review/20260917T133518483857Z/reference_arrangement_penalties.csv,67d11393f1ae62361838d60f4aeba6a374e9854a6ea36d10606df46bd45989a9,results/music_external_review/20260917T133518483857Z/review.json,f8bbd3cd9256b33aeb731d98a280a49da00f052fd0d181dcf29d6cb4bc00143d,percentage points,MAE(ratio10) - MAE(balanced),60,3,1.229090909090909,e
original_grouping,HC-502,3,IGTB826,music_nnls,120,ratio10,0.2031074157527851,0.173723929016112,-0.605103259382446,-0.2171553314116914,-0.1876885562254339,3.67698740122373,0.0421384900571679,-1.4905342497446197,419,results/music_external_review/20260917T133518483857Z/reference_arrangement_penalties.csv,67d11393f1ae62361838d60f4aeba6a374e9854a6ea36d10606df46bd45989a9,results/music_external_review/20260917T133518483857Z/review.json,f8bbd3cd9256b33aeb731d98a280a49da00f052fd0d181dcf29d6cb4bc00143d,percentage points,MAE(ratio10) - MAE(balanced),60,3,1.28,e
original_grouping,HC-572,0,HC-014,music_nnls,120,ratio10,0.6638296100649874,1.0524433302865557,1.5815591363668526,-0.1918378133423499,-0.1178676613356387,2.6671202030519887,1.1375140031081412,-1.0935102074590586,437,results/music_external_review/20260917T133518483857Z/reference_arrangement_penalties.csv,67d11393f1ae62361838d60f4aeba6a374e9854a6ea36d10606df46bd45989a9,results/music_external_review/20260917T133518483857Z/review.json,f8bbd3cd9256b33aeb731d98a280a49da00f052fd0d181dcf29d6cb4bc00143d,percentage points,MAE(ratio10) - MAE(balanced),60,3,1.72,e
original_grouping,HC-572,0,IGTB1921,music_nnls,120,ratio10,-0.697845655415972,-0.9845996151233576,-0.8084520620656349,0.0755628092693039,-2.0192021969983704,-1.107446450779595,0.4965903687181078,-0.8241264006396323,455,results/music_external_review/20260917T133518483857Z/reference_arrangement_penalties.csv,67d11393f1ae62361838d60f4aeba6a374e9854a6ea36d10606df46bd45989a9,results/music_external_review/20260917T133518483857Z/review.json,f8bbd3cd9256b33aeb731d98a280a49da00f052fd0d181dcf29d6cb4bc00143d,percentage points,MAE(ratio10) - MAE(balanced),60,3,1.770909090909091,e
original_grouping,HC-572,0,IGTB826,music_nnls,120,ratio10,-1.4128095463142372,-2.1359106984668306,-0.2903360511653335,0.8202409201074747,-4.688064593292565,-6.064433414910434,1.3879296467689348,0.3578062146065145,473,results/music_external_review/20260917T133518483857Z/reference_arrangement_penalties.csv,67d11393f1ae62361838d60f4aeba6a374e9854a6ea36d10606df46bd45989a9,results/music_external_review/20260917T133518483857Z/review.json,f8bbd3cd9256b33aeb731d98a280a49da00f052fd0d181dcf29d6cb4bc00143d,percentage points,MAE(ratio10) - MAE(balanced),60,3,1.8218181818181818,e
original_grouping,HC-572,1,HC-502,music_nnls,120,ratio10,0.2442946333926156,0.95814659646767,-0.1077564082812365,-1.207617273190616,5.104205220569704,4.76807865995281,-0.5490819944309139,-6.542060404264063,491,results/music_external_review/20260917T133518483857Z/reference_arrangement_penalties.csv,67d11393f1ae62361838d60f4aeba6a374e9854a6ea36d10606df46bd45989a9,results/music_external_review/20260917T133518483857Z/review.json,f8bbd3cd9256b33aeb731d98a280a49da00f052fd0d181dcf29d6cb4bc00143d,percentage points,MAE(ratio10) - MAE(balanced),60,3,1.8727272727272728,e
original_grouping,HC-572,1,IGTB1966,music_nnls,120,ratio10,-1.6532786740275418,-1.6338179331079608,-0.0144187997139543,-0.7726258616436379,-0.5438421697388834,-3.299742835987728,0.5578504978084665,-5.846892874889515,509,results/music_external_review/20260917T133518483857Z/reference_arrangement_penalties.csv,67d11393f1ae62361838d60f4aeba6a374e9854a6ea36d10606df46bd45989a9,results/music_external_review/20260917T133518483857Z/review.json,f8bbd3cd9256b33aeb731d98a280a49da00f052fd0d181dcf29d6cb4bc00143d,percentage points,MAE(ratio10) - MAE(balanced),60,3,1.9236363636363636,e
original_grouping,HC-572,1,IGTB498,music_nnls,120,ratio10,0.0760227726513659,0.5126464187170987,-0.0449095529063822,-1.7026628850719874,3.318730001298759,3.9829945644279214,0.2184098957344568,-5.316425387574562,527,results/music_external_review/20260917T133518483857Z/reference_arrangement_penalties.csv,67d11393f1ae62361838d60f4aeba6a374e9854a6ea36d10606df46bd45989a9,results/music_external_review/20260917T133518483857Z/review.json,f8bbd3cd9256b33aeb731d98a280a49da00f052fd0d181dcf29d6cb4bc00143d,percentage points,MAE(ratio10) - MAE(balanced),60,3,1.9745454545454546,e
original_grouping,HC-572,2,IGTB1506,music_nnls,120,ratio10,-0.1971618016019087,-0.3682321826534969,-0.2424488959105419,-0.0087277209291304,-0.0949698359873372,0.3345072123381865,-0.0912000286780639,-1.0801315404445582,545,results/music_external_review/20260917T133518483857Z/reference_arrangement_penalties.csv,67d11393f1ae62361838d60f4aeba6a374e9854a6ea36d10606df46bd45989a9,results/music_external_review/20260917T133518483857Z/review.json,f8bbd3cd9256b33aeb731d98a280a49da00f052fd0d181dcf29d6cb4bc00143d,percentage points,MAE(ratio10) - MAE(balanced),60,3,2.0254545454545454,e
original_grouping,HC-572,2,IGTB256,music_nnls,120,ratio10,-1.2520153717349862,-1.3110075876454286,-0.9674883915476428,-0.2449258498421672,-1.156387727894432,-0.3419956046289709,-1.1304274465888249,-3.6708672099078874,563,results/music_external_review/20260917T133518483857Z/reference_arrangement_penalties.csv,67d11393f1ae62361838d60f4aeba6a374e9854a6ea36d10606df46bd45989a9,results/music_external_review/20260917T133518483857Z/review.json,f8bbd3cd9256b33aeb731d98a280a49da00f052fd0d181dcf29d6cb4bc00143d,percentage points,MAE(ratio10) - MAE(balanced),60,3,2.076363636363636,e
original_grouping,HC-572,2,IGTB514,music_nnls,120,ratio10,-0.4318371865012225,-0.3442971630488791,-1.7320723855928826,0.0372907003802599,-0.910925683104257,-0.1071377995679579,-0.457567493472288,0.5793895423497782,581,results/music_external_review/20260917T133518483857Z/reference_arrangement_penalties.csv,67d11393f1ae62361838d60f4aeba6a374e9854a6ea36d10606df46bd45989a9,results/music_external_review/20260917T133518483857Z/review.json,f8bbd3cd9256b33aeb731d98a280a49da00f052fd0d181dcf29d6cb4bc00143d,percentage points,MAE(ratio10) - MAE(balanced),60,3,2.1272727272727274,e
original_grouping,HC-572,3,IGTB1650,music_nnls,120,ratio10,-1.4139444944132171,-1.4880128488409563,-1.1568470135990048,0.2294709998852687,-0.4425848960405716,-5.3096963002140605,0.3722683342419227,-2.1762780907528647,599,results/music_external_review/20260917T133518483857Z/reference_arrangement_penalties.csv,67d11393f1ae62361838d60f4aeba6a374e9854a6ea36d10606df46bd45989a9,results/music_external_review/20260917T133518483857Z/review.json,f8bbd3cd9256b33aeb731d98a280a49da00f052fd0d181dcf29d6cb4bc00143d,percentage points,MAE(ratio10) - MAE(balanced),60,3,2.178181818181818,e
original_grouping,HC-572,3,IGTB195,music_nnls,120,ratio10,-0.1773804745594214,0.1795954943058182,-1.2751553955111878,0.5042688300760859,-1.600255279946228,-0.9243271096987064,0.2164426033158399,2.0147435044076847,617,results/music_external_review/20260917T133518483857Z/reference_arrangement_penalties.csv,67d11393f1ae62361838d60f4aeba6a374e9854a6ea36d10606df46bd45989a9,results/music_external_review/20260917T133518483857Z/review.json,f8bbd3cd9256b33aeb731d98a280a49da00f052fd0d181dcf29d6cb4bc00143d,percentage points,MAE(ratio10) - MAE(balanced),60,3,2.229090909090909,e
original_grouping,HC-572,3,IGTB508,music_nnls,120,ratio10,-1.7587992904967529,-1.778840533872716,-0.0046609076421616,-0.0480110252406089,-1.8774153487740983,-3.5436236964143766,0.3905369585096032,-5.469621723418864,635,results/music_external_review/20260917T133518483857Z/reference_arrangement_penalties.csv,67d11393f1ae62361838d60f4aeba6a374e9854a6ea36d10606df46bd45989a9,results/music_external_review/20260917T133518483857Z/review.json,f8bbd3cd9256b33aeb731d98a280a49da00f052fd0d181dcf29d6cb4bc00143d,percentage points,MAE(ratio10) - MAE(balanced),60,3,2.2800000000000002,e
original_grouping,IGTB1506,0,IGTB1650,music_nnls,120,ratio10,-0.2835814314457857,-0.4735448838073094,0.2725617151910514,0.4327960144008991,-1.6419151262941316,-0.6287491082230542,-0.7364404517393559,0.6002583679898713,653,results/music_external_review/20260917T133518483857Z/reference_arrangement_penalties.csv,67d11393f1ae62361838d60f4aeba6a374e9854a6ea36d10606df46bd45989a9,results/music_external_review/20260917T133518483857Z/review.json,f8bbd3cd9256b33aeb731d98a280a49da00f052fd0d181dcf29d6cb4bc00143d,percentage points,MAE(ratio10) - MAE(balanced),60,3,2.7199999999999998,e
original_grouping,IGTB1506,0,IGTB195,music_nnls,120,ratio10,0.1795498362417023,-0.1563341833970471,0.5642655982185673,0.3357306498923841,-2.041008798151537,-0.3002553486898923,-0.0749413655522212,2.593508281732893,671,results/music_external_review/20260917T133518483857Z/reference_arrangement_penalties.csv,67d11393f1ae62361838d60f4aeba6a374e9854a6ea36d10606df46bd45989a9,results/music_external_review/20260917T133518483857Z/review.json,f8bbd3cd9256b33aeb731d98a280a49da00f052fd0d181dcf29d6cb4bc00143d,percentage points,MAE(ratio10) - MAE(balanced),60,3,2.770909090909091,e
original_grouping,IGTB1506,0,IGTB508,music_nnls,120,ratio10,-0.0890703939130636,-0.2379767114664377,0.6176159806250371,0.4335916640845662,-1.2943749703766625,-0.0504933953364874,-0.5543691585829021,0.3136075161080651,689,results/music_external_review/20260917T133518483857Z/reference_arrangement_penalties.csv,67d11393f1ae62361838d60f4aeba6a374e9854a6ea36d10606df46bd45989a9,results/music_external_review/20260917T133518483857Z/review.json,f8bbd3cd9256b33aeb731d98a280a49da00f052fd0d181dcf29d6cb4bc00143d,percentage points,MAE(ratio10) - MAE(balanced),60,3,2.821818181818182,e
original_grouping,IGTB1506,1,HC-014,music_nnls,120,ratio10,0.173157877377079,0.1523474555359811,-1.4610037919043548,0.1576064053987434,0.4692115078272661,0.2851539645874232,0.30564648525043,1.2823326931029666,707,results/music_external_review/20260917T133518483857Z/reference_arrangement_penalties.csv,67d11393f1ae62361838d60f4aeba6a374e9854a6ea36d10606df46bd45989a9,results/music_external_review/20260917T133518483857Z/review.json,f8bbd3cd9256b33aeb731d98a280a49da00f052fd0d181dcf29d6cb4bc00143d,percentage points,MAE(ratio10) - MAE(balanced),60,3,2.8727272727272726,e
original_grouping,IGTB1506,1,HC-572,music_nnls,120,ratio10,0.3575224608224183,0.0965672522081832,0.4412761907299996,1.5975569944618664,-1.1462987830586877,-1.1893323286685198,0.981245121973598,1.4606875694962478,725,results/music_external_review/20260917T133518483857Z/reference_arrangement_penalties.csv,67d11393f1ae62361838d60f4aeba6a374e9854a6ea36d10606df46bd45989a9,results/music_external_review/20260917T133518483857Z/review.json,f8bbd3cd9256b33aeb731d98a280a49da00f052fd0d181dcf29d6cb4bc00143d,percentage points,MAE(ratio10) - MAE(balanced),60,3,2.923636363636364,e
original_grouping,IGTB1506,1,IGTB1913,music_nnls,120,ratio10,-0.0125343961013681,-0.0877099270131744,-1.0144114578800538,0.2457573026489792,-0.0960772343264101,-0.5254568355615901,0.4168471486512896,0.898134699859579,743,results/music_external_review/20260917T133518483857Z/reference_arrangement_penalties.csv,67d11393f1ae62361838d60f4aeba6a374e9854a6ea36d10606df46bd45989a9,results/music_external_review/20260917T133518483857Z/review.json,f8bbd3cd9256b33aeb731d98a280a49da00f052fd0d181dcf29d6cb4bc00143d,percentage points,MAE(ratio10) - MAE(balanced),60,3,2.9745454545454546,e
original_grouping,IGTB1506,2,IGTB1921,music_nnls,120,ratio10,0.0454122984344428,0.3805413183750126,1.0755458578647332,-0.4575207060754052,0.075550062924665,0.6266584048421304,-1.069750497181051,0.0219906682315957,761,results/music_external_review/20260917T133518483857Z/reference_arrangement_penalties.csv,67d11393f1ae62361838d60f4aeba6a374e9854a6ea36d10606df46bd45989a9,results/music_external_review/20260917T133518483857Z/review.json,f8bbd3cd9256b33aeb731d98a280a49da00f052fd0d181dcf29d6cb4bc00143d,percentage points,MAE(ratio10) - MAE(balanced),60,3,3.0254545454545454,e
original_grouping,IGTB1506,2,IGTB1966,music_nnls,120,ratio10,0.9951711204177,1.4042215076943725,1.356158011628271,-0.1355703341844591,0.5236427200679495,1.9920772873950008,0.4109377609572747,1.823781276642163,779,results/music_external_review/20260917T133518483857Z/reference_arrangement_penalties.csv,67d11393f1ae62361838d60f4aeba6a374e9854a6ea36d10606df46bd45989a9,results/music_external_review/20260917T133518483857Z/review.json,f8bbd3cd9256b33aeb731d98a280a49da00f052fd0d181dcf29d6cb4bc00143d,percentage points,MAE(ratio10) - MAE(balanced),60,3,3.076363636363636,e
original_grouping,IGTB1506,2,IGTB826,music_nnls,120,ratio10,0.275481299139298,0.3097515885192604,0.905622839889107,0.0603276316512778,-0.113725735529736,0.2030935405681118,-0.0466309752728333,0.6442004935298561,797,results/music_external_review/20260917T133518483857Z/reference_arrangement_penalties.csv,67d11393f1ae62361838d60f4aeba6a374e9854a6ea36d10606df46bd45989a9,results/music_external_review/20260917T133518483857Z/review.json,f8bbd3cd9256b33aeb731d98a280a49da00f052fd0d181dcf29d6cb4bc00143d,percentage points,MAE(ratio10) - MAE(balanced),60,3,3.1272727272727274,e
original_grouping,IGTB1506,3,HC-502,music_nnls,120,ratio10,-1.246174785054078,-2.5485582968828435,2.1129650480011977,0.7474659756947073,-8.031675530566499,-5.199739247601924,0.7169035806817571,2.1770314634662875,815,results/music_external_review/20260917T133518483857Z/reference_arrangement_penalties.csv,67d11393f1ae62361838d60f4aeba6a374e9854a6ea36d10606df46bd45989a9,results/music_external_review/20260917T133518483857Z/review.json,f8bbd3cd9256b33aeb731d98a280a49da00f052fd0d181dcf29d6cb4bc00143d,percentage points,MAE(ratio10) - MAE(balanced),60,3,3.178181818181818,e
original_grouping,IGTB1506,3,IGTB256,music_nnls,120,ratio10,-0.2440804297120595,-1.0997976509912692,2.05824469766861,1.3670774327395012,-4.761845529540755,-3.145435860968178,0.7241750039493586,2.2933016778790853,833,results/music_external_review/20260917T133518483857Z/reference_arrangement_penalties.csv,67d11393f1ae62361838d60f4aeba6a374e9854a6ea36d10606df46bd45989a9,results/music_external_review/20260917T133518483857Z/review.json,f8bbd3cd9256b33aeb731d98a280a49da00f052fd0d181dcf29d6cb4bc00143d,percentage points,MAE(ratio10) - MAE(balanced),60,3,3.229090909090909,e
original_grouping,IGTB1506,3,IGTB498,music_nnls,120,ratio10,-1.0528401255068045,-2.289567445399093,1.7890004375682125,0.7321993350505384,-6.393118263702945,-5.224860280745352,0.4514906159673618,2.3282474028213387,851,results/music_external_review/20260917T133518483857Z/reference_arrangement_penalties.csv,67d11393f1ae62361838d60f4aeba6a374e9854a6ea36d10606df46bd45989a9,results/music_external_review/20260917T133518483857Z/review.json,f8bbd3cd9256b33aeb731d98a280a49da00f052fd0d181dcf29d6cb4bc00143d,percentage points,MAE(ratio10) - MAE(balanced),60,3,3.2800000000000002,e
original_grouping,IGTB1650,0,HC-572,music_nnls,120,ratio10,0.3417591180250409,0.4287124553410663,-0.2389930708985144,-0.7823284311990643,1.0845812703575743,1.7463163176095111,0.4387942555065095,-0.1978156332257763,869,results/music_external_review/20260917T133518483857Z/reference_arrangement_penalties.csv,67d11393f1ae62361838d60f4aeba6a374e9854a6ea36d10606df46bd45989a9,results/music_external_review/20260917T133518483857Z/review.json,f8bbd3cd9256b33aeb731d98a280a49da00f052fd0d181dcf29d6cb4bc00143d,percentage points,MAE(ratio10) - MAE(balanced),60,3,3.7199999999999998,e
original_grouping,IGTB1650,0,IGTB1913,music_nnls,120,ratio10,0.3623572818284135,0.5581637355671306,2.3713574583404435,-3.130208994016167,1.1653213736808905,2.435790039170271,0.306823722469994,-0.9749399086749362,887,results/music_external_review/20260917T133518483857Z/reference_arrangement_penalties.csv,67d11393f1ae62361838d60f4aeba6a374e9854a6ea36d10606df46bd45989a9,results/music_external_review/20260917T133518483857Z/review.json,f8bbd3cd9256b33aeb731d98a280a49da00f052fd0d181dcf29d6cb4bc00143d,percentage points,MAE(ratio10) - MAE(balanced),60,3,3.770909090909091,e
original_grouping,IGTB1650,0,IGTB195,music_nnls,120,ratio10,-0.4236513798020414,-0.5189934994972407,-3.5615790897270654,0.519383570683398,0.6763205622018011,1.5177549022670311,0.0832627931154653,-1.7770510173528715,905,results/music_external_review/20260917T133518483857Z/reference_arrangement_penalties.csv,67d11393f1ae62361838d60f4aeba6a374e9854a6ea36d10606df46bd45989a9,results/music_external_review/20260917T133518483857Z/review.json,f8bbd3cd9256b33aeb731d98a280a49da00f052fd0d181dcf29d6cb4bc00143d,percentage points,MAE(ratio10) - MAE(balanced),60,3,3.821818181818182,e
original_grouping,IGTB1650,1,HC-014,music_nnls,120,ratio10,-0.0905810969626918,-0.0547546684463204,0.3380670427118867,-1.0900029033051837,0.0425689172338375,0.2584718190633955,1.3622020048876526,-1.4547934623677683,923,results/music_external_review/20260917T133518483857Z/reference_arrangement_penalties.csv,67d11393f1ae62361838d60f4aeba6a374e9854a6ea36d10606df46bd45989a9,results/music_external_review/20260917T133518483857Z/review.json,f8bbd3cd9256b33aeb731d98a280a49da00f052fd0d181dcf29d6cb4bc00143d,percentage points,MAE(ratio10) - MAE(balanced),60,3,3.8727272727272726,e
original_grouping,IGTB1650,1,IGTB1921,music_nnls,120,ratio10,-0.4296581060942944,-0.3278595240768621,-4.289708225676104,-0.1073873097712787,2.5156959399440457,0.341421606077386,-0.5347868174808509,-0.5031838296589767,941,results/music_external_review/20260917T133518483857Z/reference_arrangement_penalties.csv,67d11393f1ae62361838d60f4aeba6a374e9854a6ea36d10606df46bd45989a9,results/music_external_review/20260917T133518483857Z/review.json,f8bbd3cd9256b33aeb731d98a280a49da00f052fd0d181dcf29d6cb4bc00143d,percentage points,MAE(ratio10) - MAE(balanced),60,3,3.923636363636364,e
original_grouping,IGTB1650,1,IGTB826,music_nnls,120,ratio10,-0.4640384889426622,-0.4805299259135479,-2.530774902467694,-0.3981759752898958,0.0117923369192704,-0.2842705221182692,0.5406978053214245,-0.1234996760208337,959,results/music_external_review/20260917T133518483857Z/reference_arrangement_penalties.csv,67d11393f1ae62361838d60f4aeba6a374e9854a6ea36d10606df46bd45989a9,results/music_external_review/20260917T133518483857Z/review.json,f8bbd3cd9256b33aeb731d98a280a49da00f052fd0d181dcf29d6cb4bc00143d,percentage points,MAE(ratio10) - MAE(balanced),60,3,3.9745454545454546,e
original_grouping,IGTB1650,2,HC-502,music_nnls,120,ratio10,0.6198670389537457,0.564800954405231,2.7973300848759104,4.008889565023413,-1.354212695427684,-0.2102115110597673,-1.818969255139954,0.2963760454505401,977,results/music_external_review/20260917T133518483857Z/reference_arrangement_penalties.csv,67d11393f1ae62361838d60f4aeba6a374e9854a6ea36d10606df46bd45989a9,results/music_external_review/20260917T133518483857Z/review.json,f8bbd3cd9256b33aeb731d98a280a49da00f052fd0d181dcf29d6cb4bc00143d,percentage points,MAE(ratio10) - MAE(balanced),60,3,4.025454545454545,e
original_grouping,IGTB1650,2,IGTB1966,music_nnls,120,ratio10,-0.1593143573925584,-0.3323485220478243,2.9618502294477134,3.170856639237679,-5.0506064676233215,-1.1916053175264725,-2.1042486525759987,1.2578674246850254,995,results/music_external_review/20260917T133518483857Z/reference_arrangement_penalties.csv,67d11393f1ae62361838d60f4aeba6a374e9854a6ea36d10606df46bd45989a9,results/music_external_review/20260917T133518483857Z/review.json,f8bbd3cd9256b33aeb731d98a280a49da00f052fd0d181dcf29d6cb4bc00143d,percentage points,MAE(ratio10) - MAE(balanced),60,3,4.076363636363636,e
original_grouping,IGTB1650,2,IGTB498,music_nnls,120,ratio10,0.7051224755849881,0.797582059612972,2.025255872660148,2.89280327757019,0.5132161185340567,-1.3825571455237988,-1.3222240553988318,1.5042407856681554,1013,results/music_external_review/20260917T133518483857Z/reference_arrangement_penalties.csv,67d11393f1ae62361838d60f4aeba6a374e9854a6ea36d10606df46bd45989a9,results/music_external_review/20260917T133518483857Z/review.json,f8bbd3cd9256b33aeb731d98a280a49da00f052fd0d181dcf29d6cb4bc00143d,percentage points,MAE(ratio10) - MAE(balanced),60,3,4.127272727272727,e
original_grouping,IGTB1650,3,IGTB1506,music_nnls,120,ratio10,-0.5769762191135588,-0.7343542392016674,-1.2382210887401666,1.2763916114228715,-1.4644992984973553,-1.964247627756333,-1.0159525564478158,0.9446716453374456,1031,results/music_external_review/20260917T133518483857Z/reference_arrangement_penalties.csv,67d11393f1ae62361838d60f4aeba6a374e9854a6ea36d10606df46bd45989a9,results/music_external_review/20260917T133518483857Z/review.json,f8bbd3cd9256b33aeb731d98a280a49da00f052fd0d181dcf29d6cb4bc00143d,percentage points,MAE(ratio10) - MAE(balanced),60,3,4.178181818181818,e
original_grouping,IGTB1650,3,IGTB256,music_nnls,120,ratio10,0.4122066614983826,0.626567695847145,1.5752797543726282,0.95579255915592,2.1244004549673323,-1.7388977452722203,-1.3945089507907356,0.9511738965573784,1049,results/music_external_review/20260917T133518483857Z/reference_arrangement_penalties.csv,67d11393f1ae62361838d60f4aeba6a374e9854a6ea36d10606df46bd45989a9,results/music_external_review/20260917T133518483857Z/review.json,f8bbd3cd9256b33aeb731d98a280a49da00f052fd0d181dcf29d6cb4bc00143d,percentage points,MAE(ratio10) - MAE(balanced),60,3,4.2290909090909095,e
original_grouping,IGTB1650,3,IGTB514,music_nnls,120,ratio10,0.2091501782643637,0.2912275226123709,1.5688136414381737,-0.0654509543968067,1.8380177329858676,-2.3848802852549063,0.1627115429791857,0.1356893918346643,1067,results/music_external_review/20260917T133518483857Z/reference_arrangement_penalties.csv,67d11393f1ae62361838d60f4aeba6a374e9854a6ea36d10606df46bd45989a9,results/music_external_review/20260917T133518483857Z/review.json,f8bbd3cd9256b33aeb731d98a280a49da00f052fd0d181dcf29d6cb4bc00143d,percentage points,MAE(ratio10) - MAE(balanced),60,3,4.28,e
original_grouping,IGTB1913,0,HC-014,music_nnls,120,ratio10,-0.6343253589049952,-0.1168815729832698,2.629507377900945,-1.7500988369121602,-1.1436019210731283,-0.4870025974412484,-1.5122935960879855,-1.5424625798163971,1085,results/music_external_review/20260917T133518483857Z/reference_arrangement_penalties.csv,67d11393f1ae62361838d60f4aeba6a374e9854a6ea36d10606df46bd45989a9,results/music_external_review/20260917T133518483857Z/review.json,f8bbd3cd9256b33aeb731d98a280a49da00f052fd0d181dcf29d6cb4bc00143d,percentage points,MAE(ratio10) - MAE(balanced),60,3,4.72,e
original_grouping,IGTB1913,0,HC-572,music_nnls,120,ratio10,-1.022179494036449,-1.5612482169323116,-5.569732155754068,0.928568121193383,-0.1813094703463887,-1.2565067197649318,-0.3534960461794216,0.2993993066327119,1103,results/music_external_review/20260917T133518483857Z/reference_arrangement_penalties.csv,67d11393f1ae62361838d60f4aeba6a374e9854a6ea36d10606df46bd45989a9,results/music_external_review/20260917T133518483857Z/review.json,f8bbd3cd9256b33aeb731d98a280a49da00f052fd0d181dcf29d6cb4bc00143d,percentage points,MAE(ratio10) - MAE(balanced),60,3,4.7709090909090905,e
original_grouping,IGTB1913,0,IGTB1921,music_nnls,120,ratio10,-0.8182306421120022,-1.0882307561180429,-2.863682351099385,-0.3483038646292732,-0.6177530045236909,-1.1528863346394405,0.1487849200666534,-0.0755432178468834,1121,results/music_external_review/20260917T133518483857Z/reference_arrangement_penalties.csv,67d11393f1ae62361838d60f4aeba6a374e9854a6ea36d10606df46bd45989a9,results/music_external_review/20260917T133518483857Z/review.json,f8bbd3cd9256b33aeb731d98a280a49da00f052fd0d181dcf29d6cb4bc00143d,percentage points,MAE(ratio10) - MAE(balanced),60,3,4.821818181818182,e
original_grouping,IGTB1913,1,IGTB1966,music_nnls,120,ratio10,0.7849685427558644,0.9908513275826198,-2.143319743177002,0.859233276332501,3.409419457663856,1.9861632439113568,-0.0191927707440086,0.6175077925484795,1139,results/music_external_review/20260917T133518483857Z/reference_arrangement_penalties.csv,67d11393f1ae62361838d60f4aeba6a374e9854a6ea36d10606df46bd45989a9,results/music_external_review/20260917T133518483857Z/review.json,f8bbd3cd9256b33aeb731d98a280a49da00f052fd0d181dcf29d6cb4bc00143d,percentage points,MAE(ratio10) - MAE(balanced),60,3,4.872727272727273,e
original_grouping,IGTB1913,1,IGTB498,music_nnls,120,ratio10,1.1755175696337434,1.7713394059473422,-6.416863603653367,1.584479180412361,6.228889801991907,6.331850386705546,0.238511348489492,-0.9137616961434736,1157,results/music_external_review/20260917T133518483857Z/reference_arrangement_penalties.csv,67d11393f1ae62361838d60f4aeba6a374e9854a6ea36d10606df46bd45989a9,results/music_external_review/20260917T133518483857Z/review.json,f8bbd3cd9256b33aeb731d98a280a49da00f052fd0d181dcf29d6cb4bc00143d,percentage points,MAE(ratio10) - MAE(balanced),60,3,4.923636363636364,e
original_grouping,IGTB1913,1,IGTB826,music_nnls,120,ratio10,1.0102390135408004,1.214794575951426,-4.311076372270096,2.156077688584202,5.08088080978083,1.886541183286976,0.7066519430669125,0.5423588287959991,1175,results/music_external_review/20260917T133518483857Z/reference_arrangement_penalties.csv,67d11393f1ae62361838d60f4aeba6a374e9854a6ea36d10606df46bd45989a9,results/music_external_review/20260917T133518483857Z/review.json,f8bbd3cd9256b33aeb731d98a280a49da00f052fd0d181dcf29d6cb4bc00143d,percentage points,MAE(ratio10) - MAE(balanced),60,3,4.974545454545455,e
original_grouping,IGTB1913,2,HC-502,music_nnls,120,ratio10,-0.5213509210711202,-0.9335166068292124,0.2927039027118333,1.4641014870025146,-5.082744342360371,-2.8473523143535897,0.7909821681803131,2.2542035723925826,1193,results/music_external_review/20260917T133518483857Z/reference_arrangement_penalties.csv,67d11393f1ae62361838d60f4aeba6a374e9854a6ea36d10606df46bd45989a9,results/music_external_review/20260917T133518483857Z/review.json,f8bbd3cd9256b33aeb731d98a280a49da00f052fd0d181dcf29d6cb4bc00143d,percentage points,MAE(ratio10) - MAE(balanced),60,3,5.025454545454545,e
original_grouping,IGTB1913,2,IGTB256,music_nnls,120,ratio10,0.9625649139612642,1.1823461978262,3.6328072668611022,1.91092828927652,-2.512793624188137,-1.1909383935497695,0.8977189982667756,3.037666947101099,1211,results/music_external_review/20260917T133518483857Z/reference_arrangement_penalties.csv,67d11393f1ae62361838d60f4aeba6a374e9854a6ea36d10606df46bd45989a9,results/music_external_review/20260917T133518483857Z/review.json,f8bbd3cd9256b33aeb731d98a280a49da00f052fd0d181dcf29d6cb4bc00143d,percentage points,MAE(ratio10) - MAE(balanced),60,3,5.076363636363636,e
original_grouping,IGTB1913,2,IGTB514,music_nnls,120,ratio10,0.1144879769451453,-0.1463550207823994,3.623321252584652,1.0525910587987324,-5.47711754200598,-1.8162993670121457,0.6865825504008138,2.6178499089047693,1229,results/music_external_review/20260917T133518483857Z/reference_arrangement_penalties.csv,67d11393f1ae62361838d60f4aeba6a374e9854a6ea36d10606df46bd45989a9,results/music_external_review/20260917T133518483857Z/review.json,f8bbd3cd9256b33aeb731d98a280a49da00f052fd0d181dcf29d6cb4bc00143d,percentage points,MAE(ratio10) - MAE(balanced),60,3,5.127272727272727,e
original_grouping,IGTB1913,3,IGTB1506,music_nnls,120,ratio10,-0.561155876653272,-0.9724443838875888,-4.772377779849596,0.2568832388828724,0.8290370200649624,-0.4161624386390831,0.1923861657136421,0.5432985339075698,1247,results/music_external_review/20260917T133518483857Z/reference_arrangement_penalties.csv,67d11393f1ae62361838d60f4aeba6a374e9854a6ea36d10606df46bd45989a9,results/music_external_review/20260917T133518483857Z/review.json,f8bbd3cd9256b33aeb731d98a280a49da00f052fd0d181dcf29d6cb4bc00143d,percentage points,MAE(ratio10) - MAE(balanced),60,3,5.178181818181818,e
original_grouping,IGTB1913,3,IGTB1650,music_nnls,120,ratio10,0.1246538173587094,-0.2151573417229569,-5.44181835213326,0.4462275751861652,2.9183391746743124,2.4828580424067006,0.7451863653777565,-0.4028699013594097,1265,results/music_external_review/20260917T133518483857Z/reference_arrangement_penalties.csv,67d11393f1ae62361838d60f4aeba6a374e9854a6ea36d10606df46bd45989a9,results/music_external_review/20260917T133518483857Z/review.json,f8bbd3cd9256b33aeb731d98a280a49da00f052fd0d181dcf29d6cb4bc00143d,percentage points,MAE(ratio10) - MAE(balanced),60,3,5.2290909090909095,e
original_grouping,IGTB1913,3,IGTB508,music_nnls,120,ratio10,1.005660824273768,1.154056108333876,-3.0523669384598366,0.3240030948574914,3.2601114259106243,3.4356298062695343,0.5485484291922942,1.5180391278725045,1283,results/music_external_review/20260917T133518483857Z/reference_arrangement_penalties.csv,67d11393f1ae62361838d60f4aeba6a374e9854a6ea36d10606df46bd45989a9,results/music_external_review/20260917T133518483857Z/review.json,f8bbd3cd9256b33aeb731d98a280a49da00f052fd0d181dcf29d6cb4bc00143d,percentage points,MAE(ratio10) - MAE(balanced),60,3,5.28,e
original_grouping,IGTB1921,0,IGTB1966,music_nnls,120,ratio10,0.6197710499651905,0.574356451925496,0.1205364682030107,1.134173007676922,0.0014064136792244,0.1858448250880535,0.3360535866909282,1.940611998452995,1301,results/music_external_review/20260917T133518483857Z/reference_arrangement_penalties.csv,67d11393f1ae62361838d60f4aeba6a374e9854a6ea36d10606df46bd45989a9,results/music_external_review/20260917T133518483857Z/review.json,f8bbd3cd9256b33aeb731d98a280a49da00f052fd0d181dcf29d6cb4bc00143d,percentage points,MAE(ratio10) - MAE(balanced),60,3,5.72,e
original_grouping,IGTB1921,0,IGTB498,music_nnls,120,ratio10,1.41364627037053,2.309859863119666,-0.6272115125975982,0.9520344873768584,4.462650759855131,4.425033633991322,-0.1244086546777547,-0.6062210917247761,1319,results/music_external_review/20260917T133518483857Z/reference_arrangement_penalties.csv,67d11393f1ae62361838d60f4aeba6a374e9854a6ea36d10606df46bd45989a9,results/music_external_review/20260917T133518483857Z/review.json,f8bbd3cd9256b33aeb731d98a280a49da00f052fd0d181dcf29d6cb4bc00143d,percentage points,MAE(ratio10) - MAE(balanced),60,3,5.7709090909090905,e
original_grouping,IGTB1921,0,IGTB826,music_nnls,120,ratio10,0.8645870992927566,0.9623134347504294,0.4587139391582017,1.3301877475294686,1.853318093555816,0.2572304947526632,0.6366042755674104,0.65146804519299,1337,results/music_external_review/20260917T133518483857Z/reference_arrangement_penalties.csv,67d11393f1ae62361838d60f4aeba6a374e9854a6ea36d10606df46bd45989a9,results/music_external_review/20260917T133518483857Z/review.json,f8bbd3cd9256b33aeb731d98a280a49da00f052fd0d181dcf29d6cb4bc00143d,percentage points,MAE(ratio10) - MAE(balanced),60,3,5.821818181818182,e
original_grouping,IGTB1921,1,HC-502,music_nnls,120,ratio10,-0.1726002696252804,-0.8482967338592771,0.5136186963123802,0.7987732130076187,-1.8115098034575592,-3.329586208988403,0.7836004404322986,2.0095020449419856,1355,results/music_external_review/20260917T133518483857Z/reference_arrangement_penalties.csv,67d11393f1ae62361838d60f4aeba6a374e9854a6ea36d10606df46bd45989a9,results/music_external_review/20260917T133518483857Z/review.json,f8bbd3cd9256b33aeb731d98a280a49da00f052fd0d181dcf29d6cb4bc00143d,percentage points,MAE(ratio10) - MAE(balanced),60,3,5.872727272727273,e
original_grouping,IGTB1921,1,IGTB256,music_nnls,120,ratio10,0.4690574786949609,-0.2344516546401835,2.187637319976768,1.5658101261595925,-1.144194323409543,-2.917328372697833,0.7415073386234814,2.380912783517279,1373,results/music_external_review/20260917T133518483857Z/reference_arrangement_penalties.csv,67d11393f1ae62361838d60f4aeba6a374e9854a6ea36d10606df46bd45989a9,results/music_external_review/20260917T133518483857Z/review.json,f8bbd3cd9256b33aeb731d98a280a49da00f052fd0d181dcf29d6cb4bc00143d,percentage points,MAE(ratio10) - MAE(balanced),60,3,5.923636363636364,e
original_grouping,IGTB1921,1,IGTB514,music_nnls,120,ratio10,0.0834558048532877,-0.5759168338016695,1.8049557202696895,0.690040470321919,-2.555683579530532,-2.291778692221172,0.657314122499953,2.195886787779867,1391,results/music_external_review/20260917T133518483857Z/reference_arrangement_penalties.csv,67d11393f1ae62361838d60f4aeba6a374e9854a6ea36d10606df46bd45989a9,results/music_external_review/20260917T133518483857Z/review.json,f8bbd3cd9256b33aeb731d98a280a49da00f052fd0d181dcf29d6cb4bc00143d,percentage points,MAE(ratio10) - MAE(balanced),60,3,5.974545454545455,e
original_grouping,IGTB1921,2,IGTB1506,music_nnls,120,ratio10,0.5161732147004133,0.515268418609936,1.2017279448429226,0.1923067535094404,-0.593093627656118,0.3707451251374919,0.3133965304229399,1.6119565619457843,1409,results/music_external_review/20260917T133518483857Z/reference_arrangement_penalties.csv,67d11393f1ae62361838d60f4aeba6a374e9854a6ea36d10606df46bd45989a9,results/music_external_review/20260917T133518483857Z/review.json,f8bbd3cd9256b33aeb731d98a280a49da00f052fd0d181dcf29d6cb4bc00143d,percentage points,MAE(ratio10) - MAE(balanced),60,3,6.025454545454545,e
original_grouping,IGTB1921,2,IGTB1650,music_nnls,120,ratio10,0.8690863170586749,0.8731243918315682,2.1735730910564284,0.1063641028064051,0.2593935039905967,0.9706869892293024,0.787696954077624,0.916803261191686,1427,results/music_external_review/20260917T133518483857Z/reference_arrangement_penalties.csv,67d11393f1ae62361838d60f4aeba6a374e9854a6ea36d10606df46bd45989a9,results/music_external_review/20260917T133518483857Z/review.json,f8bbd3cd9256b33aeb731d98a280a49da00f052fd0d181dcf29d6cb4bc00143d,percentage points,MAE(ratio10) - MAE(balanced),60,3,6.076363636363636,e
original_grouping,IGTB1921,2,IGTB508,music_nnls,120,ratio10,0.4637132380306031,0.3894778003264444,1.8337340038354648,-0.0168990167910498,-0.7023364237909001,-0.1877669820012719,0.8332043573136123,1.022343489617751,1445,results/music_external_review/20260917T133518483857Z/reference_arrangement_penalties.csv,67d11393f1ae62361838d60f4aeba6a374e9854a6ea36d10606df46bd45989a9,results/music_external_review/20260917T133518483857Z/review.json,f8bbd3cd9256b33aeb731d98a280a49da00f052fd0d181dcf29d6cb4bc00143d,percentage points,MAE(ratio10) - MAE(balanced),60,3,6.127272727272727,e
original_grouping,IGTB1921,3,HC-572,music_nnls,120,ratio10,0.0947267179911583,0.4406304096779461,0.1302648875853966,-0.6236893545865768,0.7497756317691094,0.7661532715015279,-0.6366044234254595,0.1824602951029539,1463,results/music_external_review/20260917T133518483857Z/reference_arrangement_penalties.csv,67d11393f1ae62361838d60f4aeba6a374e9854a6ea36d10606df46bd45989a9,results/music_external_review/20260917T133518483857Z/review.json,f8bbd3cd9256b33aeb731d98a280a49da00f052fd0d181dcf29d6cb4bc00143d,percentage points,MAE(ratio10) - MAE(balanced),60,3,6.178181818181818,e
original_grouping,IGTB1921,3,IGTB1913,music_nnls,120,ratio10,-0.4672093113669884,-0.0207805380376698,1.035854890590495,-1.9888834986055592,-0.3165245070568968,0.6641377866592408,-1.661631441844219,-0.5362090979450107,1481,results/music_external_review/20260917T133518483857Z/reference_arrangement_penalties.csv,67d11393f1ae62361838d60f4aeba6a374e9854a6ea36d10606df46bd45989a9,results/music_external_review/20260917T133518483857Z/review.json,f8bbd3cd9256b33aeb731d98a280a49da00f052fd0d181dcf29d6cb4bc00143d,percentage points,MAE(ratio10) - MAE(balanced),60,3,6.2290909090909095,e
original_grouping,IGTB1921,3,IGTB195,music_nnls,120,ratio10,-0.6533041848963421,-0.572142402468042,-2.786089309739236,-0.3519254598699278,0.687833166143504,-0.4487434545146403,0.1325439233524657,-1.1534439747502316,1499,results/music_external_review/20260917T133518483857Z/reference_arrangement_penalties.csv,67d11393f1ae62361838d60f4aeba6a374e9854a6ea36d10606df46bd45989a9,results/music_external_review/20260917T133518483857Z/review.json,f8bbd3cd9256b33aeb731d98a280a49da00f052fd0d181dcf29d6cb4bc00143d,percentage points,MAE(ratio10) - MAE(balanced),60,3,6.28,e
original_grouping,IGTB195,0,HC-014,music_nnls,120,ratio10,-0.844605145809322,-1.296594285567363,-0.0544595613487535,0.5111881712662487,-4.085394988574716,-3.9316993412027728,0.1016062501894066,2.391128594814666,1517,results/music_external_review/20260917T133518483857Z/reference_arrangement_penalties.csv,67d11393f1ae62361838d60f4aeba6a374e9854a6ea36d10606df46bd45989a9,results/music_external_review/20260917T133518483857Z/review.json,f8bbd3cd9256b33aeb731d98a280a49da00f052fd0d181dcf29d6cb4bc00143d,percentage points,MAE(ratio10) - MAE(balanced),60,3,6.72,e
original_grouping,IGTB195,0,HC-572,music_nnls,120,ratio10,1.322556246807097,1.973888705897595,5.713010583924475,0.1155789028326109,-2.53625702400713,0.5578773489441125,0.6872377223360618,3.3978899468124566,1535,results/music_external_review/20260917T133518483857Z/reference_arrangement_penalties.csv,67d11393f1ae62361838d60f4aeba6a374e9854a6ea36d10606df46bd45989a9,results/music_external_review/20260917T133518483857Z/review.json,f8bbd3cd9256b33aeb731d98a280a49da00f052fd0d181dcf29d6cb4bc00143d,percentage points,MAE(ratio10) - MAE(balanced),60,3,6.7709090909090905,e
original_grouping,IGTB195,0,IGTB1913,music_nnls,120,ratio10,1.5114931197012849,2.0464691182800183,2.790794586441683,-0.6397783078635615,-4.829771053977166,2.902775052240197,1.222113735278472,7.622824706088097,1553,results/music_external_review/20260917T133518483857Z/reference_arrangement_penalties.csv,67d11393f1ae62361838d60f4aeba6a374e9854a6ea36d10606df46bd45989a9,results/music_external_review/20260917T133518483857Z/review.json,f8bbd3cd9256b33aeb731d98a280a49da00f052fd0d181dcf29d6cb4bc00143d,percentage points,MAE(ratio10) - MAE(balanced),60,3,6.821818181818182,e
original_grouping,IGTB195,1,IGTB1921,music_nnls,120,ratio10,-0.0792898732652911,0.2870621712266488,-0.0883846491790569,-0.8576511910520422,0.8314470696415075,3.112921682461704,-0.1269463428185357,-3.347125808645332,1571,results/music_external_review/20260917T133518483857Z/reference_arrangement_penalties.csv,67d11393f1ae62361838d60f4aeba6a374e9854a6ea36d10606df46bd45989a9,results/music_external_review/20260917T133518483857Z/review.json,f8bbd3cd9256b33aeb731d98a280a49da00f052fd0d181dcf29d6cb4bc00143d,percentage points,MAE(ratio10) - MAE(balanced),60,3,6.872727272727273,e
original_grouping,IGTB195,1,IGTB1966,music_nnls,120,ratio10,0.0510955700893928,0.138070684051818,1.0983359264474388,-0.3124405950656586,-0.7655844107186001,0.938199906114426,0.559171045808631,-1.2111084520499114,1589,results/music_external_review/20260917T133518483857Z/reference_arrangement_penalties.csv,67d11393f1ae62361838d60f4aeba6a374e9854a6ea36d10606df46bd45989a9,results/music_external_review/20260917T133518483857Z/review.json,f8bbd3cd9256b33aeb731d98a280a49da00f052fd0d181dcf29d6cb4bc00143d,percentage points,MAE(ratio10) - MAE(balanced),60,3,6.923636363636364,e
original_grouping,IGTB195,1,IGTB826,music_nnls,120,ratio10,-0.4733399132883799,-0.6148065731234671,-0.6665167470176535,-0.1837409576914591,-2.693900002253934,1.2010217653612438,0.20085212422881,-0.6977556623572833,1607,results/music_external_review/20260917T133518483857Z/reference_arrangement_penalties.csv,67d11393f1ae62361838d60f4aeba6a374e9854a6ea36d10606df46bd45989a9,results/music_external_review/20260917T133518483857Z/review.json,f8bbd3cd9256b33aeb731d98a280a49da00f052fd0d181dcf29d6cb4bc00143d,percentage points,MAE(ratio10) - MAE(balanced),60,3,6.974545454545455,e
original_grouping,IGTB195,2,HC-502,music_nnls,120,ratio10,-1.240504789484431,-2.2515423997860657,0.6535442874914953,-0.2882458236042898,-4.069193746866008,-6.233363266667037,-0.0274641731706677,2.5216939859099283,1625,results/music_external_review/20260917T133518483857Z/reference_arrangement_penalties.csv,67d11393f1ae62361838d60f4aeba6a374e9854a6ea36d10606df46bd45989a9,results/music_external_review/20260917T133518483857Z/review.json,f8bbd3cd9256b33aeb731d98a280a49da00f052fd0d181dcf29d6cb4bc00143d,percentage points,MAE(ratio10) - MAE(balanced),60,3,7.025454545454545,e
original_grouping,IGTB195,2,IGTB256,music_nnls,120,ratio10,-0.1850028539748889,-0.5569151831594633,1.3189129500505916,-1.1426325500846355,-0.80551759117488,-1.5738011652641546,-0.0606064008776928,1.153627633501441,1643,results/music_external_review/20260917T133518483857Z/reference_arrangement_penalties.csv,67d11393f1ae62361838d60f4aeba6a374e9854a6ea36d10606df46bd45989a9,results/music_external_review/20260917T133518483857Z/review.json,f8bbd3cd9256b33aeb731d98a280a49da00f052fd0d181dcf29d6cb4bc00143d,percentage points,MAE(ratio10) - MAE(balanced),60,3,7.076363636363636,e
original_grouping,IGTB195,2,IGTB498,music_nnls,120,ratio10,-1.5768280676381294,-2.6631791570578427,0.5752298802291379,-0.1380699199821141,-5.10538819508096,-6.400034865993032,0.0575992301700411,1.5496954648281518,1661,results/music_external_review/20260917T133518483857Z/reference_arrangement_penalties.csv,67d11393f1ae62361838d60f4aeba6a374e9854a6ea36d10606df46bd45989a9,results/music_external_review/20260917T133518483857Z/review.json,f8bbd3cd9256b33aeb731d98a280a49da00f052fd0d181dcf29d6cb4bc00143d,percentage points,MAE(ratio10) - MAE(balanced),60,3,7.127272727272727,e
original_grouping,IGTB195,3,IGTB1506,music_nnls,120,ratio10,-0.8731870154806844,-1.9133135913776116,1.1477175785602531,0.9005197662159444,-4.614874367894316,-7.406210791672089,0.0058105988663987,4.727915123039687,1679,results/music_external_review/20260917T133518483857Z/reference_arrangement_penalties.csv,67d11393f1ae62361838d60f4aeba6a374e9854a6ea36d10606df46bd45989a9,results/music_external_review/20260917T133518483857Z/review.json,f8bbd3cd9256b33aeb731d98a280a49da00f052fd0d181dcf29d6cb4bc00143d,percentage points,MAE(ratio10) - MAE(balanced),60,3,7.178181818181818,e
original_grouping,IGTB195,3,IGTB508,music_nnls,120,ratio10,-1.40494502397162,-2.4207333209609647,-0.2615355391004041,-0.1740801043371365,-2.621247735070927,-6.043436151972871,0.4504369916026974,0.2201923950489038,1697,results/music_external_review/20260917T133518483857Z/reference_arrangement_penalties.csv,67d11393f1ae62361838d60f4aeba6a374e9854a6ea36d10606df46bd45989a9,results/music_external_review/20260917T133518483857Z/review.json,f8bbd3cd9256b33aeb731d98a280a49da00f052fd0d181dcf29d6cb4bc00143d,percentage points,MAE(ratio10) - MAE(balanced),60,3,7.2290909090909095,e
original_grouping,IGTB195,3,IGTB514,music_nnls,120,ratio10,-1.2171519215881532,-2.561679818774212,0.5796161521503406,0.61125338916225,-4.256577693883664,-9.629504649035416,0.085322792220813,5.306978479856754,1715,results/music_external_review/20260917T133518483857Z/reference_arrangement_penalties.csv,67d11393f1ae62361838d60f4aeba6a374e9854a6ea36d10606df46bd45989a9,results/music_external_review/20260917T133518483857Z/review.json,f8bbd3cd9256b33aeb731d98a280a49da00f052fd0d181dcf29d6cb4bc00143d,percentage points,MAE(ratio10) - MAE(balanced),60,3,7.28,e
original_grouping,IGTB1966,0,HC-502,music_nnls,120,ratio10,-0.0357255159732008,-0.1992497020705109,-0.662621790439323,1.0723439408717943,-0.0453260805995945,-1.1121279750573678,0.8728795585060465,-0.3395007491207347,1733,results/music_external_review/20260917T133518483857Z/reference_arrangement_penalties.csv,67d11393f1ae62361838d60f4aeba6a374e9854a6ea36d10606df46bd45989a9,results/music_external_review/20260917T133518483857Z/review.json,f8bbd3cd9256b33aeb731d98a280a49da00f052fd0d181dcf29d6cb4bc00143d,percentage points,MAE(ratio10) - MAE(balanced),60,3,7.72,e
original_grouping,IGTB1966,0,IGTB256,music_nnls,120,ratio10,0.5630279464004214,0.2285920668697102,-2.6931041444907136,2.2522866381210846,1.6507193729152556,0.2316352755380903,1.6256175990059432,0.3110129373128902,1751,results/music_external_review/20260917T133518483857Z/reference_arrangement_penalties.csv,67d11393f1ae62361838d60f4aeba6a374e9854a6ea36d10606df46bd45989a9,results/music_external_review/20260917T133518483857Z/review.json,f8bbd3cd9256b33aeb731d98a280a49da00f052fd0d181dcf29d6cb4bc00143d,percentage points,MAE(ratio10) - MAE(balanced),60,3,7.7709090909090905,e
original_grouping,IGTB1966,0,IGTB498,music_nnls,120,ratio10,-0.5184927971371815,-0.6941001989524098,-1.2633198900904816,0.2238325282386143,-0.7313807402137102,-1.4080352049033238,0.1271914634878827,-0.0592449393420676,1769,results/music_external_review/20260917T133518483857Z/reference_arrangement_penalties.csv,67d11393f1ae62361838d60f4aeba6a374e9854a6ea36d10606df46bd45989a9,results/music_external_review/20260917T133518483857Z/review.json,f8bbd3cd9256b33aeb731d98a280a49da00f052fd0d181dcf29d6cb4bc00143d,percentage points,MAE(ratio10) - MAE(balanced),60,3,7.821818181818182,e
original_grouping,IGTB1966,1,IGTB1506,music_nnls,120,ratio10,-1.024911589550733,-1.2510291528721942,-2.2112508260806254,0.3905052576175841,-1.732744063291516,-0.4757414392459646,0.5214154333239145,-2.641653899627796,1787,results/music_external_review/20260917T133518483857Z/reference_arrangement_penalties.csv,67d11393f1ae62361838d60f4aeba6a374e9854a6ea36d10606df46bd45989a9,results/music_external_review/20260917T133518483857Z/review.json,f8bbd3cd9256b33aeb731d98a280a49da00f052fd0d181dcf29d6cb4bc00143d,percentage points,MAE(ratio10) - MAE(balanced),60,3,7.872727272727273,e
original_grouping,IGTB1966,1,IGTB508,music_nnls,120,ratio10,-0.2487707755207396,-0.360525167104797,-1.437976425207392,0.4114022578487134,-0.8552442541246879,1.014254612288644,1.4500245626335473,-2.075085406563269,1805,results/music_external_review/20260917T133518483857Z/reference_arrangement_penalties.csv,67d11393f1ae62361838d60f4aeba6a374e9854a6ea36d10606df46bd45989a9,results/music_external_review/20260917T133518483857Z/review.json,f8bbd3cd9256b33aeb731d98a280a49da00f052fd0d181dcf29d6cb4bc00143d,percentage points,MAE(ratio10) - MAE(balanced),60,3,7.923636363636364,e
original_grouping,IGTB1966,1,IGTB514,music_nnls,120,ratio10,-0.9798043086918716,-1.1225959116955833,-1.2709198893196545,0.1414899366490348,-1.28370477081314,-1.1591133726920717,-0.1320494943179714,-2.1745282616574206,1823,results/music_external_review/20260917T133518483857Z/reference_arrangement_penalties.csv,67d11393f1ae62361838d60f4aeba6a374e9854a6ea36d10606df46bd45989a9,results/music_external_review/20260917T133518483857Z/review.json,f8bbd3cd9256b33aeb731d98a280a49da00f052fd0d181dcf29d6cb4bc00143d,percentage points,MAE(ratio10) - MAE(balanced),60,3,7.974545454545455,e
original_grouping,IGTB1966,2,IGTB1650,music_nnls,120,ratio10,0.2477848271629496,0.2661209407773491,-0.0681830740316487,0.2726294055233352,0.6486221075117158,0.0681087515355939,-0.8829704849827937,1.4485022574214736,1841,results/music_external_review/20260917T133518483857Z/reference_arrangement_penalties.csv,67d11393f1ae62361838d60f4aeba6a374e9854a6ea36d10606df46bd45989a9,results/music_external_review/20260917T133518483857Z/review.json,f8bbd3cd9256b33aeb731d98a280a49da00f052fd0d181dcf29d6cb4bc00143d,percentage points,MAE(ratio10) - MAE(balanced),60,3,8.025454545454545,e
original_grouping,IGTB1966,2,IGTB1913,music_nnls,120,ratio10,0.2551232688035423,0.2728971178364861,-0.1410208499979495,0.0655523704967998,0.3596920934951241,0.6464974545605038,-1.2143750293582176,1.814393573624981,1859,results/music_external_review/20260917T133518483857Z/reference_arrangement_penalties.csv,67d11393f1ae62361838d60f4aeba6a374e9854a6ea36d10606df46bd45989a9,results/music_external_review/20260917T133518483857Z/review.json,f8bbd3cd9256b33aeb731d98a280a49da00f052fd0d181dcf29d6cb4bc00143d,percentage points,MAE(ratio10) - MAE(balanced),60,3,8.076363636363636,e
original_grouping,IGTB1966,2,IGTB195,music_nnls,120,ratio10,0.3159733289109875,0.1241733227459853,-0.0934942306247312,1.0841411506002363,-0.3750943573891464,0.2175446837289982,-0.539451222141186,1.6021939492917467,1877,results/music_external_review/20260917T133518483857Z/reference_arrangement_penalties.csv,67d11393f1ae62361838d60f4aeba6a374e9854a6ea36d10606df46bd45989a9,results/music_external_review/20260917T133518483857Z/review.json,f8bbd3cd9256b33aeb731d98a280a49da00f052fd0d181dcf29d6cb4bc00143d,percentage points,MAE(ratio10) - MAE(balanced),60,3,8.127272727272727,e
original_grouping,IGTB1966,3,HC-014,music_nnls,120,ratio10,-1.0040395652737208,-1.526340652929878,-4.677797310734111,-0.2162734604650177,1.1929053704377997,0.4307678085671026,-0.8111817135775472,-1.9426580858705536,1895,results/music_external_review/20260917T133518483857Z/reference_arrangement_penalties.csv,67d11393f1ae62361838d60f4aeba6a374e9854a6ea36d10606df46bd45989a9,results/music_external_review/20260917T133518483857Z/review.json,f8bbd3cd9256b33aeb731d98a280a49da00f052fd0d181dcf29d6cb4bc00143d,percentage points,MAE(ratio10) - MAE(balanced),60,3,8.178181818181818,e
original_grouping,IGTB1966,3,HC-572,music_nnls,120,ratio10,-0.3381570613296385,-1.015654318349966,-5.513290020359425,1.8888868372320224,0.5266883771259018,0.3628844602125884,0.4800253615429108,0.225862616268167,1913,results/music_external_review/20260917T133518483857Z/reference_arrangement_penalties.csv,67d11393f1ae62361838d60f4aeba6a374e9854a6ea36d10606df46bd45989a9,results/music_external_review/20260917T133518483857Z/review.json,f8bbd3cd9256b33aeb731d98a280a49da00f052fd0d181dcf29d6cb4bc00143d,percentage points,MAE(ratio10) - MAE(balanced),60,3,8.229090909090909,e
original_grouping,IGTB1966,3,IGTB1921,music_nnls,120,ratio10,-0.4600220940851103,-0.5114538349046284,-1.5779140383428532,0.3071984559570616,-0.706123930104844,0.4816559063116422,0.4873490330290178,-1.752297991360675,1931,results/music_external_review/20260917T133518483857Z/reference_arrangement_penalties.csv,67d11393f1ae62361838d60f4aeba6a374e9854a6ea36d10606df46bd45989a9,results/music_external_review/20260917T133518483857Z/review.json,f8bbd3cd9256b33aeb731d98a280a49da00f052fd0d181dcf29d6cb4bc00143d,percentage points,MAE(ratio10) - MAE(balanced),60,3,8.28,e
original_grouping,IGTB256,0,IGTB1506,music_nnls,120,ratio10,0.5898041069522105,0.6130210424812066,0.0684033777330679,0.3971368451756911,0.5356509896330918,0.3521266648235648,0.5886097401150314,1.5968970242328238,1949,results/music_external_review/20260917T133518483857Z/reference_arrangement_penalties.csv,67d11393f1ae62361838d60f4aeba6a374e9854a6ea36d10606df46bd45989a9,results/music_external_review/20260917T133518483857Z/review.json,f8bbd3cd9256b33aeb731d98a280a49da00f052fd0d181dcf29d6cb4bc00143d,percentage points,MAE(ratio10) - MAE(balanced),60,3,8.72,e
original_grouping,IGTB256,0,IGTB508,music_nnls,120,ratio10,0.7366383532274278,0.7334154019537059,0.4648218026286898,0.2978548593691659,-0.1674083369827511,2.0477139971388465,0.9263134952131168,0.8505343019975107,1967,results/music_external_review/20260917T133518483857Z/reference_arrangement_penalties.csv,67d11393f1ae62361838d60f4aeba6a374e9854a6ea36d10606df46bd45989a9,results/music_external_review/20260917T133518483857Z/review.json,f8bbd3cd9256b33aeb731d98a280a49da00f052fd0d181dcf29d6cb4bc00143d,percentage points,MAE(ratio10) - MAE(balanced),60,3,8.770909090909091,e
original_grouping,IGTB256,0,IGTB514,music_nnls,120,ratio10,0.4786060478936862,0.5351913794203664,-0.2533295148257967,0.2147610710518295,0.8763730597147013,0.3407377663152272,0.3097036019657033,1.3833903031404564,1985,results/music_external_review/20260917T133518483857Z/reference_arrangement_penalties.csv,67d11393f1ae62361838d60f4aeba6a374e9854a6ea36d10606df46bd45989a9,results/music_external_review/20260917T133518483857Z/review.json,f8bbd3cd9256b33aeb731d98a280a49da00f052fd0d181dcf29d6cb4bc00143d,percentage points,MAE(ratio10) - MAE(balanced),60,3,8.821818181818182,e
original_grouping,IGTB256,1,IGTB1650,music_nnls,120,ratio10,-0.5294834672235018,-0.6803266252674333,-0.0004537184367796,0.1033190676416812,-1.0977268303059908,-0.3105612118926578,-0.7712723358933775,-1.1002057744538922,2003,results/music_external_review/20260917T133518483857Z/reference_arrangement_penalties.csv,67d11393f1ae62361838d60f4aeba6a374e9854a6ea36d10606df46bd45989a9,results/music_external_review/20260917T133518483857Z/review.json,f8bbd3cd9256b33aeb731d98a280a49da00f052fd0d181dcf29d6cb4bc00143d,percentage points,MAE(ratio10) - MAE(balanced),60,3,8.872727272727273,e
original_grouping,IGTB256,1,IGTB1913,music_nnls,120,ratio10,-0.330337676709047,-0.3234464749547029,0.0631047469236054,-0.1637053002620422,-0.944771524572243,0.5068719568362986,-0.9867590738422104,-0.4567668653376883,2021,results/music_external_review/20260917T133518483857Z/reference_arrangement_penalties.csv,67d11393f1ae62361838d60f4aeba6a374e9854a6ea36d10606df46bd45989a9,results/music_external_review/20260917T133518483857Z/review.json,f8bbd3cd9256b33aeb731d98a280a49da00f052fd0d181dcf29d6cb4bc00143d,percentage points,MAE(ratio10) - MAE(balanced),60,3,8.923636363636364,e
original_grouping,IGTB256,1,IGTB195,music_nnls,120,ratio10,0.3758461424291864,0.408341325219917,0.602558940433133,0.489689807144534,-0.9121323102153404,1.65362922070348,-0.2912039903229138,0.7125351868322094,2039,results/music_external_review/20260917T133518483857Z/reference_arrangement_penalties.csv,67d11393f1ae62361838d60f4aeba6a374e9854a6ea36d10606df46bd45989a9,results/music_external_review/20260917T133518483857Z/review.json,f8bbd3cd9256b33aeb731d98a280a49da00f052fd0d181dcf29d6cb4bc00143d,percentage points,MAE(ratio10) - MAE(balanced),60,3,8.974545454545455,e
original_grouping,IGTB256,2,HC-014,music_nnls,120,ratio10,-0.2366970167652537,-0.0325147705009968,-0.5235236076396933,-1.0891021527127964,-0.016608560295863,1.364243349084071,-0.9962814696973292,-0.158909659329933,2057,results/music_external_review/20260917T133518483857Z/reference_arrangement_penalties.csv,67d11393f1ae62361838d60f4aeba6a374e9854a6ea36d10606df46bd45989a9,results/music_external_review/20260917T133518483857Z/review.json,f8bbd3cd9256b33aeb731d98a280a49da00f052fd0d181dcf29d6cb4bc00143d,percentage points,MAE(ratio10) - MAE(balanced),60,3,9.025454545454545,e
original_grouping,IGTB256,2,HC-572,music_nnls,120,ratio10,-0.2046460157778024,-0.2119476896201657,-3.452766682008312,0.7585702935345574,0.6566379086323219,0.8367484797727646,-0.532493626794944,0.5054275321967793,2075,results/music_external_review/20260917T133518483857Z/reference_arrangement_penalties.csv,67d11393f1ae62361838d60f4aeba6a374e9854a6ea36d10606df46bd45989a9,results/music_external_review/20260917T133518483857Z/review.json,f8bbd3cd9256b33aeb731d98a280a49da00f052fd0d181dcf29d6cb4bc00143d,percentage points,MAE(ratio10) - MAE(balanced),60,3,9.076363636363636,e
original_grouping,IGTB256,2,IGTB1921,music_nnls,120,ratio10,0.742504635500559,1.1463615586964302,-0.100955041687861,-0.2439149753572524,0.3584670264066211,3.634686576023006,0.3405430672574178,0.4662011603614079,2093,results/music_external_review/20260917T133518483857Z/reference_arrangement_penalties.csv,67d11393f1ae62361838d60f4aeba6a374e9854a6ea36d10606df46bd45989a9,results/music_external_review/20260917T133518483857Z/review.json,f8bbd3cd9256b33aeb731d98a280a49da00f052fd0d181dcf29d6cb4bc00143d,percentage points,MAE(ratio10) - MAE(balanced),60,3,9.127272727272727,e
original_grouping,IGTB256,3,IGTB1966,music_nnls,120,ratio10,0.5835492352088704,0.5360194748844093,0.914097028775252,0.7258159612372367,-1.1128722273830374,0.4660570909557953,0.2913286093275156,2.216868948340453,2111,results/music_external_review/20260917T133518483857Z/reference_arrangement_penalties.csv,67d11393f1ae62361838d60f4aeba6a374e9854a6ea36d10606df46bd45989a9,results/music_external_review/20260917T133518483857Z/review.json,f8bbd3cd9256b33aeb731d98a280a49da00f052fd0d181dcf29d6cb4bc00143d,percentage points,MAE(ratio10) - MAE(balanced),60,3,9.178181818181818,e
original_grouping,IGTB256,3,IGTB498,music_nnls,120,ratio10,-0.2057915834396205,-0.7226478825955263,0.1827486126502684,1.6370197099932644,-4.758844212583414,1.107772314131856,-0.3244892942104134,0.9210433693807104,2129,results/music_external_review/20260917T133518483857Z/reference_arrangement_penalties.csv,67d11393f1ae62361838d60f4aeba6a374e9854a6ea36d10606df46bd45989a9,results/music_external_review/20260917T133518483857Z/review.json,f8bbd3cd9256b33aeb731d98a280a49da00f052fd0d181dcf29d6cb4bc00143d,percentage points,MAE(ratio10) - MAE(balanced),60,3,9.229090909090909,e
original_grouping,IGTB256,3,IGTB826,music_nnls,120,ratio10,1.4260620874052308,1.7463349091348552,1.2613115929561662,1.1354116790449047,1.8766723777336571,3.000651079210336,0.5733480721160559,0.7089777233702492,2147,results/music_external_review/20260917T133518483857Z/reference_arrangement_penalties.csv,67d11393f1ae62361838d60f4aeba6a374e9854a6ea36d10606df46bd45989a9,results/music_external_review/20260917T133518483857Z/review.json,f8bbd3cd9256b33aeb731d98a280a49da00f052fd0d181dcf29d6cb4bc00143d,percentage points,MAE(ratio10) - MAE(balanced),60,3,9.28,e
original_grouping,IGTB498,0,HC-502,music_nnls,120,ratio10,0.5442136633971324,0.8695931590677094,-0.3847617909472384,0.1439965443169444,0.2668500815002725,2.3152530180087143,-0.9085744716543342,1.8325185991584467,2165,results/music_external_review/20260917T133518483857Z/reference_arrangement_penalties.csv,67d11393f1ae62361838d60f4aeba6a374e9854a6ea36d10606df46bd45989a9,results/music_external_review/20260917T133518483857Z/review.json,f8bbd3cd9256b33aeb731d98a280a49da00f052fd0d181dcf29d6cb4bc00143d,percentage points,MAE(ratio10) - MAE(balanced),60,3,9.72,e
original_grouping,IGTB498,0,IGTB256,music_nnls,120,ratio10,0.9142250084326984,1.6530432181870298,-0.0555782629697762,-0.1156483402802376,3.389175219254104,2.922125822346311,-1.0074214956492198,0.3526971078950207,2183,results/music_external_review/20260917T133518483857Z/reference_arrangement_penalties.csv,67d11393f1ae62361838d60f4aeba6a374e9854a6ea36d10606df46bd45989a9,results/music_external_review/20260917T133518483857Z/review.json,f8bbd3cd9256b33aeb731d98a280a49da00f052fd0d181dcf29d6cb4bc00143d,percentage points,MAE(ratio10) - MAE(balanced),60,3,9.770909090909091,e
original_grouping,IGTB498,0,IGTB514,music_nnls,120,ratio10,-0.196038144603006,-0.4590315653772233,-0.124396446877884,0.4635833391779706,-2.128229336315324,-0.2859178137361111,-0.2499418827671177,1.1486732729004383,2201,results/music_external_review/20260917T133518483857Z/reference_arrangement_penalties.csv,67d11393f1ae62361838d60f4aeba6a374e9854a6ea36d10606df46bd45989a9,results/music_external_review/20260917T133518483857Z/review.json,f8bbd3cd9256b33aeb731d98a280a49da00f052fd0d181dcf29d6cb4bc00143d,percentage points,MAE(ratio10) - MAE(balanced),60,3,9.821818181818182,e
original_grouping,IGTB498,1,IGTB1506,music_nnls,120,ratio10,1.1321749209207093,1.3660827955771633,-0.2832149758359687,1.0401454211433936,1.5973252871947738,1.07148086868309,0.3964044610404436,2.970908463298521,2219,results/music_external_review/20260917T133518483857Z/reference_arrangement_penalties.csv,67d11393f1ae62361838d60f4aeba6a374e9854a6ea36d10606df46bd45989a9,results/music_external_review/20260917T133518483857Z/review.json,f8bbd3cd9256b33aeb731d98a280a49da00f052fd0d181dcf29d6cb4bc00143d,percentage points,MAE(ratio10) - MAE(balanced),60,3,9.872727272727273,e
original_grouping,IGTB498,1,IGTB1650,music_nnls,120,ratio10,1.517103276443316,1.9599275253331645,0.0126642580705689,0.4407582113281801,3.893461045727829,2.464002340399454,0.6063226129353054,1.6854111901985558,2237,results/music_external_review/20260917T133518483857Z/reference_arrangement_penalties.csv,67d11393f1ae62361838d60f4aeba6a374e9854a6ea36d10606df46bd45989a9,results/music_external_review/20260917T133518483857Z/review.json,f8bbd3cd9256b33aeb731d98a280a49da00f052fd0d181dcf29d6cb4bc00143d,percentage points,MAE(ratio10) - MAE(balanced),60,3,9.923636363636364,e
original_grouping,IGTB498,1,IGTB508,music_nnls,120,ratio10,1.457421836880539,1.743692823634548,0.6108251140713772,0.0317697492442028,3.023580990217989,2.867363459655881,0.9686222128652504,1.2423694952285205,2255,results/music_external_review/20260917T133518483857Z/reference_arrangement_penalties.csv,67d11393f1ae62361838d60f4aeba6a374e9854a6ea36d10606df46bd45989a9,results/music_external_review/20260917T133518483857Z/review.json,f8bbd3cd9256b33aeb731d98a280a49da00f052fd0d181dcf29d6cb4bc00143d,percentage points,MAE(ratio10) - MAE(balanced),60,3,9.974545454545455,e
original_grouping,IGTB498,2,HC-572,music_nnls,120,ratio10,0.3036872123024811,0.4751242289848681,0.8560603267361657,-0.1713626028453979,0.3665445153873078,0.9878029216967918,-0.0868603980877446,-0.130061489072249,2273,results/music_external_review/20260917T133518483857Z/reference_arrangement_penalties.csv,67d11393f1ae62361838d60f4aeba6a374e9854a6ea36d10606df46bd45989a9,results/music_external_review/20260917T133518483857Z/review.json,f8bbd3cd9256b33aeb731d98a280a49da00f052fd0d181dcf29d6cb4bc00143d,percentage points,MAE(ratio10) - MAE(balanced),60,3,10.025454545454545,e
original_grouping,IGTB498,2,IGTB1913,music_nnls,120,ratio10,0.0175774423929752,0.3183188999287904,0.4903904427186389,-0.8549352633801512,0.1138993292217487,1.1555881629994396,-0.313065226646648,-0.4864127905551814,2291,results/music_external_review/20260917T133518483857Z/reference_arrangement_penalties.csv,67d11393f1ae62361838d60f4aeba6a374e9854a6ea36d10606df46bd45989a9,results/music_external_review/20260917T133518483857Z/review.json,f8bbd3cd9256b33aeb731d98a280a49da00f052fd0d181dcf29d6cb4bc00143d,percentage points,MAE(ratio10) - MAE(balanced),60,3,10.076363636363636,e
original_grouping,IGTB498,2,IGTB195,music_nnls,120,ratio10,-0.4985795894626783,-0.7026241613635095,0.3900074422998871,-0.3891356040540253,-1.8411362471773831,-0.7719271065634443,0.0429766273722491,-0.4222626486533729,2309,results/music_external_review/20260917T133518483857Z/reference_arrangement_penalties.csv,67d11393f1ae62361838d60f4aeba6a374e9854a6ea36d10606df46bd45989a9,results/music_external_review/20260917T133518483857Z/review.json,f8bbd3cd9256b33aeb731d98a280a49da00f052fd0d181dcf29d6cb4bc00143d,percentage points,MAE(ratio10) - MAE(balanced),60,3,10.127272727272727,e
original_grouping,IGTB498,3,HC-014,music_nnls,120,ratio10,1.596325890705428,2.4743181772460447,0.9714202176419932,0.2500321621434069,3.704610851661465,4.2877625363717735,0.5683204262850635,-0.2041908498711458,2327,results/music_external_review/20260917T133518483857Z/reference_arrangement_penalties.csv,67d11393f1ae62361838d60f4aeba6a374e9854a6ea36d10606df46bd45989a9,results/music_external_review/20260917T133518483857Z/review.json,f8bbd3cd9256b33aeb731d98a280a49da00f052fd0d181dcf29d6cb4bc00143d,percentage points,MAE(ratio10) - MAE(balanced),60,3,10.178181818181818,e
original_grouping,IGTB498,3,IGTB1921,music_nnls,120,ratio10,0.905407249985436,1.2414592845164376,1.075416084956056,0.3403749294292957,0.3394081108355077,3.047275448045467,0.5085951351945783,0.1213737914517048,2345,results/music_external_review/20260917T133518483857Z/reference_arrangement_penalties.csv,67d11393f1ae62361838d60f4aeba6a374e9854a6ea36d10606df46bd45989a9,results/music_external_review/20260917T133518483857Z/review.json,f8bbd3cd9256b33aeb731d98a280a49da00f052fd0d181dcf29d6cb4bc00143d,percentage points,MAE(ratio10) - MAE(balanced),60,3,10.229090909090909,e
original_grouping,IGTB498,3,IGTB826,music_nnls,120,ratio10,2.172118272896092,3.1875117164899227,0.9424163480472132,0.1340073061670291,3.4400298666248306,6.593786041426056,0.8256304787295116,1.0968395963818904,2363,results/music_external_review/20260917T133518483857Z/reference_arrangement_penalties.csv,67d11393f1ae62361838d60f4aeba6a374e9854a6ea36d10606df46bd45989a9,results/music_external_review/20260917T133518483857Z/review.json,f8bbd3cd9256b33aeb731d98a280a49da00f052fd0d181dcf29d6cb4bc00143d,percentage points,MAE(ratio10) - MAE(balanced),60,3,10.28,e
original_grouping,IGTB508,0,IGTB1650,music_nnls,120,ratio10,-0.2068253241839421,-0.3991001706930573,0.2649023009417163,0.0788272253332151,-0.8968656169555801,-0.1848139247500236,0.8547696544021437,-1.3577715840751334,2381,results/music_external_review/20260917T133518483857Z/reference_arrangement_penalties.csv,67d11393f1ae62361838d60f4aeba6a374e9854a6ea36d10606df46bd45989a9,results/music_external_review/20260917T133518483857Z/review.json,f8bbd3cd9256b33aeb731d98a280a49da00f052fd0d181dcf29d6cb4bc00143d,percentage points,MAE(ratio10) - MAE(balanced),60,3,10.72,e
original_grouping,IGTB508,0,IGTB1913,music_nnls,120,ratio10,0.326709862304793,0.2635141172583158,0.0932476603845311,0.3064676202204744,-0.4286370482262801,0.9015233352420264,0.9431489894272476,0.1445086167807545,2399,results/music_external_review/20260917T133518483857Z/reference_arrangement_penalties.csv,67d11393f1ae62361838d60f4aeba6a374e9854a6ea36d10606df46bd45989a9,results/music_external_review/20260917T133518483857Z/review.json,f8bbd3cd9256b33aeb731d98a280a49da00f052fd0d181dcf29d6cb4bc00143d,percentage points,MAE(ratio10) - MAE(balanced),60,3,10.770909090909091,e
original_grouping,IGTB508,0,IGTB195,music_nnls,120,ratio10,0.7531458681130289,0.9606951610668124,0.5900040611111378,0.1664098319199677,0.5796523783239622,1.88716908044284,0.2341825719991398,1.0614572848811197,2417,results/music_external_review/20260917T133518483857Z/reference_arrangement_penalties.csv,67d11393f1ae62361838d60f4aeba6a374e9854a6ea36d10606df46bd45989a9,results/music_external_review/20260917T133518483857Z/review.json,f8bbd3cd9256b33aeb731d98a280a49da00f052fd0d181dcf29d6cb4bc00143d,percentage points,MAE(ratio10) - MAE(balanced),60,3,10.821818181818182,e
original_grouping,IGTB508,1,HC-014,music_nnls,120,ratio10,-0.2230156025696855,-0.0604089538673624,-1.107437687386043,-0.8238409662265722,-0.5958908170828218,0.8272700411322058,-0.7703103065833352,1.1321161207284405,2435,results/music_external_review/20260917T133518483857Z/reference_arrangement_penalties.csv,67d11393f1ae62361838d60f4aeba6a374e9854a6ea36d10606df46bd45989a9,results/music_external_review/20260917T133518483857Z/review.json,f8bbd3cd9256b33aeb731d98a280a49da00f052fd0d181dcf29d6cb4bc00143d,percentage points,MAE(ratio10) - MAE(balanced),60,3,10.872727272727273,e
original_grouping,IGTB508,1,HC-572,music_nnls,120,ratio10,-0.158471077198236,-0.2540346521811731,-2.9946373390454397,0.9653573611730942,0.8003860269583978,-0.6760103833848818,0.0445899002731114,0.9094879708363132,2453,results/music_external_review/20260917T133518483857Z/reference_arrangement_penalties.csv,67d11393f1ae62361838d60f4aeba6a374e9854a6ea36d10606df46bd45989a9,results/music_external_review/20260917T133518483857Z/review.json,f8bbd3cd9256b33aeb731d98a280a49da00f052fd0d181dcf29d6cb4bc00143d,percentage points,MAE(ratio10) - MAE(balanced),60,3,10.923636363636364,e
original_grouping,IGTB508,1,IGTB1921,music_nnls,120,ratio10,0.4468470183066809,0.5263306964051914,-0.0511884048308052,0.1335874670248713,0.0169783542734591,0.8213351480274985,0.8353997101361598,0.9249698352088952,2471,results/music_external_review/20260917T133518483857Z/reference_arrangement_penalties.csv,67d11393f1ae62361838d60f4aeba6a374e9854a6ea36d10606df46bd45989a9,results/music_external_review/20260917T133518483857Z/review.json,f8bbd3cd9256b33aeb731d98a280a49da00f052fd0d181dcf29d6cb4bc00143d,percentage points,MAE(ratio10) - MAE(balanced),60,3,10.974545454545455,e
original_grouping,IGTB508,2,IGTB1966,music_nnls,120,ratio10,0.5472683437874591,0.7128674016200177,1.6269532860702067,0.3252628921217907,-0.2196172544073594,0.6112175373552209,-0.5017329902967482,1.441526591881651,2489,results/music_external_review/20260917T133518483857Z/reference_arrangement_penalties.csv,67d11393f1ae62361838d60f4aeba6a374e9854a6ea36d10606df46bd45989a9,results/music_external_review/20260917T133518483857Z/review.json,f8bbd3cd9256b33aeb731d98a280a49da00f052fd0d181dcf29d6cb4bc00143d,percentage points,MAE(ratio10) - MAE(balanced),60,3,11.025454545454545,e
original_grouping,IGTB508,2,IGTB498,music_nnls,120,ratio10,-0.0122287576223611,-0.2595787743681255,1.1696224659656822,1.1771019756785823,-2.405976740543744,1.1094394740348692,-0.9609323999117316,-0.162627320957812,2507,results/music_external_review/20260917T133518483857Z/reference_arrangement_penalties.csv,67d11393f1ae62361838d60f4aeba6a374e9854a6ea36d10606df46bd45989a9,results/music_external_review/20260917T133518483857Z/review.json,f8bbd3cd9256b33aeb731d98a280a49da00f052fd0d181dcf29d6cb4bc00143d,percentage points,MAE(ratio10) - MAE(balanced),60,3,11.076363636363636,e
original_grouping,IGTB508,2,IGTB826,music_nnls,120,ratio10,1.238831120926596,1.8527508293378607,1.5401140211646271,0.5048801071559228,3.056285384728749,3.2090436208134747,-1.041090686987728,0.1637542786845572,2525,results/music_external_review/20260917T133518483857Z/reference_arrangement_penalties.csv,67d11393f1ae62361838d60f4aeba6a374e9854a6ea36d10606df46bd45989a9,results/music_external_review/20260917T133518483857Z/review.json,f8bbd3cd9256b33aeb731d98a280a49da00f052fd0d181dcf29d6cb4bc00143d,percentage points,MAE(ratio10) - MAE(balanced),60,3,11.127272727272727,e
original_grouping,IGTB508,3,HC-502,music_nnls,120,ratio10,-1.4189218800031909,-2.230642696427547,0.385820294892019,0.8497238201216559,-4.714828510574566,-5.273573027284504,-1.3747816459102196,1.614107788736458,2543,results/music_external_review/20260917T133518483857Z/reference_arrangement_penalties.csv,67d11393f1ae62361838d60f4aeba6a374e9854a6ea36d10606df46bd45989a9,results/music_external_review/20260917T133518483857Z/review.json,f8bbd3cd9256b33aeb731d98a280a49da00f052fd0d181dcf29d6cb4bc00143d,percentage points,MAE(ratio10) - MAE(balanced),60,3,11.178181818181818,e
original_grouping,IGTB508,3,IGTB256,music_nnls,120,ratio10,-0.4091644122289591,-0.8706086957941256,2.3029211990662666,1.009808789723724,-1.7318605668439797,-3.835649067492809,-1.4427808966361004,1.2425740688091471,2561,results/music_external_review/20260917T133518483857Z/reference_arrangement_penalties.csv,67d11393f1ae62361838d60f4aeba6a374e9854a6ea36d10606df46bd45989a9,results/music_external_review/20260917T133518483857Z/review.json,f8bbd3cd9256b33aeb731d98a280a49da00f052fd0d181dcf29d6cb4bc00143d,percentage points,MAE(ratio10) - MAE(balanced),60,3,11.229090909090909,e
original_grouping,IGTB508,3,IGTB514,music_nnls,120,ratio10,-1.3268203389623787,-2.057937485659004,0.0663710804335264,1.0796408900608665,-5.769759990418586,-4.626728148795271,-0.5121314691825057,1.8016856041277096,2579,results/music_external_review/20260917T133518483857Z/reference_arrangement_penalties.csv,67d11393f1ae62361838d60f4aeba6a374e9854a6ea36d10606df46bd45989a9,results/music_external_review/20260917T133518483857Z/review.json,f8bbd3cd9256b33aeb731d98a280a49da00f052fd0d181dcf29d6cb4bc00143d,percentage points,MAE(ratio10) - MAE(balanced),60,3,11.28,e
original_grouping,IGTB514,0,IGTB1506,music_nnls,120,ratio10,1.3566884564368844,1.7116947388430466,1.5773367371400246,0.6952399820839421,-0.0337005788487175,2.853242990327192,0.4173010568701054,2.6307105510487543,2597,results/music_external_review/20260917T133518483857Z/reference_arrangement_penalties.csv,67d11393f1ae62361838d60f4aeba6a374e9854a6ea36d10606df46bd45989a9,results/music_external_review/20260917T133518483857Z/review.json,f8bbd3cd9256b33aeb731d98a280a49da00f052fd0d181dcf29d6cb4bc00143d,percentage points,MAE(ratio10) - MAE(balanced),60,3,11.72,e
original_grouping,IGTB514,0,IGTB1650,music_nnls,120,ratio10,0.6017427387568874,0.5041901115426742,1.8308422416564216,0.4536851333097311,-0.4260526164250414,-0.5488315077580627,0.6974771847550526,1.6033359970032264,2615,results/music_external_review/20260917T133518483857Z/reference_arrangement_penalties.csv,67d11393f1ae62361838d60f4aeba6a374e9854a6ea36d10606df46bd45989a9,results/music_external_review/20260917T133518483857Z/review.json,f8bbd3cd9256b33aeb731d98a280a49da00f052fd0d181dcf29d6cb4bc00143d,percentage points,MAE(ratio10) - MAE(balanced),60,3,11.770909090909091,e
original_grouping,IGTB514,0,IGTB508,music_nnls,120,ratio10,0.1789187367759875,-0.0969757544327769,1.779121798066029,0.1851080632653309,-1.023989527709125,-1.1622878187655437,1.0594711383735915,0.2360887674256347,2633,results/music_external_review/20260917T133518483857Z/reference_arrangement_penalties.csv,67d11393f1ae62361838d60f4aeba6a374e9854a6ea36d10606df46bd45989a9,results/music_external_review/20260917T133518483857Z/review.json,f8bbd3cd9256b33aeb731d98a280a49da00f052fd0d181dcf29d6cb4bc00143d,percentage points,MAE(ratio10) - MAE(balanced),60,3,11.821818181818182,e
original_grouping,IGTB514,1,HC-572,music_nnls,120,ratio10,1.008821526935522,1.7914171106487988,1.209670544246889,-0.6648835319120995,1.7678263618851278,4.815627498847067,-0.7133704886275254,-0.3619412228263402,2651,results/music_external_review/20260917T133518483857Z/reference_arrangement_penalties.csv,67d11393f1ae62361838d60f4aeba6a374e9854a6ea36d10606df46bd45989a9,results/music_external_review/20260917T133518483857Z/review.json,f8bbd3cd9256b33aeb731d98a280a49da00f052fd0d181dcf29d6cb4bc00143d,percentage points,MAE(ratio10) - MAE(balanced),60,3,11.872727272727273,e
original_grouping,IGTB514,1,IGTB1913,music_nnls,120,ratio10,1.2752546081230511,2.4577093626886226,2.36720491543484,-2.1107490100974693,2.5790313052235336,7.432599308374282,-1.2106416270204052,-1.405917243176485,2669,results/music_external_review/20260917T133518483857Z/reference_arrangement_penalties.csv,67d11393f1ae62361838d60f4aeba6a374e9854a6ea36d10606df46bd45989a9,results/music_external_review/20260917T133518483857Z/review.json,f8bbd3cd9256b33aeb731d98a280a49da00f052fd0d181dcf29d6cb4bc00143d,percentage points,MAE(ratio10) - MAE(balanced),60,3,11.923636363636364,e
original_grouping,IGTB514,1,IGTB195,music_nnls,120,ratio10,0.8433071391239149,1.6473500553822835,-0.6210817939159828,-0.7526619624551153,2.166073653571242,5.311621366369098,-0.030237104388964,-1.0138713244367892,2687,results/music_external_review/20260917T133518483857Z/reference_arrangement_penalties.csv,67d11393f1ae62361838d60f4aeba6a374e9854a6ea36d10606df46bd45989a9,results/music_external_review/20260917T133518483857Z/review.json,f8bbd3cd9256b33aeb731d98a280a49da00f052fd0d181dcf29d6cb4bc00143d,percentage points,MAE(ratio10) - MAE(balanced),60,3,11.974545454545455,e
original_grouping,IGTB514,2,HC-014,music_nnls,120,ratio10,0.7721727665299011,1.3185529288881568,-2.373687394191396,0.3972796692506103,3.211241802868793,4.064727418745769,0.5239622054456051,-1.1904871029399904,2705,results/music_external_review/20260917T133518483857Z/reference_arrangement_penalties.csv,67d11393f1ae62361838d60f4aeba6a374e9854a6ea36d10606df46bd45989a9,results/music_external_review/20260917T133518483857Z/review.json,f8bbd3cd9256b33aeb731d98a280a49da00f052fd0d181dcf29d6cb4bc00143d,percentage points,MAE(ratio10) - MAE(balanced),60,3,12.025454545454545,e
original_grouping,IGTB514,2,IGTB1921,music_nnls,120,ratio10,0.6172599699945407,1.088130324203012,-1.2763345315460648,0.4070652272023136,1.4053835496763083,4.258332590946262,0.4806551500479137,-1.5715421663594893,2723,results/music_external_review/20260917T133518483857Z/reference_arrangement_penalties.csv,67d11393f1ae62361838d60f4aeba6a374e9854a6ea36d10606df46bd45989a9,results/music_external_review/20260917T133518483857Z/review.json,f8bbd3cd9256b33aeb731d98a280a49da00f052fd0d181dcf29d6cb4bc00143d,percentage points,MAE(ratio10) - MAE(balanced),60,3,12.076363636363636,e
original_grouping,IGTB514,2,IGTB826,music_nnls,120,ratio10,0.4215527516578673,0.6677258476791296,-2.461754737398351,0.354932204856286,0.8942488118611428,3.222452162511858,0.6651608556759505,-0.1457227875596782,2741,results/music_external_review/20260917T133518483857Z/reference_arrangement_penalties.csv,67d11393f1ae62361838d60f4aeba6a374e9854a6ea36d10606df46bd45989a9,results/music_external_review/20260917T133518483857Z/review.json,f8bbd3cd9256b33aeb731d98a280a49da00f052fd0d181dcf29d6cb4bc00143d,percentage points,MAE(ratio10) - MAE(balanced),60,3,12.127272727272727,e
original_grouping,IGTB514,3,HC-502,music_nnls,120,ratio10,0.4862659017538985,0.1101947098547958,2.234305871058873,2.4051659200001763,-1.8815836277764235,-0.5847279628955562,-0.5968790464595224,1.3413142565958402,2759,results/music_external_review/20260917T133518483857Z/reference_arrangement_penalties.csv,67d11393f1ae62361838d60f4aeba6a374e9854a6ea36d10606df46bd45989a9,results/music_external_review/20260917T133518483857Z/review.json,f8bbd3cd9256b33aeb731d98a280a49da00f052fd0d181dcf29d6cb4bc00143d,percentage points,MAE(ratio10) - MAE(balanced),60,3,12.178181818181818,e
original_grouping,IGTB514,3,IGTB1966,music_nnls,120,ratio10,0.1091523337600411,-0.3612524739276566,1.1651304457033096,1.6077131965984608,-3.3910059222282825,-0.7616000562399877,-0.7736574406604404,2.808333779387191,2777,results/music_external_review/20260917T133518483857Z/reference_arrangement_penalties.csv,67d11393f1ae62361838d60f4aeba6a374e9854a6ea36d10606df46bd45989a9,results/music_external_review/20260917T133518483857Z/review.json,f8bbd3cd9256b33aeb731d98a280a49da00f052fd0d181dcf29d6cb4bc00143d,percentage points,MAE(ratio10) - MAE(balanced),60,3,12.229090909090909,e
original_grouping,IGTB514,3,IGTB498,music_nnls,120,ratio10,-0.3545784412505409,-1.115220126103397,1.3615549308607875,2.0633794133104866,-3.9721872483087615,-4.122664690096883,-0.50961031030449,3.0520572570356217,2795,results/music_external_review/20260917T133518483857Z/reference_arrangement_penalties.csv,67d11393f1ae62361838d60f4aeba6a374e9854a6ea36d10606df46bd45989a9,results/music_external_review/20260917T133518483857Z/review.json,f8bbd3cd9256b33aeb731d98a280a49da00f052fd0d181dcf29d6cb4bc00143d,percentage points,MAE(ratio10) - MAE(balanced),60,3,12.28,e
original_grouping,IGTB826,0,HC-502,music_nnls,120,ratio10,-1.0247637824358384,-1.447029924427361,0.9198053359091074,0.5319537312814019,-4.991933653508796,-1.7027836726334291,-0.5119675677382228,-0.3936568679250722,2813,results/music_external_review/20260917T133518483857Z/reference_arrangement_penalties.csv,67d11393f1ae62361838d60f4aeba6a374e9854a6ea36d10606df46bd45989a9,results/music_external_review/20260917T133518483857Z/review.json,f8bbd3cd9256b33aeb731d98a280a49da00f052fd0d181dcf29d6cb4bc00143d,percentage points,MAE(ratio10) - MAE(balanced),60,3,12.72,e
original_grouping,IGTB826,0,IGTB1966,music_nnls,120,ratio10,-2.249844019883222,-3.253587562545535,-0.387333557197738,0.6087331004048806,-7.85490355539646,-5.486385347389829,-0.6453810317014175,0.2662062719812511,2831,results/music_external_review/20260917T133518483857Z/reference_arrangement_penalties.csv,67d11393f1ae62361838d60f4aeba6a374e9854a6ea36d10606df46bd45989a9,results/music_external_review/20260917T133518483857Z/review.json,f8bbd3cd9256b33aeb731d98a280a49da00f052fd0d181dcf29d6cb4bc00143d,percentage points,MAE(ratio10) - MAE(balanced),60,3,12.770909090909091,e
original_grouping,IGTB826,0,IGTB498,music_nnls,120,ratio10,-1.2074756894616427,-1.7175019551700537,0.6768236089240531,0.5627763532459166,-3.2241148553454573,-4.052415660061532,-0.5245134464010432,-0.6834101371317756,2849,results/music_external_review/20260917T133518483857Z/reference_arrangement_penalties.csv,67d11393f1ae62361838d60f4aeba6a374e9854a6ea36d10606df46bd45989a9,results/music_external_review/20260917T133518483857Z/review.json,f8bbd3cd9256b33aeb731d98a280a49da00f052fd0d181dcf29d6cb4bc00143d,percentage points,MAE(ratio10) - MAE(balanced),60,3,12.821818181818182,e
original_grouping,IGTB826,1,IGTB1506,music_nnls,120,ratio10,0.9598424324095144,1.371230319270481,-0.0569427197499189,-0.0422281659603072,4.295529080117498,1.039620569511887,-0.0880896963352527,0.6111655268731754,2867,results/music_external_review/20260917T133518483857Z/reference_arrangement_penalties.csv,67d11393f1ae62361838d60f4aeba6a374e9854a6ea36d10606df46bd45989a9,results/music_external_review/20260917T133518483857Z/review.json,f8bbd3cd9256b33aeb731d98a280a49da00f052fd0d181dcf29d6cb4bc00143d,percentage points,MAE(ratio10) - MAE(balanced),60,3,12.872727272727273,e
original_grouping,IGTB826,1,IGTB256,music_nnls,120,ratio10,0.3946713905078269,0.6691016551453964,-1.0494711359194766,-0.0683522144690262,3.626338427999885,0.4673192655344792,-0.2118495889096092,-0.3959564111893028,2885,results/music_external_review/20260917T133518483857Z/reference_arrangement_penalties.csv,67d11393f1ae62361838d60f4aeba6a374e9854a6ea36d10606df46bd45989a9,results/music_external_review/20260917T133518483857Z/review.json,f8bbd3cd9256b33aeb731d98a280a49da00f052fd0d181dcf29d6cb4bc00143d,percentage points,MAE(ratio10) - MAE(balanced),60,3,12.923636363636364,e
original_grouping,IGTB826,1,IGTB514,music_nnls,120,ratio10,-0.0987986278726405,-0.1079024305212592,-1.4845239186856158,0.4863471616732484,1.1630692297730962,-0.7854594102474031,0.0358860827821572,-0.0081109125313292,2903,results/music_external_review/20260917T133518483857Z/reference_arrangement_penalties.csv,67d11393f1ae62361838d60f4aeba6a374e9854a6ea36d10606df46bd45989a9,results/music_external_review/20260917T133518483857Z/review.json,f8bbd3cd9256b33aeb731d98a280a49da00f052fd0d181dcf29d6cb4bc00143d,percentage points,MAE(ratio10) - MAE(balanced),60,3,12.974545454545455,e
original_grouping,IGTB826,2,IGTB1650,music_nnls,120,ratio10,-0.5217887089175893,-0.5691411433004677,-0.4912247300844553,0.5354697989519942,-2.166796132412268,-0.8370572768102094,-0.7742030426997174,0.6030791295491278,2921,results/music_external_review/20260917T133518483857Z/reference_arrangement_penalties.csv,67d11393f1ae62361838d60f4aeba6a374e9854a6ea36d10606df46bd45989a9,results/music_external_review/20260917T133518483857Z/review.json,f8bbd3cd9256b33aeb731d98a280a49da00f052fd0d181dcf29d6cb4bc00143d,percentage points,MAE(ratio10) - MAE(balanced),60,3,13.025454545454545,e
original_grouping,IGTB826,2,IGTB195,music_nnls,120,ratio10,0.2497544300652034,0.1310669701447358,0.0019032322940342,0.5798083278478519,-2.1560846442499995,0.1841348615554412,-0.0720743408469144,2.960839143790793,2939,results/music_external_review/20260917T133518483857Z/reference_arrangement_penalties.csv,67d11393f1ae62361838d60f4aeba6a374e9854a6ea36d10606df46bd45989a9,results/music_external_review/20260917T133518483857Z/review.json,f8bbd3cd9256b33aeb731d98a280a49da00f052fd0d181dcf29d6cb4bc00143d,percentage points,MAE(ratio10) - MAE(balanced),60,3,13.076363636363636,e
original_grouping,IGTB826,2,IGTB508,music_nnls,120,ratio10,-0.1774568152775762,-0.0491334635059139,-0.7944751538628348,0.3903869814883929,-0.9228569714101132,0.4405480374194535,-0.6020447602349216,0.4237009749345755,2957,results/music_external_review/20260917T133518483857Z/reference_arrangement_penalties.csv,67d11393f1ae62361838d60f4aeba6a374e9854a6ea36d10606df46bd45989a9,results/music_external_review/20260917T133518483857Z/review.json,f8bbd3cd9256b33aeb731d98a280a49da00f052fd0d181dcf29d6cb4bc00143d,percentage points,MAE(ratio10) - MAE(balanced),60,3,13.127272727272727,e
original_grouping,IGTB826,3,HC-014,music_nnls,120,ratio10,0.7819239323524892,0.8865540722716007,-1.1764862441604544,0.3164181210203216,1.044084308820253,1.4140143503490397,0.2156752999453833,2.8778377581403825,2975,results/music_external_review/20260917T133518483857Z/reference_arrangement_penalties.csv,67d11393f1ae62361838d60f4aeba6a374e9854a6ea36d10606df46bd45989a9,results/music_external_review/20260917T133518483857Z/review.json,f8bbd3cd9256b33aeb731d98a280a49da00f052fd0d181dcf29d6cb4bc00143d,percentage points,MAE(ratio10) - MAE(balanced),60,3,13.178181818181818,e
original_grouping,IGTB826,3,HC-572,music_nnls,120,ratio10,0.8871519142248976,0.6351455078750285,1.806480416997006,1.740986952769623,-1.4868192847034094,-0.3398353360942204,1.0212572206784287,2.5808415157019637,2993,results/music_external_review/20260917T133518483857Z/reference_arrangement_penalties.csv,67d11393f1ae62361838d60f4aeba6a374e9854a6ea36d10606df46bd45989a9,results/music_external_review/20260917T133518483857Z/review.json,f8bbd3cd9256b33aeb731d98a280a49da00f052fd0d181dcf29d6cb4bc00143d,percentage points,MAE(ratio10) - MAE(balanced),60,3,13.229090909090909,e
original_grouping,IGTB826,3,IGTB1913,music_nnls,120,ratio10,0.5448321786343692,0.4575568783580699,0.0546974486596942,0.6499859633074198,-0.4999259547347412,0.2023216925679145,0.7576618295419218,2.104252092464001,3011,results/music_external_review/20260917T133518483857Z/reference_arrangement_penalties.csv,67d11393f1ae62361838d60f4aeba6a374e9854a6ea36d10606df46bd45989a9,results/music_external_review/20260917T133518483857Z/review.json,f8bbd3cd9256b33aeb731d98a280a49da00f052fd0d181dcf29d6cb4bc00143d,percentage points,MAE(ratio10) - MAE(balanced),60,3,13.28,e
original_grouping,HC-014,0,IGTB1921,music_nnls,300,ratio10,-0.0699658283500765,-0.1759499995375849,-0.043695746453657,-0.5480650469242185,-1.818790720171936,2.7311187724884785,0.5810049752271981,-1.32136720426631,8,results/music_external_review/20260917T133518483857Z/reference_arrangement_penalties.csv,67d11393f1ae62361838d60f4aeba6a374e9854a6ea36d10606df46bd45989a9,results/music_external_review/20260917T133518483857Z/review.json,f8bbd3cd9256b33aeb731d98a280a49da00f052fd0d181dcf29d6cb4bc00143d,percentage points,MAE(ratio10) - MAE(balanced),60,3,-0.28,f
original_grouping,HC-014,0,IGTB1966,music_nnls,300,ratio10,0.31824889419763,0.2634662431830803,0.104967976481254,-0.2838967857129063,0.4113389826497053,2.2912419885310373,0.3366403738759429,-0.9507991706392518,26,results/music_external_review/20260917T133518483857Z/reference_arrangement_penalties.csv,67d11393f1ae62361838d60f4aeba6a374e9854a6ea36d10606df46bd45989a9,results/music_external_review/20260917T133518483857Z/review.json,f8bbd3cd9256b33aeb731d98a280a49da00f052fd0d181dcf29d6cb4bc00143d,percentage points,MAE(ratio10) - MAE(balanced),60,3,-0.22909090909090912,f
original_grouping,HC-014,0,IGTB826,music_nnls,300,ratio10,-0.18152822499461,-0.3036766341944666,-0.1376666789589281,-0.6066777280402942,-2.4589743934656783,2.355381727135918,0.7033296610982795,-0.9445619377369672,44,results/music_external_review/20260917T133518483857Z/reference_arrangement_penalties.csv,67d11393f1ae62361838d60f4aeba6a374e9854a6ea36d10606df46bd45989a9,results/music_external_review/20260917T133518483857Z/review.json,f8bbd3cd9256b33aeb731d98a280a49da00f052fd0d181dcf29d6cb4bc00143d,percentage points,MAE(ratio10) - MAE(balanced),60,3,-0.17818181818181822,f
original_grouping,HC-014,1,HC-502,music_nnls,300,ratio10,-0.2936655832613363,-0.0650879808366923,-0.2521826281072051,0.2409864135184183,1.1903290083455371,-2.4493194686198665,-0.2832132551823992,-0.2085935695224872,62,results/music_external_review/20260917T133518483857Z/reference_arrangement_penalties.csv,67d11393f1ae62361838d60f4aeba6a374e9854a6ea36d10606df46bd45989a9,results/music_external_review/20260917T133518483857Z/review.json,f8bbd3cd9256b33aeb731d98a280a49da00f052fd0d181dcf29d6cb4bc00143d,percentage points,MAE(ratio10) - MAE(balanced),60,3,-0.1272727272727273,f
original_grouping,HC-014,1,IGTB256,music_nnls,300,ratio10,-0.3860669581225009,-0.3321108521024662,-0.1353556577658212,-0.6370896825107664,0.2193161530311702,-0.6166174748056252,-0.0849015955592138,-1.0617534911247537,80,results/music_external_review/20260917T133518483857Z/reference_arrangement_penalties.csv,67d11393f1ae62361838d60f4aeba6a374e9854a6ea36d10606df46bd45989a9,results/music_external_review/20260917T133518483857Z/review.json,f8bbd3cd9256b33aeb731d98a280a49da00f052fd0d181dcf29d6cb4bc00143d,percentage points,MAE(ratio10) - MAE(balanced),60,3,-0.07636363636363638,f
original_grouping,HC-014,1,IGTB498,music_nnls,300,ratio10,-0.3877982845003954,-0.3274221476537404,-0.7986581939096558,-0.213879042647307,0.289163887321638,-0.5267826839063976,0.8094208867031226,-1.8860545605637704,98,results/music_external_review/20260917T133518483857Z/reference_arrangement_penalties.csv,67d11393f1ae62361838d60f4aeba6a374e9854a6ea36d10606df46bd45989a9,results/music_external_review/20260917T133518483857Z/review.json,f8bbd3cd9256b33aeb731d98a280a49da00f052fd0d181dcf29d6cb4bc00143d,percentage points,MAE(ratio10) - MAE(balanced),60,3,-0.025454545454545452,f
original_grouping,HC-014,2,IGTB1506,music_nnls,300,ratio10,0.2499196254207658,0.2327847092553001,0.1038092744554131,0.4913056657666128,-0.0154120669079254,-0.1574276505079084,0.7143483716565607,0.3628941580618269,116,results/music_external_review/20260917T133518483857Z/reference_arrangement_penalties.csv,67d11393f1ae62361838d60f4aeba6a374e9854a6ea36d10606df46bd45989a9,results/music_external_review/20260917T133518483857Z/review.json,f8bbd3cd9256b33aeb731d98a280a49da00f052fd0d181dcf29d6cb4bc00143d,percentage points,MAE(ratio10) - MAE(balanced),60,3,0.025454545454545452,f
original_grouping,HC-014,2,IGTB508,music_nnls,300,ratio10,0.2052696909775918,0.2279395928272597,0.728377940002945,0.0478917483304543,0.2641783441219307,0.9262004498093668,0.429580404134014,-1.1646107405331665,134,results/music_external_review/20260917T133518483857Z/reference_arrangement_penalties.csv,67d11393f1ae62361838d60f4aeba6a374e9854a6ea36d10606df46bd45989a9,results/music_external_review/20260917T133518483857Z/review.json,f8bbd3cd9256b33aeb731d98a280a49da00f052fd0d181dcf29d6cb4bc00143d,percentage points,MAE(ratio10) - MAE(balanced),60,3,0.07636363636363636,f
original_grouping,HC-014,2,IGTB514,music_nnls,300,ratio10,-0.0855506905248811,0.0173119632294284,1.0917409527206323,-0.1836624790575975,-1.970990671148639,-0.1080453280618286,0.4674517950032615,0.1902015873948935,152,results/music_external_review/20260917T133518483857Z/reference_arrangement_penalties.csv,67d11393f1ae62361838d60f4aeba6a374e9854a6ea36d10606df46bd45989a9,results/music_external_review/20260917T133518483857Z/review.json,f8bbd3cd9256b33aeb731d98a280a49da00f052fd0d181dcf29d6cb4bc00143d,percentage points,MAE(ratio10) - MAE(balanced),60,3,0.12727272727272726,f
original_grouping,HC-014,3,IGTB1650,music_nnls,300,ratio10,-0.6379062136141815,-0.8740812570577015,-0.150725404198847,-0.2108006577727137,0.6351832643273806,-2.1560952879910924,0.1406769554881597,-2.085676151537959,170,results/music_external_review/20260917T133518483857Z/reference_arrangement_penalties.csv,67d11393f1ae62361838d60f4aeba6a374e9854a6ea36d10606df46bd45989a9,results/music_external_review/20260917T133518483857Z/review.json,f8bbd3cd9256b33aeb731d98a280a49da00f052fd0d181dcf29d6cb4bc00143d,percentage points,MAE(ratio10) - MAE(balanced),60,3,0.17818181818181816,f
original_grouping,HC-014,3,IGTB1913,music_nnls,300,ratio10,0.1183768996060656,0.2289202025107554,-0.2264904430070893,-0.2199063864031879,-1.5006810809037792,1.6153938090858269,0.2262740969311057,0.8156714019335134,188,results/music_external_review/20260917T133518483857Z/reference_arrangement_penalties.csv,67d11393f1ae62361838d60f4aeba6a374e9854a6ea36d10606df46bd45989a9,results/music_external_review/20260917T133518483857Z/review.json,f8bbd3cd9256b33aeb731d98a280a49da00f052fd0d181dcf29d6cb4bc00143d,percentage points,MAE(ratio10) - MAE(balanced),60,3,0.22909090909090912,f
original_grouping,HC-014,3,IGTB195,music_nnls,300,ratio10,-0.1508358724771503,-0.2781961202740542,-0.0214217316555798,-0.1854461828561443,0.588794356206445,-0.0280588558301692,0.0757763972627395,-1.3346592179901835,206,results/music_external_review/20260917T133518483857Z/reference_arrangement_penalties.csv,67d11393f1ae62361838d60f4aeba6a374e9854a6ea36d10606df46bd45989a9,results/music_external_review/20260917T133518483857Z/review.json,f8bbd3cd9256b33aeb731d98a280a49da00f052fd0d181dcf29d6cb4bc00143d,percentage points,MAE(ratio10) - MAE(balanced),60,3,0.28,f
original_grouping,HC-502,0,IGTB1506,music_nnls,300,ratio10,-1.0227775771045462,-1.5458286281442477,0.3180590407521187,0.0465475421682894,-3.878922851528557,-2.367906531924249,-0.0280818288566408,-0.2263608332382424,224,results/music_external_review/20260917T133518483857Z/reference_arrangement_penalties.csv,67d11393f1ae62361838d60f4aeba6a374e9854a6ea36d10606df46bd45989a9,results/music_external_review/20260917T133518483857Z/review.json,f8bbd3cd9256b33aeb731d98a280a49da00f052fd0d181dcf29d6cb4bc00143d,percentage points,MAE(ratio10) - MAE(balanced),60,3,0.72,f
original_grouping,HC-502,0,IGTB256,music_nnls,300,ratio10,0.8448696299513527,0.5741541944203762,4.10494169402253,0.2889028744441891,3.700089737572114,1.683883914353967,-0.9483041058518092,-3.760296334832881,242,results/music_external_review/20260917T133518483857Z/reference_arrangement_penalties.csv,67d11393f1ae62361838d60f4aeba6a374e9854a6ea36d10606df46bd45989a9,results/music_external_review/20260917T133518483857Z/review.json,f8bbd3cd9256b33aeb731d98a280a49da00f052fd0d181dcf29d6cb4bc00143d,percentage points,MAE(ratio10) - MAE(balanced),60,3,0.7709090909090909,f
original_grouping,HC-502,0,IGTB514,music_nnls,300,ratio10,0.1855022280161743,-0.0177072344001785,1.816199041728494,-0.4035369899914764,-1.937830101632428,2.312944541184505,-0.2607173378984605,-0.4140457852935892,260,results/music_external_review/20260917T133518483857Z/reference_arrangement_penalties.csv,67d11393f1ae62361838d60f4aeba6a374e9854a6ea36d10606df46bd45989a9,results/music_external_review/20260917T133518483857Z/review.json,f8bbd3cd9256b33aeb731d98a280a49da00f052fd0d181dcf29d6cb4bc00143d,percentage points,MAE(ratio10) - MAE(balanced),60,3,0.8218181818181818,f
original_grouping,HC-502,1,IGTB1650,music_nnls,300,ratio10,-0.3297685993291564,-0.2735659740675846,-0.0743238252808775,0.5131582540064052,-1.1758688687771184,-0.4097141124282269,-0.8714532538861044,0.039590210390976,278,results/music_external_review/20260917T133518483857Z/reference_arrangement_penalties.csv,67d11393f1ae62361838d60f4aeba6a374e9854a6ea36d10606df46bd45989a9,results/music_external_review/20260917T133518483857Z/review.json,f8bbd3cd9256b33aeb731d98a280a49da00f052fd0d181dcf29d6cb4bc00143d,percentage points,MAE(ratio10) - MAE(balanced),60,3,0.8727272727272727,f
original_grouping,HC-502,1,IGTB195,music_nnls,300,ratio10,0.7207875017728248,0.880691023996794,1.3452476531252058,0.6040301808518209,1.4207961640993447,3.439323117133112,-0.9425130420345224,-1.5421590625380317,296,results/music_external_review/20260917T133518483857Z/reference_arrangement_penalties.csv,67d11393f1ae62361838d60f4aeba6a374e9854a6ea36d10606df46bd45989a9,results/music_external_review/20260917T133518483857Z/review.json,f8bbd3cd9256b33aeb731d98a280a49da00f052fd0d181dcf29d6cb4bc00143d,percentage points,MAE(ratio10) - MAE(balanced),60,3,0.9236363636363636,f
original_grouping,HC-502,1,IGTB508,music_nnls,300,ratio10,0.3414896471058573,0.5299504096839681,0.39918402505757,-0.2262429046127235,-1.1929110912865704,2.020809479362588,-0.2232299320489451,1.2713283061632237,314,results/music_external_review/20260917T133518483857Z/reference_arrangement_penalties.csv,67d11393f1ae62361838d60f4aeba6a374e9854a6ea36d10606df46bd45989a9,results/music_external_review/20260917T133518483857Z/review.json,f8bbd3cd9256b33aeb731d98a280a49da00f052fd0d181dcf29d6cb4bc00143d,percentage points,MAE(ratio10) - MAE(balanced),60,3,0.9745454545454546,f
original_grouping,HC-502,2,HC-014,music_nnls,300,ratio10,-0.4805055112197228,-0.9589572285050326,-0.5646799724030737,0.2276245175654215,-3.1342140986373868,-2.673876607551992,0.2499042309338818,3.012208862774806,332,results/music_external_review/20260917T133518483857Z/reference_arrangement_penalties.csv,67d11393f1ae62361838d60f4aeba6a374e9854a6ea36d10606df46bd45989a9,results/music_external_review/20260917T133518483857Z/review.json,f8bbd3cd9256b33aeb731d98a280a49da00f052fd0d181dcf29d6cb4bc00143d,percentage points,MAE(ratio10) - MAE(balanced),60,3,1.0254545454545454,f
original_grouping,HC-502,2,HC-572,music_nnls,300,ratio10,0.9730758954246306,0.8346740785394858,2.305838550285185,0.8822089291414964,-1.0304666974838512,-1.457544309501458,0.2410206363870231,4.897398263719393,350,results/music_external_review/20260917T133518483857Z/reference_arrangement_penalties.csv,67d11393f1ae62361838d60f4aeba6a374e9854a6ea36d10606df46bd45989a9,results/music_external_review/20260917T133518483857Z/review.json,f8bbd3cd9256b33aeb731d98a280a49da00f052fd0d181dcf29d6cb4bc00143d,percentage points,MAE(ratio10) - MAE(balanced),60,3,1.0763636363636364,f
original_grouping,HC-502,2,IGTB1913,music_nnls,300,ratio10,0.6616945494785134,0.6812434414848474,0.1033886138385043,0.4966348770680009,0.0366642143405066,0.8900918161673487,0.0777781767916463,2.3656095986650856,368,results/music_external_review/20260917T133518483857Z/reference_arrangement_penalties.csv,67d11393f1ae62361838d60f4aeba6a374e9854a6ea36d10606df46bd45989a9,results/music_external_review/20260917T133518483857Z/review.json,f8bbd3cd9256b33aeb731d98a280a49da00f052fd0d181dcf29d6cb4bc00143d,percentage points,MAE(ratio10) - MAE(balanced),60,3,1.1272727272727272,f
original_grouping,HC-502,3,IGTB1921,music_nnls,300,ratio10,-1.0430698594968777,-1.1075500457589988,-0.4316889192081879,-0.5069912025164351,-3.027004169843067,-0.4413323499293873,-0.1975082699410748,-1.6538942455430905,386,results/music_external_review/20260917T133518483857Z/reference_arrangement_penalties.csv,67d11393f1ae62361838d60f4aeba6a374e9854a6ea36d10606df46bd45989a9,results/music_external_review/20260917T133518483857Z/review.json,f8bbd3cd9256b33aeb731d98a280a49da00f052fd0d181dcf29d6cb4bc00143d,percentage points,MAE(ratio10) - MAE(balanced),60,3,1.1781818181818182,f
original_grouping,HC-502,3,IGTB1966,music_nnls,300,ratio10,-0.7394412914574094,-0.7246353783092377,-0.6530817646758011,-0.602231026116023,-2.9802263377639746,-0.4278720800776315,-0.1433388436660583,0.3701023035550315,404,results/music_external_review/20260917T133518483857Z/reference_arrangement_penalties.csv,67d11393f1ae62361838d60f4aeba6a374e9854a6ea36d10606df46bd45989a9,results/music_external_review/20260917T133518483857Z/review.json,f8bbd3cd9256b33aeb731d98a280a49da00f052fd0d181dcf29d6cb4bc00143d,percentage points,MAE(ratio10) - MAE(balanced),60,3,1.229090909090909,f
original_grouping,HC-502,3,IGTB826,music_nnls,300,ratio10,-0.3840627042956755,-0.522484530694559,0.1574926280580086,-0.3466310542085299,-0.1692637655589763,0.3815321584273465,-0.1050895836622794,-2.222416608829612,422,results/music_external_review/20260917T133518483857Z/reference_arrangement_penalties.csv,67d11393f1ae62361838d60f4aeba6a374e9854a6ea36d10606df46bd45989a9,results/music_external_review/20260917T133518483857Z/review.json,f8bbd3cd9256b33aeb731d98a280a49da00f052fd0d181dcf29d6cb4bc00143d,percentage points,MAE(ratio10) - MAE(balanced),60,3,1.28,f
original_grouping,HC-572,0,HC-014,music_nnls,300,ratio10,-0.3384261381102371,-0.6123342093918228,-0.0896411282259085,0.0220302656218833,-1.1570702666134818,-2.65181464211782,0.4466174924132531,1.399321450260646,440,results/music_external_review/20260917T133518483857Z/reference_arrangement_penalties.csv,67d11393f1ae62361838d60f4aeba6a374e9854a6ea36d10606df46bd45989a9,results/music_external_review/20260917T133518483857Z/review.json,f8bbd3cd9256b33aeb731d98a280a49da00f052fd0d181dcf29d6cb4bc00143d,percentage points,MAE(ratio10) - MAE(balanced),60,3,1.72,f
original_grouping,HC-572,0,IGTB1921,music_nnls,300,ratio10,-1.0671426736392442,-1.6162326118231063,-0.1259924883930345,0.2959598742056482,-2.6743501171433413,-5.424160312606461,-0.0008138418295814,1.526500843931306,458,results/music_external_review/20260917T133518483857Z/reference_arrangement_penalties.csv,67d11393f1ae62361838d60f4aeba6a374e9854a6ea36d10606df46bd45989a9,results/music_external_review/20260917T133518483857Z/review.json,f8bbd3cd9256b33aeb731d98a280a49da00f052fd0d181dcf29d6cb4bc00143d,percentage points,MAE(ratio10) - MAE(balanced),60,3,1.770909090909091,f
original_grouping,HC-572,0,IGTB826,music_nnls,300,ratio10,-1.0645075801501285,-1.8225338667751751,-0.4821999211343762,0.3414787770351905,-2.275965342240972,-6.2145462779869804,0.4166026249111988,1.8275846585151567,476,results/music_external_review/20260917T133518483857Z/reference_arrangement_penalties.csv,67d11393f1ae62361838d60f4aeba6a374e9854a6ea36d10606df46bd45989a9,results/music_external_review/20260917T133518483857Z/review.json,f8bbd3cd9256b33aeb731d98a280a49da00f052fd0d181dcf29d6cb4bc00143d,percentage points,MAE(ratio10) - MAE(balanced),60,3,1.8218181818181818,f
original_grouping,HC-572,1,HC-502,music_nnls,300,ratio10,-0.515872375861553,-0.5463203701957455,-0.4744204272779583,-0.1655940317829481,-0.9070100751685358,-0.42033138713408,-0.1999410306537241,-0.9279373031520864,494,results/music_external_review/20260917T133518483857Z/reference_arrangement_penalties.csv,67d11393f1ae62361838d60f4aeba6a374e9854a6ea36d10606df46bd45989a9,results/music_external_review/20260917T133518483857Z/review.json,f8bbd3cd9256b33aeb731d98a280a49da00f052fd0d181dcf29d6cb4bc00143d,percentage points,MAE(ratio10) - MAE(balanced),60,3,1.8727272727272728,f
original_grouping,HC-572,1,IGTB1966,music_nnls,300,ratio10,-0.3537606036242252,-0.3743580805855393,-0.2743724012969619,-0.4435694062226854,0.3062650055368667,-0.6301166859084132,-0.2636493840395563,-0.8171207498145956,512,results/music_external_review/20260917T133518483857Z/reference_arrangement_penalties.csv,67d11393f1ae62361838d60f4aeba6a374e9854a6ea36d10606df46bd45989a9,results/music_external_review/20260917T133518483857Z/review.json,f8bbd3cd9256b33aeb731d98a280a49da00f052fd0d181dcf29d6cb4bc00143d,percentage points,MAE(ratio10) - MAE(balanced),60,3,1.9236363636363636,f
original_grouping,HC-572,1,IGTB498,music_nnls,300,ratio10,0.3058745833391503,0.5239786554748884,-0.7064593150749229,-1.049035813116287,0.7999552368462045,2.8954763028842234,0.3807311591046372,-0.4854200706089558,530,results/music_external_review/20260917T133518483857Z/reference_arrangement_penalties.csv,67d11393f1ae62361838d60f4aeba6a374e9854a6ea36d10606df46bd45989a9,results/music_external_review/20260917T133518483857Z/review.json,f8bbd3cd9256b33aeb731d98a280a49da00f052fd0d181dcf29d6cb4bc00143d,percentage points,MAE(ratio10) - MAE(balanced),60,3,1.9745454545454546,f
original_grouping,HC-572,2,IGTB1506,music_nnls,300,ratio10,-0.5056253735704435,-0.6065576391461001,-0.6416398467904417,0.3334514566890953,-0.610307945966797,-1.3019325260516197,-0.0240853776713318,-0.7892380016315759,548,results/music_external_review/20260917T133518483857Z/reference_arrangement_penalties.csv,67d11393f1ae62361838d60f4aeba6a374e9854a6ea36d10606df46bd45989a9,results/music_external_review/20260917T133518483857Z/review.json,f8bbd3cd9256b33aeb731d98a280a49da00f052fd0d181dcf29d6cb4bc00143d,percentage points,MAE(ratio10) - MAE(balanced),60,3,2.0254545454545454,f
original_grouping,HC-572,2,IGTB256,music_nnls,300,ratio10,-1.5070369145795717,-1.6964921189632671,0.2990213519762753,0.1414148536575234,-1.2671300343646952,-5.759002163469954,0.4324337211181477,-2.888959216394733,566,results/music_external_review/20260917T133518483857Z/reference_arrangement_penalties.csv,67d11393f1ae62361838d60f4aeba6a374e9854a6ea36d10606df46bd45989a9,results/music_external_review/20260917T133518483857Z/review.json,f8bbd3cd9256b33aeb731d98a280a49da00f052fd0d181dcf29d6cb4bc00143d,percentage points,MAE(ratio10) - MAE(balanced),60,3,2.076363636363636,f
original_grouping,HC-572,2,IGTB514,music_nnls,300,ratio10,-0.536186350122412,-0.7144737395330107,0.9138816924068972,-0.0856294397481169,0.4566524211476653,-2.6233467530721395,0.2933493879696796,-2.1720254094384464,584,results/music_external_review/20260917T133518483857Z/reference_arrangement_penalties.csv,67d11393f1ae62361838d60f4aeba6a374e9854a6ea36d10606df46bd45989a9,results/music_external_review/20260917T133518483857Z/review.json,f8bbd3cd9256b33aeb731d98a280a49da00f052fd0d181dcf29d6cb4bc00143d,percentage points,MAE(ratio10) - MAE(balanced),60,3,2.1272727272727274,f
original_grouping,HC-572,3,IGTB1650,music_nnls,300,ratio10,0.1276851105930878,0.1030849720316412,-0.1734064936575104,-0.2833553031762512,-0.1909751333153199,0.3022552258824719,0.3627612465145663,0.7488311213105676,602,results/music_external_review/20260917T133518483857Z/reference_arrangement_penalties.csv,67d11393f1ae62361838d60f4aeba6a374e9854a6ea36d10606df46bd45989a9,results/music_external_review/20260917T133518483857Z/review.json,f8bbd3cd9256b33aeb731d98a280a49da00f052fd0d181dcf29d6cb4bc00143d,percentage points,MAE(ratio10) - MAE(balanced),60,3,2.178181818181818,f
original_grouping,HC-572,3,IGTB195,music_nnls,300,ratio10,0.1430880796043196,0.2406086372799148,0.1928108730718194,-0.0143265312854102,-0.955314667386332,-0.0918826692588388,0.4389483476363582,1.288293124848321,620,results/music_external_review/20260917T133518483857Z/reference_arrangement_penalties.csv,67d11393f1ae62361838d60f4aeba6a374e9854a6ea36d10606df46bd45989a9,results/music_external_review/20260917T133518483857Z/review.json,f8bbd3cd9256b33aeb731d98a280a49da00f052fd0d181dcf29d6cb4bc00143d,percentage points,MAE(ratio10) - MAE(balanced),60,3,2.229090909090909,f
original_grouping,HC-572,3,IGTB508,music_nnls,300,ratio10,0.1535036759342628,0.2399462200745891,-0.2662059567915465,-0.3486048587059888,-0.8124631269600362,0.4277011501859535,0.1710496135333957,1.7495452343437932,638,results/music_external_review/20260917T133518483857Z/reference_arrangement_penalties.csv,67d11393f1ae62361838d60f4aeba6a374e9854a6ea36d10606df46bd45989a9,results/music_external_review/20260917T133518483857Z/review.json,f8bbd3cd9256b33aeb731d98a280a49da00f052fd0d181dcf29d6cb4bc00143d,percentage points,MAE(ratio10) - MAE(balanced),60,3,2.2800000000000002,f
original_grouping,IGTB1506,0,IGTB1650,music_nnls,300,ratio10,-0.7047672921901006,-0.9576810447795252,-0.270168990335962,0.2077346387600084,-1.2528712626451115,-1.6642858076275622,-0.1338223456352362,-1.1151899856567289,656,results/music_external_review/20260917T133518483857Z/reference_arrangement_penalties.csv,67d11393f1ae62361838d60f4aeba6a374e9854a6ea36d10606df46bd45989a9,results/music_external_review/20260917T133518483857Z/review.json,f8bbd3cd9256b33aeb731d98a280a49da00f052fd0d181dcf29d6cb4bc00143d,percentage points,MAE(ratio10) - MAE(balanced),60,3,2.7199999999999998,f
original_grouping,IGTB1506,0,IGTB195,music_nnls,300,ratio10,-0.248561907748482,-0.4343240764786615,0.1077194063857562,0.3351616057624753,-0.7434829216828296,-0.8390917643746146,-0.2980048454554538,-0.0536729271262095,674,results/music_external_review/20260917T133518483857Z/reference_arrangement_penalties.csv,67d11393f1ae62361838d60f4aeba6a374e9854a6ea36d10606df46bd45989a9,results/music_external_review/20260917T133518483857Z/review.json,f8bbd3cd9256b33aeb731d98a280a49da00f052fd0d181dcf29d6cb4bc00143d,percentage points,MAE(ratio10) - MAE(balanced),60,3,2.770909090909091,f
original_grouping,IGTB1506,0,IGTB508,music_nnls,300,ratio10,-0.3935541128257518,-0.4007476091053066,-0.20974730908515,0.1078586073831911,-0.4931144820525431,-0.4109725403044117,-0.4568627247724015,-0.8984862281231908,692,results/music_external_review/20260917T133518483857Z/reference_arrangement_penalties.csv,67d11393f1ae62361838d60f4aeba6a374e9854a6ea36d10606df46bd45989a9,results/music_external_review/20260917T133518483857Z/review.json,f8bbd3cd9256b33aeb731d98a280a49da00f052fd0d181dcf29d6cb4bc00143d,percentage points,MAE(ratio10) - MAE(balanced),60,3,2.821818181818182,f
original_grouping,IGTB1506,1,HC-014,music_nnls,300,ratio10,-0.1629196677508595,-0.056096782837477,-1.461819436802372,-0.5046641063804973,1.058631313819872,0.0158200906379336,-0.1049915613658107,0.0195056935857228,710,results/music_external_review/20260917T133518483857Z/reference_arrangement_penalties.csv,67d11393f1ae62361838d60f4aeba6a374e9854a6ea36d10606df46bd45989a9,results/music_external_review/20260917T133518483857Z/review.json,f8bbd3cd9256b33aeb731d98a280a49da00f052fd0d181dcf29d6cb4bc00143d,percentage points,MAE(ratio10) - MAE(balanced),60,3,2.8727272727272726,f
original_grouping,IGTB1506,1,HC-572,music_nnls,300,ratio10,-0.0815029170354626,-0.0648194115232929,1.616470635944271,-0.3684295128246758,-1.275108091571581,-0.4381440503327297,-0.0535967817692711,0.0297902983412221,728,results/music_external_review/20260917T133518483857Z/reference_arrangement_penalties.csv,67d11393f1ae62361838d60f4aeba6a374e9854a6ea36d10606df46bd45989a9,results/music_external_review/20260917T133518483857Z/review.json,f8bbd3cd9256b33aeb731d98a280a49da00f052fd0d181dcf29d6cb4bc00143d,percentage points,MAE(ratio10) - MAE(balanced),60,3,2.923636363636364,f
original_grouping,IGTB1506,1,IGTB1913,music_nnls,300,ratio10,-0.2517075224721987,-0.2432377322304777,-0.5226976475082405,-0.4470701158620012,0.1135041552421568,-0.7601984289515664,0.2652689843798788,-0.1590520821334131,746,results/music_external_review/20260917T133518483857Z/reference_arrangement_penalties.csv,67d11393f1ae62361838d60f4aeba6a374e9854a6ea36d10606df46bd45989a9,results/music_external_review/20260917T133518483857Z/review.json,f8bbd3cd9256b33aeb731d98a280a49da00f052fd0d181dcf29d6cb4bc00143d,percentage points,MAE(ratio10) - MAE(balanced),60,3,2.9745454545454546,f
original_grouping,IGTB1506,2,IGTB1921,music_nnls,300,ratio10,0.1148412946437206,0.2755893907766951,0.0130172304104289,-0.1509246986892605,0.9659817845319212,0.699315448535617,0.211617294000271,-1.049959290926657,764,results/music_external_review/20260917T133518483857Z/reference_arrangement_penalties.csv,67d11393f1ae62361838d60f4aeba6a374e9854a6ea36d10606df46bd45989a9,results/music_external_review/20260917T133518483857Z/review.json,f8bbd3cd9256b33aeb731d98a280a49da00f052fd0d181dcf29d6cb4bc00143d,percentage points,MAE(ratio10) - MAE(balanced),60,3,3.0254545454545454,f
original_grouping,IGTB1506,2,IGTB1966,music_nnls,300,ratio10,0.2467531400875621,0.3032288532837368,0.8889049386545876,-0.1187440127219273,0.4177110958004491,0.1976745347596736,0.5984260925279715,-0.5034538084953766,782,results/music_external_review/20260917T133518483857Z/reference_arrangement_penalties.csv,67d11393f1ae62361838d60f4aeba6a374e9854a6ea36d10606df46bd45989a9,results/music_external_review/20260917T133518483857Z/review.json,f8bbd3cd9256b33aeb731d98a280a49da00f052fd0d181dcf29d6cb4bc00143d,percentage points,MAE(ratio10) - MAE(balanced),60,3,3.076363636363636,f
original_grouping,IGTB1506,2,IGTB826,music_nnls,300,ratio10,-0.2738149952414448,-0.2289985144153252,-0.1342652650704817,-0.097636959059823,-0.4581300631985346,-0.110319866783147,0.3723891381905021,-1.2149269555271809,800,results/music_external_review/20260917T133518483857Z/reference_arrangement_penalties.csv,67d11393f1ae62361838d60f4aeba6a374e9854a6ea36d10606df46bd45989a9,results/music_external_review/20260917T133518483857Z/review.json,f8bbd3cd9256b33aeb731d98a280a49da00f052fd0d181dcf29d6cb4bc00143d,percentage points,MAE(ratio10) - MAE(balanced),60,3,3.1272727272727274,f
original_grouping,IGTB1506,3,HC-502,music_nnls,300,ratio10,-1.1026338923730603,-2.0105319556876347,0.0486175631207059,-0.1202250169869254,-5.834707263345576,-2.449833620307478,0.4467240954541118,1.2936208878267863,818,results/music_external_review/20260917T133518483857Z/reference_arrangement_penalties.csv,67d11393f1ae62361838d60f4aeba6a374e9854a6ea36d10606df46bd45989a9,results/music_external_review/20260917T133518483857Z/review.json,f8bbd3cd9256b33aeb731d98a280a49da00f052fd0d181dcf29d6cb4bc00143d,percentage points,MAE(ratio10) - MAE(balanced),60,3,3.178181818181818,f
original_grouping,IGTB1506,3,IGTB256,music_nnls,300,ratio10,-0.0074690322093056,-0.4655265921422172,0.0839622260234908,0.7854509768292365,-0.8257174096844325,-1.5885290630935882,0.4938543570479674,1.006164719621484,836,results/music_external_review/20260917T133518483857Z/reference_arrangement_penalties.csv,67d11393f1ae62361838d60f4aeba6a374e9854a6ea36d10606df46bd45989a9,results/music_external_review/20260917T133518483857Z/review.json,f8bbd3cd9256b33aeb731d98a280a49da00f052fd0d181dcf29d6cb4bc00143d,percentage points,MAE(ratio10) - MAE(balanced),60,3,3.229090909090909,f
original_grouping,IGTB1506,3,IGTB498,music_nnls,300,ratio10,-0.5727419439831879,-1.1930153914051531,0.7623785671497115,-0.0192450056559282,-3.2631007277455804,-2.274959618569739,0.1259204182286744,1.2325547026937096,854,results/music_external_review/20260917T133518483857Z/reference_arrangement_penalties.csv,67d11393f1ae62361838d60f4aeba6a374e9854a6ea36d10606df46bd45989a9,results/music_external_review/20260917T133518483857Z/review.json,f8bbd3cd9256b33aeb731d98a280a49da00f052fd0d181dcf29d6cb4bc00143d,percentage points,MAE(ratio10) - MAE(balanced),60,3,3.2800000000000002,f
original_grouping,IGTB1650,0,HC-572,music_nnls,300,ratio10,-0.3308783332072395,-0.3239442229481208,0.4116344574132137,-1.7222610263800546,-0.4114911975508687,-0.3967753639435429,-0.140231508340402,0.2738546395582282,872,results/music_external_review/20260917T133518483857Z/reference_arrangement_penalties.csv,67d11393f1ae62361838d60f4aeba6a374e9854a6ea36d10606df46bd45989a9,results/music_external_review/20260917T133518483857Z/review.json,f8bbd3cd9256b33aeb731d98a280a49da00f052fd0d181dcf29d6cb4bc00143d,percentage points,MAE(ratio10) - MAE(balanced),60,3,3.7199999999999998,f
original_grouping,IGTB1650,0,IGTB1913,music_nnls,300,ratio10,-0.1312469761213086,-0.2612227917606922,2.3497176385747096,-1.2955812665143067,-0.9993241357061304,-1.3600644342030148,-0.0144062613188604,0.5321766024397406,890,results/music_external_review/20260917T133518483857Z/reference_arrangement_penalties.csv,67d11393f1ae62361838d60f4aeba6a374e9854a6ea36d10606df46bd45989a9,results/music_external_review/20260917T133518483857Z/review.json,f8bbd3cd9256b33aeb731d98a280a49da00f052fd0d181dcf29d6cb4bc00143d,percentage points,MAE(ratio10) - MAE(balanced),60,3,3.770909090909091,f
original_grouping,IGTB1650,0,IGTB195,music_nnls,300,ratio10,-0.0844633899396423,-0.1832944559134166,2.458565583213492,-1.7783070789257336,-0.4707672022964635,-0.1691347923041936,-0.1183293711700065,-0.4288074781549463,908,results/music_external_review/20260917T133518483857Z/reference_arrangement_penalties.csv,67d11393f1ae62361838d60f4aeba6a374e9854a6ea36d10606df46bd45989a9,results/music_external_review/20260917T133518483857Z/review.json,f8bbd3cd9256b33aeb731d98a280a49da00f052fd0d181dcf29d6cb4bc00143d,percentage points,MAE(ratio10) - MAE(balanced),60,3,3.821818181818182,f
original_grouping,IGTB1650,1,HC-014,music_nnls,300,ratio10,-0.3155069862709889,-0.6084559274004622,-3.757717534493045,0.1242838479712594,0.3974627046448268,-0.7599908733240781,1.244440862244571,0.8584790753305416,926,results/music_external_review/20260917T133518483857Z/reference_arrangement_penalties.csv,67d11393f1ae62361838d60f4aeba6a374e9854a6ea36d10606df46bd45989a9,results/music_external_review/20260917T133518483857Z/review.json,f8bbd3cd9256b33aeb731d98a280a49da00f052fd0d181dcf29d6cb4bc00143d,percentage points,MAE(ratio10) - MAE(balanced),60,3,3.8727272727272726,f
original_grouping,IGTB1650,1,IGTB1921,music_nnls,300,ratio10,-0.6172394292691624,-0.8782540880711581,-4.685684365828042,0.5791331580470123,0.4009533841489947,-0.7614184828465166,-0.033524954520957,0.7971046853845446,944,results/music_external_review/20260917T133518483857Z/reference_arrangement_penalties.csv,67d11393f1ae62361838d60f4aeba6a374e9854a6ea36d10606df46bd45989a9,results/music_external_review/20260917T133518483857Z/review.json,f8bbd3cd9256b33aeb731d98a280a49da00f052fd0d181dcf29d6cb4bc00143d,percentage points,MAE(ratio10) - MAE(balanced),60,3,3.923636363636364,f
original_grouping,IGTB1650,1,IGTB826,music_nnls,300,ratio10,-0.6119962985083014,-0.8531737542975955,-4.275497195385756,0.550765910841865,0.1212548395830716,-0.944221960599236,0.4881727035280256,0.3875479109822025,962,results/music_external_review/20260917T133518483857Z/reference_arrangement_penalties.csv,67d11393f1ae62361838d60f4aeba6a374e9854a6ea36d10606df46bd45989a9,results/music_external_review/20260917T133518483857Z/review.json,f8bbd3cd9256b33aeb731d98a280a49da00f052fd0d181dcf29d6cb4bc00143d,percentage points,MAE(ratio10) - MAE(balanced),60,3,3.9745454545454546,f
original_grouping,IGTB1650,2,HC-502,music_nnls,300,ratio10,-0.111891474399732,-0.1751746650984157,-0.1099925955103845,0.4892376945985413,-0.3570516166919163,-0.7196659639645873,-0.2302889679633863,0.2564126031333378,980,results/music_external_review/20260917T133518483857Z/reference_arrangement_penalties.csv,67d11393f1ae62361838d60f4aeba6a374e9854a6ea36d10606df46bd45989a9,results/music_external_review/20260917T133518483857Z/review.json,f8bbd3cd9256b33aeb731d98a280a49da00f052fd0d181dcf29d6cb4bc00143d,percentage points,MAE(ratio10) - MAE(balanced),60,3,4.025454545454545,f
original_grouping,IGTB1650,2,IGTB1966,music_nnls,300,ratio10,0.4313287247527496,0.3643629728649747,1.456471869360609,1.5411554470115527,0.0359215366789174,-1.1677303230720573,-0.2435616793485675,0.9657154978860584,998,results/music_external_review/20260917T133518483857Z/reference_arrangement_penalties.csv,67d11393f1ae62361838d60f4aeba6a374e9854a6ea36d10606df46bd45989a9,results/music_external_review/20260917T133518483857Z/review.json,f8bbd3cd9256b33aeb731d98a280a49da00f052fd0d181dcf29d6cb4bc00143d,percentage points,MAE(ratio10) - MAE(balanced),60,3,4.076363636363636,f
original_grouping,IGTB1650,2,IGTB498,music_nnls,300,ratio10,1.029410554433524,1.08980664671664,2.5200560762261044,0.636728455378151,2.3319972145461345,0.0,0.2086186125242657,0.4790629679265102,1016,results/music_external_review/20260917T133518483857Z/reference_arrangement_penalties.csv,67d11393f1ae62361838d60f4aeba6a374e9854a6ea36d10606df46bd45989a9,results/music_external_review/20260917T133518483857Z/review.json,f8bbd3cd9256b33aeb731d98a280a49da00f052fd0d181dcf29d6cb4bc00143d,percentage points,MAE(ratio10) - MAE(balanced),60,3,4.127272727272727,f
original_grouping,IGTB1650,3,IGTB1506,music_nnls,300,ratio10,-0.01747245626963,-0.136841876016398,2.055741894782356,-1.1325121863428498,-1.596528711923146,-0.6970746069947604,0.9363310054317314,0.3292078674288922,1034,results/music_external_review/20260917T133518483857Z/reference_arrangement_penalties.csv,67d11393f1ae62361838d60f4aeba6a374e9854a6ea36d10606df46bd45989a9,results/music_external_review/20260917T133518483857Z/review.json,f8bbd3cd9256b33aeb731d98a280a49da00f052fd0d181dcf29d6cb4bc00143d,percentage points,MAE(ratio10) - MAE(balanced),60,3,4.178181818181818,f
original_grouping,IGTB1650,3,IGTB256,music_nnls,300,ratio10,0.482070178747087,0.484725935483615,2.3381190014303126,0.2086710704355699,1.8339060344114928,0.1055529296692571,-0.1942834602271078,-1.399544503237005,1052,results/music_external_review/20260917T133518483857Z/reference_arrangement_penalties.csv,67d11393f1ae62361838d60f4aeba6a374e9854a6ea36d10606df46bd45989a9,results/music_external_review/20260917T133518483857Z/review.json,f8bbd3cd9256b33aeb731d98a280a49da00f052fd0d181dcf29d6cb4bc00143d,percentage points,MAE(ratio10) - MAE(balanced),60,3,4.2290909090909095,f
original_grouping,IGTB1650,3,IGTB514,music_nnls,300,ratio10,0.7249271141228282,0.9347418148338174,2.2882036264848438,-0.1639834276233803,1.855935884857128,0.7014065829304996,-0.2900181974908276,-0.0419817844212993,1070,results/music_external_review/20260917T133518483857Z/reference_arrangement_penalties.csv,67d11393f1ae62361838d60f4aeba6a374e9854a6ea36d10606df46bd45989a9,results/music_external_review/20260917T133518483857Z/review.json,f8bbd3cd9256b33aeb731d98a280a49da00f052fd0d181dcf29d6cb4bc00143d,percentage points,MAE(ratio10) - MAE(balanced),60,3,4.28,f
original_grouping,IGTB1913,0,HC-014,music_nnls,300,ratio10,-0.2190547518872428,-0.2120644064274498,-0.090383604658275,-0.3521087450416342,-0.4031249383539702,-0.0098127697578954,-0.4494266719094574,-0.0094717816022174,1088,results/music_external_review/20260917T133518483857Z/reference_arrangement_penalties.csv,67d11393f1ae62361838d60f4aeba6a374e9854a6ea36d10606df46bd45989a9,results/music_external_review/20260917T133518483857Z/review.json,f8bbd3cd9256b33aeb731d98a280a49da00f052fd0d181dcf29d6cb4bc00143d,percentage points,MAE(ratio10) - MAE(balanced),60,3,4.72,f
original_grouping,IGTB1913,0,HC-572,music_nnls,300,ratio10,-0.7413598681984896,-1.1813189298682,-4.652065272620751,0.4318470750308049,0.0288259210973104,-0.0389908668328957,-0.5304264404612743,0.3126503745958608,1106,results/music_external_review/20260917T133518483857Z/reference_arrangement_penalties.csv,67d11393f1ae62361838d60f4aeba6a374e9854a6ea36d10606df46bd45989a9,results/music_external_review/20260917T133518483857Z/review.json,f8bbd3cd9256b33aeb731d98a280a49da00f052fd0d181dcf29d6cb4bc00143d,percentage points,MAE(ratio10) - MAE(balanced),60,3,4.7709090909090905,f
original_grouping,IGTB1913,0,IGTB1921,music_nnls,300,ratio10,-0.2646447330175291,-0.2981320396808933,-0.2009600260491493,-0.521259573550221,-0.9338053796509092,-0.2323653766487806,0.4635767404749522,-0.1630547826810891,1124,results/music_external_review/20260917T133518483857Z/reference_arrangement_penalties.csv,67d11393f1ae62361838d60f4aeba6a374e9854a6ea36d10606df46bd45989a9,results/music_external_review/20260917T133518483857Z/review.json,f8bbd3cd9256b33aeb731d98a280a49da00f052fd0d181dcf29d6cb4bc00143d,percentage points,MAE(ratio10) - MAE(balanced),60,3,4.821818181818182,f
original_grouping,IGTB1913,1,IGTB1966,music_nnls,300,ratio10,-0.2264279535263542,-0.4501623482422521,-4.551679371877882,0.9270605890537312,0.3638556322031148,0.8842546321408687,0.3069534947029683,0.7109873026190661,1142,results/music_external_review/20260917T133518483857Z/reference_arrangement_penalties.csv,67d11393f1ae62361838d60f4aeba6a374e9854a6ea36d10606df46bd45989a9,results/music_external_review/20260917T133518483857Z/review.json,f8bbd3cd9256b33aeb731d98a280a49da00f052fd0d181dcf29d6cb4bc00143d,percentage points,MAE(ratio10) - MAE(balanced),60,3,4.872727272727273,f
original_grouping,IGTB1913,1,IGTB498,music_nnls,300,ratio10,0.6580030500744579,0.9425377546370668,-3.945110191049384,0.3439174767320621,2.549566861843368,5.086277280492222,0.2978923172315855,-0.3845254448031347,1160,results/music_external_review/20260917T133518483857Z/reference_arrangement_penalties.csv,67d11393f1ae62361838d60f4aeba6a374e9854a6ea36d10606df46bd45989a9,results/music_external_review/20260917T133518483857Z/review.json,f8bbd3cd9256b33aeb731d98a280a49da00f052fd0d181dcf29d6cb4bc00143d,percentage points,MAE(ratio10) - MAE(balanced),60,3,4.923636363636364,f
original_grouping,IGTB1913,1,IGTB826,music_nnls,300,ratio10,-0.0207013343213761,-0.0111847846701942,-2.316178731847433,0.7296799930066952,-1.329714794808019,2.4178343714165145,0.2467956240030047,0.1273755323009658,1178,results/music_external_review/20260917T133518483857Z/reference_arrangement_penalties.csv,67d11393f1ae62361838d60f4aeba6a374e9854a6ea36d10606df46bd45989a9,results/music_external_review/20260917T133518483857Z/review.json,f8bbd3cd9256b33aeb731d98a280a49da00f052fd0d181dcf29d6cb4bc00143d,percentage points,MAE(ratio10) - MAE(balanced),60,3,4.974545454545455,f
original_grouping,IGTB1913,2,HC-502,music_nnls,300,ratio10,-0.2877395548551807,-0.6179013299374153,2.8127083117183984,-0.5395306793437652,-3.603912669412769,-0.6723467363929088,0.0848342141041201,0.1918102301958571,1196,results/music_external_review/20260917T133518483857Z/reference_arrangement_penalties.csv,67d11393f1ae62361838d60f4aeba6a374e9854a6ea36d10606df46bd45989a9,results/music_external_review/20260917T133518483857Z/review.json,f8bbd3cd9256b33aeb731d98a280a49da00f052fd0d181dcf29d6cb4bc00143d,percentage points,MAE(ratio10) - MAE(balanced),60,3,5.025454545454545,f
original_grouping,IGTB1913,2,IGTB256,music_nnls,300,ratio10,0.0007558660860015,-0.2173941549742907,-0.0985374282057249,0.8896728250768421,0.3098126170359699,-1.9164811132675368,0.1644022148001931,0.6556660810762778,1214,results/music_external_review/20260917T133518483857Z/reference_arrangement_penalties.csv,67d11393f1ae62361838d60f4aeba6a374e9854a6ea36d10606df46bd45989a9,results/music_external_review/20260917T133518483857Z/review.json,f8bbd3cd9256b33aeb731d98a280a49da00f052fd0d181dcf29d6cb4bc00143d,percentage points,MAE(ratio10) - MAE(balanced),60,3,5.076363636363636,f
original_grouping,IGTB1913,2,IGTB514,music_nnls,300,ratio10,0.7497692927917519,0.7853940823295743,4.362880026427769,0.0634049463926799,-1.417067157964706,0.1420401718364629,0.4911343582267924,0.8562234118315106,1232,results/music_external_review/20260917T133518483857Z/reference_arrangement_penalties.csv,67d11393f1ae62361838d60f4aeba6a374e9854a6ea36d10606df46bd45989a9,results/music_external_review/20260917T133518483857Z/review.json,f8bbd3cd9256b33aeb731d98a280a49da00f052fd0d181dcf29d6cb4bc00143d,percentage points,MAE(ratio10) - MAE(balanced),60,3,5.127272727272727,f
original_grouping,IGTB1913,3,IGTB1506,music_nnls,300,ratio10,-0.040393405876028,-0.0896909658924125,-0.7895557307984657,-0.0083069479598753,1.195079532685943,-0.2629396827904521,-0.4777788989005462,0.1011412925072343,1250,results/music_external_review/20260917T133518483857Z/reference_arrangement_penalties.csv,67d11393f1ae62361838d60f4aeba6a374e9854a6ea36d10606df46bd45989a9,results/music_external_review/20260917T133518483857Z/review.json,f8bbd3cd9256b33aeb731d98a280a49da00f052fd0d181dcf29d6cb4bc00143d,percentage points,MAE(ratio10) - MAE(balanced),60,3,5.178181818181818,f
original_grouping,IGTB1913,3,IGTB1650,music_nnls,300,ratio10,0.8211787572735599,0.919597394859198,-0.1322945566059321,0.5525660264902391,3.087770224892653,2.862658592828911,0.1614519807776869,-1.6050797247421875,1268,results/music_external_review/20260917T133518483857Z/reference_arrangement_penalties.csv,67d11393f1ae62361838d60f4aeba6a374e9854a6ea36d10606df46bd45989a9,results/music_external_review/20260917T133518483857Z/review.json,f8bbd3cd9256b33aeb731d98a280a49da00f052fd0d181dcf29d6cb4bc00143d,percentage points,MAE(ratio10) - MAE(balanced),60,3,5.2290909090909095,f
original_grouping,IGTB1913,3,IGTB508,music_nnls,300,ratio10,0.3228790013502465,0.5080600242377058,-0.4883275172479028,-0.2070212094252059,1.5331029230066586,2.0647461914312477,-0.4671810174215832,-0.4980453622417405,1286,results/music_external_review/20260917T133518483857Z/reference_arrangement_penalties.csv,67d11393f1ae62361838d60f4aeba6a374e9854a6ea36d10606df46bd45989a9,results/music_external_review/20260917T133518483857Z/review.json,f8bbd3cd9256b33aeb731d98a280a49da00f052fd0d181dcf29d6cb4bc00143d,percentage points,MAE(ratio10) - MAE(balanced),60,3,5.28,f
original_grouping,IGTB1921,0,IGTB1966,music_nnls,300,ratio10,-0.813956590069369,-1.4820947175016783,-1.52926002506585,0.8706780237826058,-2.466004355242611,-3.691277644359086,0.5947950220320811,1.3373294384366312,1304,results/music_external_review/20260917T133518483857Z/reference_arrangement_penalties.csv,67d11393f1ae62361838d60f4aeba6a374e9854a6ea36d10606df46bd45989a9,results/music_external_review/20260917T133518483857Z/review.json,f8bbd3cd9256b33aeb731d98a280a49da00f052fd0d181dcf29d6cb4bc00143d,percentage points,MAE(ratio10) - MAE(balanced),60,3,5.72,f
original_grouping,IGTB1921,0,IGTB498,music_nnls,300,ratio10,0.7012960743069763,1.3057441804313703,-1.0069028833759777,0.0794162356128214,2.464516374902446,2.7924766403661465,-0.0726639098668795,-0.0490660117967063,1322,results/music_external_review/20260917T133518483857Z/reference_arrangement_penalties.csv,67d11393f1ae62361838d60f4aeba6a374e9854a6ea36d10606df46bd45989a9,results/music_external_review/20260917T133518483857Z/review.json,f8bbd3cd9256b33aeb731d98a280a49da00f052fd0d181dcf29d6cb4bc00143d,percentage points,MAE(ratio10) - MAE(balanced),60,3,5.7709090909090905,f
original_grouping,IGTB1921,0,IGTB826,music_nnls,300,ratio10,0.6478945825514909,0.8434762419784693,-0.0911602643144461,0.7596448951524563,1.1080684244840129,1.571085999188398,0.3806963391990922,0.1590321015994247,1340,results/music_external_review/20260917T133518483857Z/reference_arrangement_penalties.csv,67d11393f1ae62361838d60f4aeba6a374e9854a6ea36d10606df46bd45989a9,results/music_external_review/20260917T133518483857Z/review.json,f8bbd3cd9256b33aeb731d98a280a49da00f052fd0d181dcf29d6cb4bc00143d,percentage points,MAE(ratio10) - MAE(balanced),60,3,5.821818181818182,f
original_grouping,IGTB1921,1,HC-502,music_nnls,300,ratio10,-0.1885073127696718,-0.5261635502691143,0.9360362361421134,-0.564279910681477,-1.7548592690676648,-0.576481052114519,0.1540169548848623,0.6745231642186716,1358,results/music_external_review/20260917T133518483857Z/reference_arrangement_penalties.csv,67d11393f1ae62361838d60f4aeba6a374e9854a6ea36d10606df46bd45989a9,results/music_external_review/20260917T133518483857Z/review.json,f8bbd3cd9256b33aeb731d98a280a49da00f052fd0d181dcf29d6cb4bc00143d,percentage points,MAE(ratio10) - MAE(balanced),60,3,5.872727272727273,f
original_grouping,IGTB1921,1,IGTB256,music_nnls,300,ratio10,0.5206412398999195,0.5735313194047746,0.5825187943455984,0.3587730580119767,1.129760962740287,0.2811036827378647,0.0987767292381143,0.6729142123256753,1376,results/music_external_review/20260917T133518483857Z/reference_arrangement_penalties.csv,67d11393f1ae62361838d60f4aeba6a374e9854a6ea36d10606df46bd45989a9,results/music_external_review/20260917T133518483857Z/review.json,f8bbd3cd9256b33aeb731d98a280a49da00f052fd0d181dcf29d6cb4bc00143d,percentage points,MAE(ratio10) - MAE(balanced),60,3,5.923636363636364,f
original_grouping,IGTB1921,1,IGTB514,music_nnls,300,ratio10,0.402614840575696,0.1080093241856139,1.5201195915761048,0.3203187646945258,-1.121206018510926,-0.3911163147561536,0.4021103490531066,1.6854626713975167,1394,results/music_external_review/20260917T133518483857Z/reference_arrangement_penalties.csv,67d11393f1ae62361838d60f4aeba6a374e9854a6ea36d10606df46bd45989a9,results/music_external_review/20260917T133518483857Z/review.json,f8bbd3cd9256b33aeb731d98a280a49da00f052fd0d181dcf29d6cb4bc00143d,percentage points,MAE(ratio10) - MAE(balanced),60,3,5.974545454545455,f
original_grouping,IGTB1921,2,IGTB1506,music_nnls,300,ratio10,-0.5581464632032743,-0.6146380256681817,-0.4626829291702919,-0.0325595977403439,-0.5476546654192789,-0.9892457557652448,-0.8269336477446186,-0.4898021833798758,1412,results/music_external_review/20260917T133518483857Z/reference_arrangement_penalties.csv,67d11393f1ae62361838d60f4aeba6a374e9854a6ea36d10606df46bd45989a9,results/music_external_review/20260917T133518483857Z/review.json,f8bbd3cd9256b33aeb731d98a280a49da00f052fd0d181dcf29d6cb4bc00143d,percentage points,MAE(ratio10) - MAE(balanced),60,3,6.025454545454545,f
original_grouping,IGTB1921,2,IGTB1650,music_nnls,300,ratio10,-1.3677002293917773,-1.741597079850608,-0.571782717217373,-0.1147061024076125,-2.1942681248364786,-3.235139324776528,-0.5054943478653471,-1.5848107592473146,1430,results/music_external_review/20260917T133518483857Z/reference_arrangement_penalties.csv,67d11393f1ae62361838d60f4aeba6a374e9854a6ea36d10606df46bd45989a9,results/music_external_review/20260917T133518483857Z/review.json,f8bbd3cd9256b33aeb731d98a280a49da00f052fd0d181dcf29d6cb4bc00143d,percentage points,MAE(ratio10) - MAE(balanced),60,3,6.076363636363636,f
original_grouping,IGTB1921,2,IGTB508,music_nnls,300,ratio10,-0.6297118049508579,-0.7622443728466796,-0.5201035726275097,-0.0531595488559175,-0.6149837564524572,-1.576433352343345,-0.4792677995011157,-0.5343227999248126,1448,results/music_external_review/20260917T133518483857Z/reference_arrangement_penalties.csv,67d11393f1ae62361838d60f4aeba6a374e9854a6ea36d10606df46bd45989a9,results/music_external_review/20260917T133518483857Z/review.json,f8bbd3cd9256b33aeb731d98a280a49da00f052fd0d181dcf29d6cb4bc00143d,percentage points,MAE(ratio10) - MAE(balanced),60,3,6.127272727272727,f
original_grouping,IGTB1921,3,HC-572,music_nnls,300,ratio10,-0.1722165265170837,-0.1883826762766451,0.078722147147405,-0.6553702237100354,0.0112678958784682,-0.1329599699563944,-0.8535586983969128,0.5185996899349868,1466,results/music_external_review/20260917T133518483857Z/reference_arrangement_penalties.csv,67d11393f1ae62361838d60f4aeba6a374e9854a6ea36d10606df46bd45989a9,results/music_external_review/20260917T133518483857Z/review.json,f8bbd3cd9256b33aeb731d98a280a49da00f052fd0d181dcf29d6cb4bc00143d,percentage points,MAE(ratio10) - MAE(balanced),60,3,6.178181818181818,f
original_grouping,IGTB1921,3,IGTB1913,music_nnls,300,ratio10,-0.2730618841907079,-0.4821994506393342,0.6735240045307586,-0.5955308182121803,-0.804023850754672,-0.9532825016807244,-0.3450293924202534,0.3859712533928204,1484,results/music_external_review/20260917T133518483857Z/reference_arrangement_penalties.csv,67d11393f1ae62361838d60f4aeba6a374e9854a6ea36d10606df46bd45989a9,results/music_external_review/20260917T133518483857Z/review.json,f8bbd3cd9256b33aeb731d98a280a49da00f052fd0d181dcf29d6cb4bc00143d,percentage points,MAE(ratio10) - MAE(balanced),60,3,6.2290909090909095,f
original_grouping,IGTB1921,3,IGTB195,music_nnls,300,ratio10,-0.3026624173519769,-0.3781753336461331,0.6845434334011664,-1.0034280121230257,-0.6971195793181726,-0.1987212826172653,-0.1774202441094852,-0.4238288193450996,1502,results/music_external_review/20260917T133518483857Z/reference_arrangement_penalties.csv,67d11393f1ae62361838d60f4aeba6a374e9854a6ea36d10606df46bd45989a9,results/music_external_review/20260917T133518483857Z/review.json,f8bbd3cd9256b33aeb731d98a280a49da00f052fd0d181dcf29d6cb4bc00143d,percentage points,MAE(ratio10) - MAE(balanced),60,3,6.28,f
original_grouping,IGTB195,0,HC-014,music_nnls,300,ratio10,-1.0242106849992143,-1.4761666319307336,-1.0375329660192092,0.4730298688215181,-3.1719755468039845,-3.3212008787877108,0.2824628856552848,0.6299525271388253,1520,results/music_external_review/20260917T133518483857Z/reference_arrangement_penalties.csv,67d11393f1ae62361838d60f4aeba6a374e9854a6ea36d10606df46bd45989a9,results/music_external_review/20260917T133518483857Z/review.json,f8bbd3cd9256b33aeb731d98a280a49da00f052fd0d181dcf29d6cb4bc00143d,percentage points,MAE(ratio10) - MAE(balanced),60,3,6.72,f
original_grouping,IGTB195,0,HC-572,music_nnls,300,ratio10,0.5150179595454216,0.2981691444308887,2.590179662603336,0.8945874694954861,-0.5367122335788818,-2.8357488130745696,0.3294909658121608,2.648310706014984,1538,results/music_external_review/20260917T133518483857Z/reference_arrangement_penalties.csv,67d11393f1ae62361838d60f4aeba6a374e9854a6ea36d10606df46bd45989a9,results/music_external_review/20260917T133518483857Z/review.json,f8bbd3cd9256b33aeb731d98a280a49da00f052fd0d181dcf29d6cb4bc00143d,percentage points,MAE(ratio10) - MAE(balanced),60,3,6.7709090909090905,f
original_grouping,IGTB195,0,IGTB1913,music_nnls,300,ratio10,0.3126029356602504,0.339820371727066,-0.0983815429859714,0.5632556200018254,-0.0715483660190761,-0.1509588270343153,0.2776010406089108,1.355649689390121,1556,results/music_external_review/20260917T133518483857Z/reference_arrangement_penalties.csv,67d11393f1ae62361838d60f4aeba6a374e9854a6ea36d10606df46bd45989a9,results/music_external_review/20260917T133518483857Z/review.json,f8bbd3cd9256b33aeb731d98a280a49da00f052fd0d181dcf29d6cb4bc00143d,percentage points,MAE(ratio10) - MAE(balanced),60,3,6.821818181818182,f
original_grouping,IGTB195,1,IGTB1921,music_nnls,300,ratio10,-1.0248813966329409,-1.2383356089695423,-0.5360243100189815,-0.4051889282907116,-1.9449483381457384,-1.6239913085208353,0.2868513795651738,-1.925986874386563,1574,results/music_external_review/20260917T133518483857Z/reference_arrangement_penalties.csv,67d11393f1ae62361838d60f4aeba6a374e9854a6ea36d10606df46bd45989a9,results/music_external_review/20260917T133518483857Z/review.json,f8bbd3cd9256b33aeb731d98a280a49da00f052fd0d181dcf29d6cb4bc00143d,percentage points,MAE(ratio10) - MAE(balanced),60,3,6.872727272727273,f
original_grouping,IGTB195,1,IGTB1966,music_nnls,300,ratio10,-1.042012437631417,-1.2183453716751194,-0.4585097202089222,-0.3348413280440989,-2.767606899384516,-3.2304820204678686,0.2426679984846347,0.296697343832242,1592,results/music_external_review/20260917T133518483857Z/reference_arrangement_penalties.csv,67d11393f1ae62361838d60f4aeba6a374e9854a6ea36d10606df46bd45989a9,results/music_external_review/20260917T133518483857Z/review.json,f8bbd3cd9256b33aeb731d98a280a49da00f052fd0d181dcf29d6cb4bc00143d,percentage points,MAE(ratio10) - MAE(balanced),60,3,6.923636363636364,f
original_grouping,IGTB195,1,IGTB826,music_nnls,300,ratio10,-0.2720531865738542,-0.4250539164737822,-0.0362497941438443,-0.2489357914703241,-0.2257685643157915,0.0876427557499651,0.6377475597406436,-1.8467552850037687,1610,results/music_external_review/20260917T133518483857Z/reference_arrangement_penalties.csv,67d11393f1ae62361838d60f4aeba6a374e9854a6ea36d10606df46bd45989a9,results/music_external_review/20260917T133518483857Z/review.json,f8bbd3cd9256b33aeb731d98a280a49da00f052fd0d181dcf29d6cb4bc00143d,percentage points,MAE(ratio10) - MAE(balanced),60,3,6.974545454545455,f
original_grouping,IGTB195,2,HC-502,music_nnls,300,ratio10,-0.5083145967860687,-0.8805413237780922,-0.1236745900942335,-0.1403198503801174,-1.5987128571784173,-2.4801095773521014,0.1767324182299671,1.1161968760584953,1628,results/music_external_review/20260917T133518483857Z/reference_arrangement_penalties.csv,67d11393f1ae62361838d60f4aeba6a374e9854a6ea36d10606df46bd45989a9,results/music_external_review/20260917T133518483857Z/review.json,f8bbd3cd9256b33aeb731d98a280a49da00f052fd0d181dcf29d6cb4bc00143d,percentage points,MAE(ratio10) - MAE(balanced),60,3,7.025454545454545,f
original_grouping,IGTB195,2,IGTB256,music_nnls,300,ratio10,-0.6034915972885685,-0.8664234478154139,-0.1500478940364191,-0.5624373538216102,-1.5663651294166672,-1.3951598709601458,0.2494751072203441,-0.1964144427169139,1646,results/music_external_review/20260917T133518483857Z/reference_arrangement_penalties.csv,67d11393f1ae62361838d60f4aeba6a374e9854a6ea36d10606df46bd45989a9,results/music_external_review/20260917T133518483857Z/review.json,f8bbd3cd9256b33aeb731d98a280a49da00f052fd0d181dcf29d6cb4bc00143d,percentage points,MAE(ratio10) - MAE(balanced),60,3,7.076363636363636,f
original_grouping,IGTB195,2,IGTB498,music_nnls,300,ratio10,-0.2564391492002613,-0.293083254145463,0.0003726851345049,-0.2854008321535165,-0.8824157434888853,-0.0682388480327855,0.3034105203406874,-0.6063626770015599,1664,results/music_external_review/20260917T133518483857Z/reference_arrangement_penalties.csv,67d11393f1ae62361838d60f4aeba6a374e9854a6ea36d10606df46bd45989a9,results/music_external_review/20260917T133518483857Z/review.json,f8bbd3cd9256b33aeb731d98a280a49da00f052fd0d181dcf29d6cb4bc00143d,percentage points,MAE(ratio10) - MAE(balanced),60,3,7.127272727272727,f
original_grouping,IGTB195,3,IGTB1506,music_nnls,300,ratio10,0.227834572282721,0.1583115417128544,1.2616739807075956,0.4934426017790627,-0.9502569054527638,-0.0201288253544277,0.0501132627969628,0.5321633192199198,1682,results/music_external_review/20260917T133518483857Z/reference_arrangement_penalties.csv,67d11393f1ae62361838d60f4aeba6a374e9854a6ea36d10606df46bd45989a9,results/music_external_review/20260917T133518483857Z/review.json,f8bbd3cd9256b33aeb731d98a280a49da00f052fd0d181dcf29d6cb4bc00143d,percentage points,MAE(ratio10) - MAE(balanced),60,3,7.178181818181818,f
original_grouping,IGTB195,3,IGTB508,music_nnls,300,ratio10,0.5691584171176518,0.8848067578452853,1.5226656768802942,0.0122552283754324,0.1101773586369082,3.1645964620830487,0.0327204356213334,-1.427464658891103,1700,results/music_external_review/20260917T133518483857Z/reference_arrangement_penalties.csv,67d11393f1ae62361838d60f4aeba6a374e9854a6ea36d10606df46bd45989a9,results/music_external_review/20260917T133518483857Z/review.json,f8bbd3cd9256b33aeb731d98a280a49da00f052fd0d181dcf29d6cb4bc00143d,percentage points,MAE(ratio10) - MAE(balanced),60,3,7.2290909090909095,f
original_grouping,IGTB195,3,IGTB514,music_nnls,300,ratio10,0.6079339624860486,0.689567970526565,1.9624748467556803,0.180964299613259,0.0989136672046305,2.840753297867986,0.1245574557723359,-1.5600597922975914,1718,results/music_external_review/20260917T133518483857Z/reference_arrangement_penalties.csv,67d11393f1ae62361838d60f4aeba6a374e9854a6ea36d10606df46bd45989a9,results/music_external_review/20260917T133518483857Z/review.json,f8bbd3cd9256b33aeb731d98a280a49da00f052fd0d181dcf29d6cb4bc00143d,percentage points,MAE(ratio10) - MAE(balanced),60,3,7.28,f
original_grouping,IGTB1966,0,HC-502,music_nnls,300,ratio10,0.4156641526028768,0.314236932734066,0.0137356391525309,0.7018043417917583,1.0878272012070114,0.6542354591966055,0.3412569896798426,-0.3048747154104728,1736,results/music_external_review/20260917T133518483857Z/reference_arrangement_penalties.csv,67d11393f1ae62361838d60f4aeba6a374e9854a6ea36d10606df46bd45989a9,results/music_external_review/20260917T133518483857Z/review.json,f8bbd3cd9256b33aeb731d98a280a49da00f052fd0d181dcf29d6cb4bc00143d,percentage points,MAE(ratio10) - MAE(balanced),60,3,7.72,f
original_grouping,IGTB1966,0,IGTB256,music_nnls,300,ratio10,0.7110629061295447,0.5632469287520743,-1.3513552959295234,1.50345353579123,1.662766912613177,1.5800950978635766,0.4368293558776252,0.4345878305611795,1754,results/music_external_review/20260917T133518483857Z/reference_arrangement_penalties.csv,67d11393f1ae62361838d60f4aeba6a374e9854a6ea36d10606df46bd45989a9,results/music_external_review/20260917T133518483857Z/review.json,f8bbd3cd9256b33aeb731d98a280a49da00f052fd0d181dcf29d6cb4bc00143d,percentage points,MAE(ratio10) - MAE(balanced),60,3,7.7709090909090905,f
original_grouping,IGTB1966,0,IGTB498,music_nnls,300,ratio10,0.436921053567417,0.5133430939017865,0.2118053282724065,0.2786786524882574,0.6497379269413311,0.8396293264769756,-0.0275713418811022,0.6692464291066379,1772,results/music_external_review/20260917T133518483857Z/reference_arrangement_penalties.csv,67d11393f1ae62361838d60f4aeba6a374e9854a6ea36d10606df46bd45989a9,results/music_external_review/20260917T133518483857Z/review.json,f8bbd3cd9256b33aeb731d98a280a49da00f052fd0d181dcf29d6cb4bc00143d,percentage points,MAE(ratio10) - MAE(balanced),60,3,7.821818181818182,f
original_grouping,IGTB1966,1,IGTB1506,music_nnls,300,ratio10,0.0900744808309498,-0.0586728470221419,-1.8199900817162176,-0.0658651061800228,1.0849811032664385,1.303558523515498,-0.6723261371353498,0.7100885832353659,1790,results/music_external_review/20260917T133518483857Z/reference_arrangement_penalties.csv,67d11393f1ae62361838d60f4aeba6a374e9854a6ea36d10606df46bd45989a9,results/music_external_review/20260917T133518483857Z/review.json,f8bbd3cd9256b33aeb731d98a280a49da00f052fd0d181dcf29d6cb4bc00143d,percentage points,MAE(ratio10) - MAE(balanced),60,3,7.872727272727273,f
original_grouping,IGTB1966,1,IGTB508,music_nnls,300,ratio10,0.4079537814177393,0.3921337917161577,-0.4290907809755401,-0.1779504852255935,1.484443964356868,0.9188236575662948,-0.2512313713979107,0.9027277041823256,1808,results/music_external_review/20260917T133518483857Z/reference_arrangement_penalties.csv,67d11393f1ae62361838d60f4aeba6a374e9854a6ea36d10606df46bd45989a9,results/music_external_review/20260917T133518483857Z/review.json,f8bbd3cd9256b33aeb731d98a280a49da00f052fd0d181dcf29d6cb4bc00143d,percentage points,MAE(ratio10) - MAE(balanced),60,3,7.923636363636364,f
original_grouping,IGTB1966,1,IGTB514,music_nnls,300,ratio10,0.2910497830955699,0.1792155915038007,-0.9662022960765112,-0.0300604917130903,1.9961119876509503,0.5303042262900761,-0.3534770504018417,0.5696223228238452,1826,results/music_external_review/20260917T133518483857Z/reference_arrangement_penalties.csv,67d11393f1ae62361838d60f4aeba6a374e9854a6ea36d10606df46bd45989a9,results/music_external_review/20260917T133518483857Z/review.json,f8bbd3cd9256b33aeb731d98a280a49da00f052fd0d181dcf29d6cb4bc00143d,percentage points,MAE(ratio10) - MAE(balanced),60,3,7.974545454545455,f
original_grouping,IGTB1966,2,IGTB1650,music_nnls,300,ratio10,0.712644411722146,0.9853059997358176,0.6298609993968776,0.2519919168624435,1.3288775208255623,2.187671039214168,-0.5510293735567748,0.4284943675905983,1844,results/music_external_review/20260917T133518483857Z/reference_arrangement_penalties.csv,67d11393f1ae62361838d60f4aeba6a374e9854a6ea36d10606df46bd45989a9,results/music_external_review/20260917T133518483857Z/review.json,f8bbd3cd9256b33aeb731d98a280a49da00f052fd0d181dcf29d6cb4bc00143d,percentage points,MAE(ratio10) - MAE(balanced),60,3,8.025454545454545,f
original_grouping,IGTB1966,2,IGTB1913,music_nnls,300,ratio10,0.7182082546706754,1.0255878515830994,-0.2916527771208019,0.19837784983684,2.540104988303135,2.2037459185930275,-0.7456547056156447,0.4043282540275096,1862,results/music_external_review/20260917T133518483857Z/reference_arrangement_penalties.csv,67d11393f1ae62361838d60f4aeba6a374e9854a6ea36d10606df46bd45989a9,results/music_external_review/20260917T133518483857Z/review.json,f8bbd3cd9256b33aeb731d98a280a49da00f052fd0d181dcf29d6cb4bc00143d,percentage points,MAE(ratio10) - MAE(balanced),60,3,8.076363636363636,f
original_grouping,IGTB1966,2,IGTB195,music_nnls,300,ratio10,-0.0778443155603291,-0.257681688732056,-0.6639378214390803,0.5725162578636492,-0.4462284259820205,-1.0139464975773649,-0.3964262565227204,1.480956850295575,1880,results/music_external_review/20260917T133518483857Z/reference_arrangement_penalties.csv,67d11393f1ae62361838d60f4aeba6a374e9854a6ea36d10606df46bd45989a9,results/music_external_review/20260917T133518483857Z/review.json,f8bbd3cd9256b33aeb731d98a280a49da00f052fd0d181dcf29d6cb4bc00143d,percentage points,MAE(ratio10) - MAE(balanced),60,3,8.127272727272727,f
original_grouping,IGTB1966,3,HC-014,music_nnls,300,ratio10,-0.2092072169862322,-0.6492145431025786,-3.3059616303591337,0.0819261002781765,1.3678422932031131,1.247045321861884,-0.2593861633785578,-0.3867092235228823,1898,results/music_external_review/20260917T133518483857Z/reference_arrangement_penalties.csv,67d11393f1ae62361838d60f4aeba6a374e9854a6ea36d10606df46bd45989a9,results/music_external_review/20260917T133518483857Z/review.json,f8bbd3cd9256b33aeb731d98a280a49da00f052fd0d181dcf29d6cb4bc00143d,percentage points,MAE(ratio10) - MAE(balanced),60,3,8.178181818181818,f
original_grouping,IGTB1966,3,HC-572,music_nnls,300,ratio10,0.1259367029943025,0.1719809181666589,0.2043020904234821,0.1777712129547437,-0.2028433680872655,-0.0457717552378735,-0.1954627444536194,0.8176247823663326,1916,results/music_external_review/20260917T133518483857Z/reference_arrangement_penalties.csv,67d11393f1ae62361838d60f4aeba6a374e9854a6ea36d10606df46bd45989a9,results/music_external_review/20260917T133518483857Z/review.json,f8bbd3cd9256b33aeb731d98a280a49da00f052fd0d181dcf29d6cb4bc00143d,percentage points,MAE(ratio10) - MAE(balanced),60,3,8.229090909090909,f
original_grouping,IGTB1966,3,IGTB1921,music_nnls,300,ratio10,0.0929414626771246,0.2777978930231582,0.5683973216770599,-0.5292814365005807,0.2171933941373454,-0.1224526114957553,0.2849247298974197,0.1388673783472655,1934,results/music_external_review/20260917T133518483857Z/reference_arrangement_penalties.csv,67d11393f1ae62361838d60f4aeba6a374e9854a6ea36d10606df46bd45989a9,results/music_external_review/20260917T133518483857Z/review.json,f8bbd3cd9256b33aeb731d98a280a49da00f052fd0d181dcf29d6cb4bc00143d,percentage points,MAE(ratio10) - MAE(balanced),60,3,8.28,f
original_grouping,IGTB256,0,IGTB1506,music_nnls,300,ratio10,0.1733508909166677,0.1943337881587044,-0.071247749151894,0.217744017607327,0.5038014854210984,-0.0380794886055996,-0.0359408573088859,0.4638279375379604,1952,results/music_external_review/20260917T133518483857Z/reference_arrangement_penalties.csv,67d11393f1ae62361838d60f4aeba6a374e9854a6ea36d10606df46bd45989a9,results/music_external_review/20260917T133518483857Z/review.json,f8bbd3cd9256b33aeb731d98a280a49da00f052fd0d181dcf29d6cb4bc00143d,percentage points,MAE(ratio10) - MAE(balanced),60,3,8.72,f
original_grouping,IGTB256,0,IGTB508,music_nnls,300,ratio10,-0.0543524696049163,-0.095763774344178,-0.3637776689725028,0.2577459221566661,-0.0952643366198612,0.0422604042141299,-0.0133586962522304,-0.153720442155687,1970,results/music_external_review/20260917T133518483857Z/reference_arrangement_penalties.csv,67d11393f1ae62361838d60f4aeba6a374e9854a6ea36d10606df46bd45989a9,results/music_external_review/20260917T133518483857Z/review.json,f8bbd3cd9256b33aeb731d98a280a49da00f052fd0d181dcf29d6cb4bc00143d,percentage points,MAE(ratio10) - MAE(balanced),60,3,8.770909090909091,f
original_grouping,IGTB256,0,IGTB514,music_nnls,300,ratio10,-0.4417251496666712,-0.6189483792398321,-0.5837433476600127,0.3632469053365006,-1.0079956461836563,-0.9949304278164622,-0.0259321356442939,-0.4009962460321059,1988,results/music_external_review/20260917T133518483857Z/reference_arrangement_penalties.csv,67d11393f1ae62361838d60f4aeba6a374e9854a6ea36d10606df46bd45989a9,results/music_external_review/20260917T133518483857Z/review.json,f8bbd3cd9256b33aeb731d98a280a49da00f052fd0d181dcf29d6cb4bc00143d,percentage points,MAE(ratio10) - MAE(balanced),60,3,8.821818181818182,f
original_grouping,IGTB256,1,IGTB1650,music_nnls,300,ratio10,0.6357477587352057,1.111166497448567,0.1559101423754039,0.0537695030132373,3.146900995920576,2.904090698207639,-0.2904977041339773,-2.15568708297165,2006,results/music_external_review/20260917T133518483857Z/reference_arrangement_penalties.csv,67d11393f1ae62361838d60f4aeba6a374e9854a6ea36d10606df46bd45989a9,results/music_external_review/20260917T133518483857Z/review.json,f8bbd3cd9256b33aeb731d98a280a49da00f052fd0d181dcf29d6cb4bc00143d,percentage points,MAE(ratio10) - MAE(balanced),60,3,8.872727272727273,f
original_grouping,IGTB256,1,IGTB1913,music_nnls,300,ratio10,0.1449298090670094,0.3527019106564807,0.1602172565672621,-0.0560565549224214,1.241722161588754,0.8654843218535463,-0.6336615032916845,-0.7081268273934043,2024,results/music_external_review/20260917T133518483857Z/reference_arrangement_penalties.csv,67d11393f1ae62361838d60f4aeba6a374e9854a6ea36d10606df46bd45989a9,results/music_external_review/20260917T133518483857Z/review.json,f8bbd3cd9256b33aeb731d98a280a49da00f052fd0d181dcf29d6cb4bc00143d,percentage points,MAE(ratio10) - MAE(balanced),60,3,8.923636363636364,f
original_grouping,IGTB256,1,IGTB195,music_nnls,300,ratio10,0.8229297504990776,1.321142984440816,0.2917708446761896,0.0935621230738197,1.4242069665485957,3.610334065674016,-0.4078099976299568,-0.0744854993482187,2042,results/music_external_review/20260917T133518483857Z/reference_arrangement_penalties.csv,67d11393f1ae62361838d60f4aeba6a374e9854a6ea36d10606df46bd45989a9,results/music_external_review/20260917T133518483857Z/review.json,f8bbd3cd9256b33aeb731d98a280a49da00f052fd0d181dcf29d6cb4bc00143d,percentage points,MAE(ratio10) - MAE(balanced),60,3,8.974545454545455,f
original_grouping,IGTB256,2,HC-014,music_nnls,300,ratio10,-0.2711951858660995,-0.4091483559908033,-0.9816107185518556,-0.1054805539224534,-0.24594100711043,-0.0843973077927138,-0.4209498028903699,0.2112082750712308,2060,results/music_external_review/20260917T133518483857Z/reference_arrangement_penalties.csv,67d11393f1ae62361838d60f4aeba6a374e9854a6ea36d10606df46bd45989a9,results/music_external_review/20260917T133518483857Z/review.json,f8bbd3cd9256b33aeb731d98a280a49da00f052fd0d181dcf29d6cb4bc00143d,percentage points,MAE(ratio10) - MAE(balanced),60,3,9.025454545454545,f
original_grouping,IGTB256,2,HC-572,music_nnls,300,ratio10,-0.2275778935783519,-0.3465384011231762,-0.8090801458824097,0.1273706312595993,-0.0972569132306867,-0.6655275811190154,-0.4272788419261232,0.5063054894285354,2078,results/music_external_review/20260917T133518483857Z/reference_arrangement_penalties.csv,67d11393f1ae62361838d60f4aeba6a374e9854a6ea36d10606df46bd45989a9,results/music_external_review/20260917T133518483857Z/review.json,f8bbd3cd9256b33aeb731d98a280a49da00f052fd0d181dcf29d6cb4bc00143d,percentage points,MAE(ratio10) - MAE(balanced),60,3,9.076363636363636,f
original_grouping,IGTB256,2,IGTB1921,music_nnls,300,ratio10,0.3394007653122414,0.3187419476059144,0.4805298943096249,-0.3967145202209176,0.1684056909725087,-0.0263486846263171,0.4187056497270184,1.391826561711543,2096,results/music_external_review/20260917T133518483857Z/reference_arrangement_penalties.csv,67d11393f1ae62361838d60f4aeba6a374e9854a6ea36d10606df46bd45989a9,results/music_external_review/20260917T133518483857Z/review.json,f8bbd3cd9256b33aeb731d98a280a49da00f052fd0d181dcf29d6cb4bc00143d,percentage points,MAE(ratio10) - MAE(balanced),60,3,9.127272727272727,f
original_grouping,IGTB256,3,IGTB1966,music_nnls,300,ratio10,0.6082777993461259,0.6024132853826973,0.3936291498510411,0.6287493497793755,-0.0512474642703434,1.0159096266100696,0.7408769789786999,0.921749155127914,2114,results/music_external_review/20260917T133518483857Z/reference_arrangement_penalties.csv,67d11393f1ae62361838d60f4aeba6a374e9854a6ea36d10606df46bd45989a9,results/music_external_review/20260917T133518483857Z/review.json,f8bbd3cd9256b33aeb731d98a280a49da00f052fd0d181dcf29d6cb4bc00143d,percentage points,MAE(ratio10) - MAE(balanced),60,3,9.178181818181818,f
original_grouping,IGTB256,3,IGTB498,music_nnls,300,ratio10,-0.6946038833926993,-1.220402410248478,-0.2620882559199081,0.5025476815478616,-4.46945812916356,-0.3343175810321864,0.1764312306303626,0.219261753581237,2132,results/music_external_review/20260917T133518483857Z/reference_arrangement_penalties.csv,67d11393f1ae62361838d60f4aeba6a374e9854a6ea36d10606df46bd45989a9,results/music_external_review/20260917T133518483857Z/review.json,f8bbd3cd9256b33aeb731d98a280a49da00f052fd0d181dcf29d6cb4bc00143d,percentage points,MAE(ratio10) - MAE(balanced),60,3,9.229090909090909,f
original_grouping,IGTB256,3,IGTB826,music_nnls,300,ratio10,-0.4408801630725942,-0.9060650536848076,0.2577053848254927,0.6186394347757479,-1.9013360819633356,-1.564480446378054,0.124181304248374,-0.179990573943803,2150,results/music_external_review/20260917T133518483857Z/reference_arrangement_penalties.csv,67d11393f1ae62361838d60f4aeba6a374e9854a6ea36d10606df46bd45989a9,results/music_external_review/20260917T133518483857Z/review.json,f8bbd3cd9256b33aeb731d98a280a49da00f052fd0d181dcf29d6cb4bc00143d,percentage points,MAE(ratio10) - MAE(balanced),60,3,9.28,f
original_grouping,IGTB498,0,HC-502,music_nnls,300,ratio10,0.3658661197348347,0.3660646982409706,0.3336891273878829,0.2836341852588816,0.5164217412860482,0.0942458708639672,0.3613301071109639,0.605875686501251,2168,results/music_external_review/20260917T133518483857Z/reference_arrangement_penalties.csv,67d11393f1ae62361838d60f4aeba6a374e9854a6ea36d10606df46bd45989a9,results/music_external_review/20260917T133518483857Z/review.json,f8bbd3cd9256b33aeb731d98a280a49da00f052fd0d181dcf29d6cb4bc00143d,percentage points,MAE(ratio10) - MAE(balanced),60,3,9.72,f
original_grouping,IGTB498,0,IGTB256,music_nnls,300,ratio10,0.9992739492138702,1.3604044430101785,0.8974713374548025,-0.0964280027558684,2.759226969498419,1.337368875958996,0.4466087099988439,0.6513958051280199,2186,results/music_external_review/20260917T133518483857Z/reference_arrangement_penalties.csv,67d11393f1ae62361838d60f4aeba6a374e9854a6ea36d10606df46bd45989a9,results/music_external_review/20260917T133518483857Z/review.json,f8bbd3cd9256b33aeb731d98a280a49da00f052fd0d181dcf29d6cb4bc00143d,percentage points,MAE(ratio10) - MAE(balanced),60,3,9.770909090909091,f
original_grouping,IGTB498,0,IGTB514,music_nnls,300,ratio10,-0.2093063223137357,-0.6280955158796246,-0.0061120420792453,-0.2362199361017687,-1.7187969664716658,-2.13219025609804,0.2473559013757656,2.590125365492542,2204,results/music_external_review/20260917T133518483857Z/reference_arrangement_penalties.csv,67d11393f1ae62361838d60f4aeba6a374e9854a6ea36d10606df46bd45989a9,results/music_external_review/20260917T133518483857Z/review.json,f8bbd3cd9256b33aeb731d98a280a49da00f052fd0d181dcf29d6cb4bc00143d,percentage points,MAE(ratio10) - MAE(balanced),60,3,9.821818181818182,f
original_grouping,IGTB498,1,IGTB1506,music_nnls,300,ratio10,1.1177481605604147,1.7752127870256411,0.8820849900014178,0.2258244830236753,1.9836772913769252,4.548731841948995,-0.70330674622571,-0.2305228967628235,2222,results/music_external_review/20260917T133518483857Z/reference_arrangement_penalties.csv,67d11393f1ae62361838d60f4aeba6a374e9854a6ea36d10606df46bd45989a9,results/music_external_review/20260917T133518483857Z/review.json,f8bbd3cd9256b33aeb731d98a280a49da00f052fd0d181dcf29d6cb4bc00143d,percentage points,MAE(ratio10) - MAE(balanced),60,3,9.872727272727273,f
original_grouping,IGTB498,1,IGTB1650,music_nnls,300,ratio10,-0.6765809496442396,-0.7564998850381108,0.2796472442132134,0.4353920116585978,-1.3056184194696312,0.7161212819502925,-0.9158229740956546,-3.269204842122244,2240,results/music_external_review/20260917T133518483857Z/reference_arrangement_penalties.csv,67d11393f1ae62361838d60f4aeba6a374e9854a6ea36d10606df46bd45989a9,results/music_external_review/20260917T133518483857Z/review.json,f8bbd3cd9256b33aeb731d98a280a49da00f052fd0d181dcf29d6cb4bc00143d,percentage points,MAE(ratio10) - MAE(balanced),60,3,9.923636363636364,f
original_grouping,IGTB498,1,IGTB508,music_nnls,300,ratio10,-0.8165267457951365,-1.0643140666707624,0.7392492007237207,0.0324006212029336,-2.0212243645275216,-0.4093385081179836,-0.3808244645965765,-2.859422959455395,2258,results/music_external_review/20260917T133518483857Z/reference_arrangement_penalties.csv,67d11393f1ae62361838d60f4aeba6a374e9854a6ea36d10606df46bd45989a9,results/music_external_review/20260917T133518483857Z/review.json,f8bbd3cd9256b33aeb731d98a280a49da00f052fd0d181dcf29d6cb4bc00143d,percentage points,MAE(ratio10) - MAE(balanced),60,3,9.974545454545455,f
original_grouping,IGTB498,2,HC-572,music_nnls,300,ratio10,-0.1502758280936536,-0.1661360381367122,0.3016318254376133,-0.447005176300934,-0.5206044944252294,-0.0248436531907118,-0.3697996662895401,0.1589661962068796,2276,results/music_external_review/20260917T133518483857Z/reference_arrangement_penalties.csv,67d11393f1ae62361838d60f4aeba6a374e9854a6ea36d10606df46bd45989a9,results/music_external_review/20260917T133518483857Z/review.json,f8bbd3cd9256b33aeb731d98a280a49da00f052fd0d181dcf29d6cb4bc00143d,percentage points,MAE(ratio10) - MAE(balanced),60,3,10.025454545454545,f
original_grouping,IGTB498,2,IGTB1913,music_nnls,300,ratio10,0.3315897612114392,0.5277774031361204,0.2937425391577917,0.0119573694872681,1.6192405449846914,0.0027033290094822,-0.2877565114243925,0.3496512960538011,2294,results/music_external_review/20260917T133518483857Z/reference_arrangement_penalties.csv,67d11393f1ae62361838d60f4aeba6a374e9854a6ea36d10606df46bd45989a9,results/music_external_review/20260917T133518483857Z/review.json,f8bbd3cd9256b33aeb731d98a280a49da00f052fd0d181dcf29d6cb4bc00143d,percentage points,MAE(ratio10) - MAE(balanced),60,3,10.076363636363636,f
original_grouping,IGTB498,2,IGTB195,music_nnls,300,ratio10,-0.0129882365047762,0.176146818079804,0.0904754684194717,-0.5118203673103144,0.7065839177258546,-0.0132441786688199,-0.2219620086406422,-0.1279622505541929,2312,results/music_external_review/20260917T133518483857Z/reference_arrangement_penalties.csv,67d11393f1ae62361838d60f4aeba6a374e9854a6ea36d10606df46bd45989a9,results/music_external_review/20260917T133518483857Z/review.json,f8bbd3cd9256b33aeb731d98a280a49da00f052fd0d181dcf29d6cb4bc00143d,percentage points,MAE(ratio10) - MAE(balanced),60,3,10.127272727272727,f
original_grouping,IGTB498,3,HC-014,music_nnls,300,ratio10,0.457487086265718,0.8394763963150699,-0.0830233343248431,0.2525646246776468,1.6192053944463816,1.4741009453851812,0.0285272695514618,-0.5464523821415215,2330,results/music_external_review/20260917T133518483857Z/reference_arrangement_penalties.csv,67d11393f1ae62361838d60f4aeba6a374e9854a6ea36d10606df46bd45989a9,results/music_external_review/20260917T133518483857Z/review.json,f8bbd3cd9256b33aeb731d98a280a49da00f052fd0d181dcf29d6cb4bc00143d,percentage points,MAE(ratio10) - MAE(balanced),60,3,10.178181818181818,f
original_grouping,IGTB498,3,IGTB1921,music_nnls,300,ratio10,0.5883726784425088,0.6818578375857777,1.5698440323587983,0.4534770387188489,-0.0065265031478264,1.449942901122114,0.2540968005529799,-0.1905981989498735,2348,results/music_external_review/20260917T133518483857Z/reference_arrangement_penalties.csv,67d11393f1ae62361838d60f4aeba6a374e9854a6ea36d10606df46bd45989a9,results/music_external_review/20260917T133518483857Z/review.json,f8bbd3cd9256b33aeb731d98a280a49da00f052fd0d181dcf29d6cb4bc00143d,percentage points,MAE(ratio10) - MAE(balanced),60,3,10.229090909090909,f
original_grouping,IGTB498,3,IGTB826,music_nnls,300,ratio10,-0.2118151671009539,-0.4106496748909254,0.4920564997040988,0.1008610729904407,-1.864192026152221,-0.7646856075942478,-0.0705171043827674,0.8355861628289716,2366,results/music_external_review/20260917T133518483857Z/reference_arrangement_penalties.csv,67d11393f1ae62361838d60f4aeba6a374e9854a6ea36d10606df46bd45989a9,results/music_external_review/20260917T133518483857Z/review.json,f8bbd3cd9256b33aeb731d98a280a49da00f052fd0d181dcf29d6cb4bc00143d,percentage points,MAE(ratio10) - MAE(balanced),60,3,10.28,f
original_grouping,IGTB508,0,IGTB1650,music_nnls,300,ratio10,-0.6487850832746094,-0.8924745842591869,-0.2725684002135504,0.2148605971217231,-0.9988699492375216,-2.1197687277400528,0.4335282991172124,-1.1498923186954644,2384,results/music_external_review/20260917T133518483857Z/reference_arrangement_penalties.csv,67d11393f1ae62361838d60f4aeba6a374e9854a6ea36d10606df46bd45989a9,results/music_external_review/20260917T133518483857Z/review.json,f8bbd3cd9256b33aeb731d98a280a49da00f052fd0d181dcf29d6cb4bc00143d,percentage points,MAE(ratio10) - MAE(balanced),60,3,10.72,f
original_grouping,IGTB508,0,IGTB1913,music_nnls,300,ratio10,0.1618066189021227,0.1011395723439187,0.2991545695202363,0.1895162672686594,0.3697196824272341,-0.0838270048464129,0.64387759662109,-0.4476013975780619,2402,results/music_external_review/20260917T133518483857Z/reference_arrangement_penalties.csv,67d11393f1ae62361838d60f4aeba6a374e9854a6ea36d10606df46bd45989a9,results/music_external_review/20260917T133518483857Z/review.json,f8bbd3cd9256b33aeb731d98a280a49da00f052fd0d181dcf29d6cb4bc00143d,percentage points,MAE(ratio10) - MAE(balanced),60,3,10.770909090909091,f
original_grouping,IGTB508,0,IGTB195,music_nnls,300,ratio10,0.1858759330480814,0.1776510340515384,-0.1233155029080964,0.3013061423216649,0.1713951453671648,0.4843864984603105,0.2490891117559157,0.0323942032915255,2420,results/music_external_review/20260917T133518483857Z/reference_arrangement_penalties.csv,67d11393f1ae62361838d60f4aeba6a374e9854a6ea36d10606df46bd45989a9,results/music_external_review/20260917T133518483857Z/review.json,f8bbd3cd9256b33aeb731d98a280a49da00f052fd0d181dcf29d6cb4bc00143d,percentage points,MAE(ratio10) - MAE(balanced),60,3,10.821818181818182,f
original_grouping,IGTB508,1,HC-014,music_nnls,300,ratio10,-0.2183543314792252,-0.228036113792414,-2.1250706902354635,0.0122201288969623,1.1488714068228238,0.1540956925793023,-0.4938650762064643,-0.0063774507324937,2438,results/music_external_review/20260917T133518483857Z/reference_arrangement_penalties.csv,67d11393f1ae62361838d60f4aeba6a374e9854a6ea36d10606df46bd45989a9,results/music_external_review/20260917T133518483857Z/review.json,f8bbd3cd9256b33aeb731d98a280a49da00f052fd0d181dcf29d6cb4bc00143d,percentage points,MAE(ratio10) - MAE(balanced),60,3,10.872727272727273,f
original_grouping,IGTB508,1,HC-572,music_nnls,300,ratio10,-0.3771195917375889,-0.3932315183866446,-1.2189828558243916,0.0655484001858919,0.4148665381734085,-0.8181939117746184,-0.5002278375698954,-0.2057278836159188,2456,results/music_external_review/20260917T133518483857Z/reference_arrangement_penalties.csv,67d11393f1ae62361838d60f4aeba6a374e9854a6ea36d10606df46bd45989a9,results/music_external_review/20260917T133518483857Z/review.json,f8bbd3cd9256b33aeb731d98a280a49da00f052fd0d181dcf29d6cb4bc00143d,percentage points,MAE(ratio10) - MAE(balanced),60,3,10.923636363636364,f
original_grouping,IGTB508,1,IGTB1921,music_nnls,300,ratio10,-0.1754272932913785,-0.2512784643042628,0.3801465802527099,-0.244005917607711,-0.2104552475599472,-1.2608759421867768,0.5799634191529054,-0.2973366517994373,2474,results/music_external_review/20260917T133518483857Z/reference_arrangement_penalties.csv,67d11393f1ae62361838d60f4aeba6a374e9854a6ea36d10606df46bd45989a9,results/music_external_review/20260917T133518483857Z/review.json,f8bbd3cd9256b33aeb731d98a280a49da00f052fd0d181dcf29d6cb4bc00143d,percentage points,MAE(ratio10) - MAE(balanced),60,3,10.974545454545455,f
original_grouping,IGTB508,2,IGTB1966,music_nnls,300,ratio10,1.4547548217480155,2.0046981588731336,1.5418275681848368,0.1700329515920629,2.534325179661033,3.830785065145003,-0.3818287194802141,1.0333868853853805,2492,results/music_external_review/20260917T133518483857Z/reference_arrangement_penalties.csv,67d11393f1ae62361838d60f4aeba6a374e9854a6ea36d10606df46bd45989a9,results/music_external_review/20260917T133518483857Z/review.json,f8bbd3cd9256b33aeb731d98a280a49da00f052fd0d181dcf29d6cb4bc00143d,percentage points,MAE(ratio10) - MAE(balanced),60,3,11.025454545454545,f
original_grouping,IGTB508,2,IGTB498,music_nnls,300,ratio10,0.37987908868499,0.4176324201332372,0.3205805444762378,0.2735708493716459,-1.9528668095409965,2.797411482572837,0.2308031918858588,0.6097752733443562,2510,results/music_external_review/20260917T133518483857Z/reference_arrangement_penalties.csv,67d11393f1ae62361838d60f4aeba6a374e9854a6ea36d10606df46bd45989a9,results/music_external_review/20260917T133518483857Z/review.json,f8bbd3cd9256b33aeb731d98a280a49da00f052fd0d181dcf29d6cb4bc00143d,percentage points,MAE(ratio10) - MAE(balanced),60,3,11.076363636363636,f
original_grouping,IGTB508,2,IGTB826,music_nnls,300,ratio10,0.3260366216531917,0.444023513480277,0.5895271334485032,0.0209073480117866,0.2487356029335403,1.5498400997517248,-0.5575938964150811,0.1048034421886883,2528,results/music_external_review/20260917T133518483857Z/reference_arrangement_penalties.csv,67d11393f1ae62361838d60f4aeba6a374e9854a6ea36d10606df46bd45989a9,results/music_external_review/20260917T133518483857Z/review.json,f8bbd3cd9256b33aeb731d98a280a49da00f052fd0d181dcf29d6cb4bc00143d,percentage points,MAE(ratio10) - MAE(balanced),60,3,11.127272727272727,f
original_grouping,IGTB508,3,HC-502,music_nnls,300,ratio10,-0.5599389029734554,-0.7577267567384243,-0.7185448552099981,-0.1800513506481313,-2.1887006086945564,-1.02594966307392,0.4377465842328259,0.3158664755530303,2546,results/music_external_review/20260917T133518483857Z/reference_arrangement_penalties.csv,67d11393f1ae62361838d60f4aeba6a374e9854a6ea36d10606df46bd45989a9,results/music_external_review/20260917T133518483857Z/review.json,f8bbd3cd9256b33aeb731d98a280a49da00f052fd0d181dcf29d6cb4bc00143d,percentage points,MAE(ratio10) - MAE(balanced),60,3,11.178181818181818,f
original_grouping,IGTB508,3,IGTB256,music_nnls,300,ratio10,0.5058180803683144,0.5480324631807277,0.8033648650373452,0.3824367055081303,0.8531030687919549,0.2172652827247478,0.3969441246595067,0.3817944354881755,2564,results/music_external_review/20260917T133518483857Z/reference_arrangement_penalties.csv,67d11393f1ae62361838d60f4aeba6a374e9854a6ea36d10606df46bd45989a9,results/music_external_review/20260917T133518483857Z/review.json,f8bbd3cd9256b33aeb731d98a280a49da00f052fd0d181dcf29d6cb4bc00143d,percentage points,MAE(ratio10) - MAE(balanced),60,3,11.229090909090909,f
original_grouping,IGTB508,3,IGTB514,music_nnls,300,ratio10,-0.3702273233278954,-0.526142160590008,-0.8931312235880029,0.194452573916423,-2.1074210226197865,-0.7884246279524747,0.3078872842670799,1.0652730760093867,2582,results/music_external_review/20260917T133518483857Z/reference_arrangement_penalties.csv,67d11393f1ae62361838d60f4aeba6a374e9854a6ea36d10606df46bd45989a9,results/music_external_review/20260917T133518483857Z/review.json,f8bbd3cd9256b33aeb731d98a280a49da00f052fd0d181dcf29d6cb4bc00143d,percentage points,MAE(ratio10) - MAE(balanced),60,3,11.28,f
original_grouping,IGTB514,0,IGTB1506,music_nnls,300,ratio10,0.260263915979056,0.4330049877335934,0.4538396177870387,0.17746866905722,-0.6815323446547403,1.2827444516553013,-0.6935026140582418,1.0225657160877422,2600,results/music_external_review/20260917T133518483857Z/reference_arrangement_penalties.csv,67d11393f1ae62361838d60f4aeba6a374e9854a6ea36d10606df46bd45989a9,results/music_external_review/20260917T133518483857Z/review.json,f8bbd3cd9256b33aeb731d98a280a49da00f052fd0d181dcf29d6cb4bc00143d,percentage points,MAE(ratio10) - MAE(balanced),60,3,11.72,f
original_grouping,IGTB514,0,IGTB1650,music_nnls,300,ratio10,0.470128228845479,0.8019136864258363,0.716573703879331,0.029735131543788,1.544513812267655,1.6970019545262045,-0.7273175739531031,-0.4397376551910159,2618,results/music_external_review/20260917T133518483857Z/reference_arrangement_penalties.csv,67d11393f1ae62361838d60f4aeba6a374e9854a6ea36d10606df46bd45989a9,results/music_external_review/20260917T133518483857Z/review.json,f8bbd3cd9256b33aeb731d98a280a49da00f052fd0d181dcf29d6cb4bc00143d,percentage points,MAE(ratio10) - MAE(balanced),60,3,11.770909090909091,f
original_grouping,IGTB514,0,IGTB508,music_nnls,300,ratio10,0.5410932517817986,0.8146851334400994,0.9872374705856152,0.1622200162269504,1.3350401994256058,1.6661672169497412,-0.4910912713989274,-0.4130141210981984,2636,results/music_external_review/20260917T133518483857Z/reference_arrangement_penalties.csv,67d11393f1ae62361838d60f4aeba6a374e9854a6ea36d10606df46bd45989a9,results/music_external_review/20260917T133518483857Z/review.json,f8bbd3cd9256b33aeb731d98a280a49da00f052fd0d181dcf29d6cb4bc00143d,percentage points,MAE(ratio10) - MAE(balanced),60,3,11.821818181818182,f
original_grouping,IGTB514,1,HC-572,music_nnls,300,ratio10,0.3708172251976057,0.7738294294452233,0.7053676344819569,-0.9882556519365782,1.0188259478300783,1.861077839967456,-0.9300867523073482,0.5579743331500665,2654,results/music_external_review/20260917T133518483857Z/reference_arrangement_penalties.csv,67d11393f1ae62361838d60f4aeba6a374e9854a6ea36d10606df46bd45989a9,results/music_external_review/20260917T133518483857Z/review.json,f8bbd3cd9256b33aeb731d98a280a49da00f052fd0d181dcf29d6cb4bc00143d,percentage points,MAE(ratio10) - MAE(balanced),60,3,11.872727272727273,f
original_grouping,IGTB514,1,IGTB1913,music_nnls,300,ratio10,0.201038127231757,0.4101043718625838,-0.3266769738778111,-0.5896111637498,1.2568418473244551,0.8128705587287685,-0.4736971900539214,0.5265016850188539,2672,results/music_external_review/20260917T133518483857Z/reference_arrangement_penalties.csv,67d11393f1ae62361838d60f4aeba6a374e9854a6ea36d10606df46bd45989a9,results/music_external_review/20260917T133518483857Z/review.json,f8bbd3cd9256b33aeb731d98a280a49da00f052fd0d181dcf29d6cb4bc00143d,percentage points,MAE(ratio10) - MAE(balanced),60,3,11.923636363636364,f
original_grouping,IGTB514,1,IGTB195,music_nnls,300,ratio10,0.7806724575645627,1.4060465354170983,-0.2945942671771862,-1.039152349122742,2.779202359248622,3.845769715569169,-0.2533474829939602,-0.3538432301365213,2690,results/music_external_review/20260917T133518483857Z/reference_arrangement_penalties.csv,67d11393f1ae62361838d60f4aeba6a374e9854a6ea36d10606df46bd45989a9,results/music_external_review/20260917T133518483857Z/review.json,f8bbd3cd9256b33aeb731d98a280a49da00f052fd0d181dcf29d6cb4bc00143d,percentage points,MAE(ratio10) - MAE(balanced),60,3,11.974545454545455,f
original_grouping,IGTB514,2,HC-014,music_nnls,300,ratio10,-0.2207236964115416,-0.0699633826025995,-1.603257496918439,0.3090175144788823,0.3321338626128948,0.5382888362729188,-0.2440379273623827,-0.6564869675531295,2708,results/music_external_review/20260917T133518483857Z/reference_arrangement_penalties.csv,67d11393f1ae62361838d60f4aeba6a374e9854a6ea36d10606df46bd45989a9,results/music_external_review/20260917T133518483857Z/review.json,f8bbd3cd9256b33aeb731d98a280a49da00f052fd0d181dcf29d6cb4bc00143d,percentage points,MAE(ratio10) - MAE(balanced),60,3,12.025454545454545,f
original_grouping,IGTB514,2,IGTB1921,music_nnls,300,ratio10,0.0831760328171118,0.2548558738686365,0.4802516442961428,0.0861783648094848,-0.0220651447351607,0.4610071997201084,0.3882339246756053,-0.8945497918634948,2726,results/music_external_review/20260917T133518483857Z/reference_arrangement_penalties.csv,67d11393f1ae62361838d60f4aeba6a374e9854a6ea36d10606df46bd45989a9,results/music_external_review/20260917T133518483857Z/review.json,f8bbd3cd9256b33aeb731d98a280a49da00f052fd0d181dcf29d6cb4bc00143d,percentage points,MAE(ratio10) - MAE(balanced),60,3,12.076363636363636,f
original_grouping,IGTB514,2,IGTB826,music_nnls,300,ratio10,-0.0089778766051283,0.0257405298103506,-0.2838926316885277,0.1544478888971512,0.2707471059532556,-0.2003073809138882,-0.1819322427753534,0.1870700008966,2744,results/music_external_review/20260917T133518483857Z/reference_arrangement_penalties.csv,67d11393f1ae62361838d60f4aeba6a374e9854a6ea36d10606df46bd45989a9,results/music_external_review/20260917T133518483857Z/review.json,f8bbd3cd9256b33aeb731d98a280a49da00f052fd0d181dcf29d6cb4bc00143d,percentage points,MAE(ratio10) - MAE(balanced),60,3,12.127272727272727,f
original_grouping,IGTB514,3,HC-502,music_nnls,300,ratio10,0.0404812344984145,-0.1722726160617118,0.2988849652403672,0.7533798398898772,-0.6448669682930696,-0.8734011692553755,-0.239452422849957,0.9483431622586574,2762,results/music_external_review/20260917T133518483857Z/reference_arrangement_penalties.csv,67d11393f1ae62361838d60f4aeba6a374e9854a6ea36d10606df46bd45989a9,results/music_external_review/20260917T133518483857Z/review.json,f8bbd3cd9256b33aeb731d98a280a49da00f052fd0d181dcf29d6cb4bc00143d,percentage points,MAE(ratio10) - MAE(balanced),60,3,12.178181818181818,f
original_grouping,IGTB514,3,IGTB1966,music_nnls,300,ratio10,0.71823724460652,0.6444308693179052,0.366608412772422,1.6816025149159572,-0.7771839363097713,0.2030314197615607,-0.1578767313604482,2.993241787859386,2780,results/music_external_review/20260917T133518483857Z/reference_arrangement_penalties.csv,67d11393f1ae62361838d60f4aeba6a374e9854a6ea36d10606df46bd45989a9,results/music_external_review/20260917T133518483857Z/review.json,f8bbd3cd9256b33aeb731d98a280a49da00f052fd0d181dcf29d6cb4bc00143d,percentage points,MAE(ratio10) - MAE(balanced),60,3,12.229090909090909,f
original_grouping,IGTB514,3,IGTB498,music_nnls,300,ratio10,0.8940709193548544,1.1342944488055018,0.3123752489746668,0.7362167454046785,1.3248914453188323,1.4035143701421824,0.1595444336998026,1.4278832725889716,2798,results/music_external_review/20260917T133518483857Z/reference_arrangement_penalties.csv,67d11393f1ae62361838d60f4aeba6a374e9854a6ea36d10606df46bd45989a9,results/music_external_review/20260917T133518483857Z/review.json,f8bbd3cd9256b33aeb731d98a280a49da00f052fd0d181dcf29d6cb4bc00143d,percentage points,MAE(ratio10) - MAE(balanced),60,3,12.28,f
original_grouping,IGTB826,0,HC-502,music_nnls,300,ratio10,-0.9862336898033556,-1.2374682787052471,-0.445793836091033,0.0310693973121431,-2.107492059696184,-2.323715661806537,-0.2352325338106736,-0.8362374447278691,2816,results/music_external_review/20260917T133518483857Z/reference_arrangement_penalties.csv,67d11393f1ae62361838d60f4aeba6a374e9854a6ea36d10606df46bd45989a9,results/music_external_review/20260917T133518483857Z/review.json,f8bbd3cd9256b33aeb731d98a280a49da00f052fd0d181dcf29d6cb4bc00143d,percentage points,MAE(ratio10) - MAE(balanced),60,3,12.72,f
original_grouping,IGTB826,0,IGTB1966,music_nnls,300,ratio10,-0.9707189742684008,-1.2683600310164074,-0.3159283808995474,0.4420213822358594,-1.6813289221587102,-2.967863013962205,-0.0516151814960336,-1.2495997293297847,2834,results/music_external_review/20260917T133518483857Z/reference_arrangement_penalties.csv,67d11393f1ae62361838d60f4aeba6a374e9854a6ea36d10606df46bd45989a9,results/music_external_review/20260917T133518483857Z/review.json,f8bbd3cd9256b33aeb731d98a280a49da00f052fd0d181dcf29d6cb4bc00143d,percentage points,MAE(ratio10) - MAE(balanced),60,3,12.770909090909091,f
original_grouping,IGTB826,0,IGTB498,music_nnls,300,ratio10,0.1895690189875531,0.2549436766749664,-0.4576175186941451,0.4225182029151217,0.5058572592649233,0.5735862646368226,0.1101638752050817,-0.0170939694024945,2852,results/music_external_review/20260917T133518483857Z/reference_arrangement_penalties.csv,67d11393f1ae62361838d60f4aeba6a374e9854a6ea36d10606df46bd45989a9,results/music_external_review/20260917T133518483857Z/review.json,f8bbd3cd9256b33aeb731d98a280a49da00f052fd0d181dcf29d6cb4bc00143d,percentage points,MAE(ratio10) - MAE(balanced),60,3,12.821818181818182,f
original_grouping,IGTB826,1,IGTB1506,music_nnls,300,ratio10,0.6724041327199132,0.8407193159823277,-0.1567187095348472,0.3218527438524034,2.6598686773848037,0.7839768410569006,0.0928415508978655,0.3326036926623557,2870,results/music_external_review/20260917T133518483857Z/reference_arrangement_penalties.csv,67d11393f1ae62361838d60f4aeba6a374e9854a6ea36d10606df46bd45989a9,results/music_external_review/20260917T133518483857Z/review.json,f8bbd3cd9256b33aeb731d98a280a49da00f052fd0d181dcf29d6cb4bc00143d,percentage points,MAE(ratio10) - MAE(balanced),60,3,12.872727272727273,f
original_grouping,IGTB826,1,IGTB256,music_nnls,300,ratio10,0.1363827665742647,0.2772971940770674,0.3730824960560507,0.0727195690715948,1.3611284312803265,-0.1203451410401102,-0.0275879928301516,-0.8407007630921165,2888,results/music_external_review/20260917T133518483857Z/reference_arrangement_penalties.csv,67d11393f1ae62361838d60f4aeba6a374e9854a6ea36d10606df46bd45989a9,results/music_external_review/20260917T133518483857Z/review.json,f8bbd3cd9256b33aeb731d98a280a49da00f052fd0d181dcf29d6cb4bc00143d,percentage points,MAE(ratio10) - MAE(balanced),60,3,12.923636363636364,f
original_grouping,IGTB826,1,IGTB514,music_nnls,300,ratio10,0.4980175259348804,0.9054800030971782,0.4485085463658463,-0.2842511324416641,1.9606332319747,1.9398591072270877,0.0950219049150584,-1.171666502431737,2906,results/music_external_review/20260917T133518483857Z/reference_arrangement_penalties.csv,67d11393f1ae62361838d60f4aeba6a374e9854a6ea36d10606df46bd45989a9,results/music_external_review/20260917T133518483857Z/review.json,f8bbd3cd9256b33aeb731d98a280a49da00f052fd0d181dcf29d6cb4bc00143d,percentage points,MAE(ratio10) - MAE(balanced),60,3,12.974545454545455,f
original_grouping,IGTB826,2,IGTB1650,music_nnls,300,ratio10,-0.9513417711338128,-1.1821391888149722,0.1094410359252644,-0.0775531071808513,-1.317649085119278,-2.263785831125737,-0.4119708022317215,-1.7465328370705329,2924,results/music_external_review/20260917T133518483857Z/reference_arrangement_penalties.csv,67d11393f1ae62361838d60f4aeba6a374e9854a6ea36d10606df46bd45989a9,results/music_external_review/20260917T133518483857Z/review.json,f8bbd3cd9256b33aeb731d98a280a49da00f052fd0d181dcf29d6cb4bc00143d,percentage points,MAE(ratio10) - MAE(balanced),60,3,13.025454545454545,f
original_grouping,IGTB826,2,IGTB195,music_nnls,300,ratio10,-0.4384424259885945,-0.572198662669244,0.4636669153872608,0.1898142943764896,-0.873520246594955,-1.2317181626357177,-0.4443207888576065,-0.7345765676070137,2942,results/music_external_review/20260917T133518483857Z/reference_arrangement_penalties.csv,67d11393f1ae62361838d60f4aeba6a374e9854a6ea36d10606df46bd45989a9,results/music_external_review/20260917T133518483857Z/review.json,f8bbd3cd9256b33aeb731d98a280a49da00f052fd0d181dcf29d6cb4bc00143d,percentage points,MAE(ratio10) - MAE(balanced),60,3,13.076363636363636,f
original_grouping,IGTB826,2,IGTB508,music_nnls,300,ratio10,-0.2547290882128867,-0.189557141040355,0.0058570419946208,-0.0316701687729401,0.0474868564053556,-0.1296868310137012,-0.4699520129703404,-0.9504094149202984,2960,results/music_external_review/20260917T133518483857Z/reference_arrangement_penalties.csv,67d11393f1ae62361838d60f4aeba6a374e9854a6ea36d10606df46bd45989a9,results/music_external_review/20260917T133518483857Z/review.json,f8bbd3cd9256b33aeb731d98a280a49da00f052fd0d181dcf29d6cb4bc00143d,percentage points,MAE(ratio10) - MAE(balanced),60,3,13.127272727272727,f
original_grouping,IGTB826,3,HC-014,music_nnls,300,ratio10,0.0193728868404607,0.1231549897392312,-1.3820913841099003,-0.2653235807500407,1.1269855670302893,0.0640416242319545,-0.0031700262148734,0.5757951208553478,2978,results/music_external_review/20260917T133518483857Z/reference_arrangement_penalties.csv,67d11393f1ae62361838d60f4aeba6a374e9854a6ea36d10606df46bd45989a9,results/music_external_review/20260917T133518483857Z/review.json,f8bbd3cd9256b33aeb731d98a280a49da00f052fd0d181dcf29d6cb4bc00143d,percentage points,MAE(ratio10) - MAE(balanced),60,3,13.178181818181818,f
original_grouping,IGTB826,3,HC-572,music_nnls,300,ratio10,-0.0154567746631348,-0.1312281224796594,2.61518021465939,-0.0884096950548042,-1.9545072484847856,-1.083670745985016,0.0481210966028029,0.3705457302836107,2996,results/music_external_review/20260917T133518483857Z/reference_arrangement_penalties.csv,67d11393f1ae62361838d60f4aeba6a374e9854a6ea36d10606df46bd45989a9,results/music_external_review/20260917T133518483857Z/review.json,f8bbd3cd9256b33aeb731d98a280a49da00f052fd0d181dcf29d6cb4bc00143d,percentage points,MAE(ratio10) - MAE(balanced),60,3,13.229090909090909,f
original_grouping,IGTB826,3,IGTB1913,music_nnls,300,ratio10,-0.3304407199860151,-0.5192512845590861,0.3621891277810714,-0.0657227865750394,-0.872067736731804,-1.903947104314363,0.3471071577184945,0.1497970222055568,3014,results/music_external_review/20260917T133518483857Z/reference_arrangement_penalties.csv,67d11393f1ae62361838d60f4aeba6a374e9854a6ea36d10606df46bd45989a9,results/music_external_review/20260917T133518483857Z/review.json,f8bbd3cd9256b33aeb731d98a280a49da00f052fd0d181dcf29d6cb4bc00143d,percentage points,MAE(ratio10) - MAE(balanced),60,3,13.28,f
